chr,type,start,end,strand,gbkey,locus_tag,product,old_ID,Name_Conversion,Notes
CP141118.1,mRNA,3333,4291,-,mRNA,cpbgf_1004000,hypothetical protein,cgd5_4610,no_direct_name,chr_change
CP141118.1,mRNA,4744,5695,-,mRNA,cpbgf_1003990,MEDLE gene family protein,cgd5_4600,no_direct_name,chr_change
CP141118.1,mRNA,5896,7043,-,mRNA,cpbgf_1003980,hypothetical protein,cgd5_4590,no_direct_name,chr_change
CP141118.1,mRNA,9033,9889,-,mRNA,cpbgf_1003970,MEDLE gene family protein,cgd5_4580,no_direct_name,chr_change
CP141118.1,mRNA,17804,18980,+,mRNA,cpbgf_1003960,Uncharacterized protein,cgd5_4570,no_direct_name,chr_change
CP141118.1,mRNA,19232,20449,-,mRNA,cpbgf_1003950,Tryptophan synthase beta chain,cgd5_4560,no_direct_name,chr_change
CP141118.1,mRNA,29678,31145,+,mRNA,cpbgf_1003920,Uncharacterized protein,cgd5_4530,no_direct_name,chr_change
CP141118.1,mRNA,30576,32630,-,mRNA,cpbgf_1003910,GMP synthase,cgd5_4520,no_direct_name,
CP141118.1,mRNA,32995,33783,+,mRNA,cpbgf_1003900,Uncharacterized protein,cgd5_4510,no_direct_name,chr_change
CP141118.1,mRNA,35181,36089,+,mRNA,cpbgf_1003890,Uncharacterized protein,cgd5_4510,no_direct_name,chr_change
CP141118.1,lnc_RNA,38260,41867,+,ncRNA,cpbgf_1003875,lncRNA,None,None,
CP141118.1,rRNA,38269,41713,-,rRNA,cpbgf_1003870,28S ribosomal RNA,None,None,
CP141118.1,rRNA,42887,44633,-,rRNA,cpbgf_1005860,18S ribosomal RNA,None,None,
CP141118.1,snRNA,45017,45522,-,ncRNA,cpbgf_1008,snRNA,None,None,
CP141118.1,mRNA,46918,48919,-,mRNA,cpbgf_10010,membrane associated protein,cgd1_10,direct_name,
CP141118.1,lnc_RNA,49027,49731,+,ncRNA,cpbgf_10013,lncRNA,None,None,
CP141118.1,mRNA,49082,50398,-,mRNA,cpbgf_10020,membrane associated protein,cgd1_20,direct_name,
CP141118.1,lnc_RNA,49957,50342,+,ncRNA,cpbgf_10015,lncRNA,None,None,
CP141118.1,mRNA,50868,56401,+,mRNA,cpbgf_10030,membrane associated protein,cgd1_30,direct_name,
CP141118.1,lnc_RNA,51030,54006,-,ncRNA,cpbgf_10025,lncRNA,None,None,
CP141118.1,mRNA,55971,57221,-,mRNA,cpbgf_10040,UDP-galactose transporter/UAA transporter,cgd1_40,direct_name,
CP141118.1,mRNA,57352,60444,+,mRNA,cpbgf_10050,Tetratricopeptide repeat protein,cgd1_50,direct_name,
CP141118.1,lnc_RNA,58191,61588,-,ncRNA,cpbgf_10065,lncRNA,None,None,
CP141118.1,mRNA,60432,61564,+,mRNA,cpbgf_10060,Cyclin dependent kinase A,cgd1_60,direct_name,
CP141118.1,mRNA,61587,61943,-,mRNA,cpbgf_10070,Uncharacterized protein,cgd1_70,direct_name,
CP141118.1,mRNA,62179,62622,-,mRNA,cpbgf_10080,Uncharacterized protein,cgd1_80,direct_name,
CP141118.1,mRNA,62729,65061,-,mRNA,cpbgf_10090,transcription factor subunit TAF6,cgd1_90,direct_name,
CP141118.1,mRNA,65220,68336,+,mRNA,cpbgf_100100,Uncharacterized protein,cgd1_100,direct_name,
CP141118.1,mRNA,68842,70211,+,mRNA,cpbgf_100110,Signal peptide region containing protein,cgd1_110,direct_name,
CP141118.1,mRNA,71850,73172,+,mRNA,cpbgf_100120,Signal peptide region containing protein,cgd1_120,direct_name,
CP141118.1,mRNA,73288,76290,+,mRNA,cpbgf_100130,Signal peptide region containing protein,cgd1_130,direct_name,
CP141118.1,lnc_RNA,74616,76623,-,ncRNA,cpbgf_100135,lncRNA,None,None,
CP141118.1,mRNA,76687,80332,+,mRNA,cpbgf_100140,putative Secreted Protein (CpLSP gene family),cgd1_140,direct_name,
CP141118.1,mRNA,83322,86482,+,mRNA,cpbgf_100150,putative Secreted Protein (SKSR gene family),cgd1_150,direct_name,
CP141118.1,mRNA,86729,91200,+,mRNA,cpbgf_100160,putative Secreted Protein (SKSR gene family),cgd1_160,direct_name,
CP141118.1,mRNA,93523,94380,+,mRNA,cpbgf_100170,Uncharacterized protein,cgd1_170,direct_name,
CP141118.1,mRNA,94850,96463,+,mRNA,cpbgf_100180,Uncharacterized protein,cgd1_180,direct_name,
CP141118.1,mRNA,96628,98636,+,mRNA,cpbgf_100190,Narf-like protein nuclear prelamin A recognition factor,cgd1_190,direct_name,
CP141118.1,mRNA,98614,99208,+,mRNA,cpbgf_100200,ADP-ribosylation factor family,cgd1_200,direct_name,
CP141118.1,mRNA,99253,99874,-,mRNA,cpbgf_100203,Ribosome biogenesis protein Nop16,cgd1_203,direct_name,
CP141118.1,mRNA,99978,100562,+,mRNA,cpbgf_100210,Uncharacterized protein,cgd1_210,direct_name,
CP141118.1,mRNA,100566,101896,-,mRNA,cpbgf_100220,Glycosylphosphatidylinositol transamidase,cgd1_220,direct_name,
CP141118.1,mRNA,102024,103642,+,mRNA,cpbgf_100230,Glycosyl transferase%2Cfamily 1,cgd1_230,direct_name,
CP141118.1,mRNA,103489,104756,-,mRNA,cpbgf_100240,Signal peptide region containing protein,cgd1_240,direct_name,
CP141118.1,mRNA,104814,106438,-,mRNA,cpbgf_100250,ATP-dependent RNA helicase,cgd1_250,direct_name,
CP141118.1,lnc_RNA,104815,105485,+,ncRNA,cpbgf_100245,lncRNA,None,None,
CP141118.1,mRNA,106634,108042,-,mRNA,cpbgf_100260,Signal peptide region containing protein,cgd1_260,direct_name,
CP141118.1,mRNA,108409,109769,+,mRNA,cpbgf_100270,C2H2-type Zinc finger domain containing protein,cgd1_270,direct_name,
CP141118.1,mRNA,108836,110424,-,mRNA,cpbgf_100280,Short-chain dehydrogenase/reductase SDR,cgd1_280,direct_name,
CP141118.1,mRNA,110518,111984,+,mRNA,cpbgf_100290,Ubiquitin carboxyl-terminal hydrolase/Ubiquitin family,cgd1_290,direct_name,
CP141118.1,mRNA,112001,112578,-,mRNA,cpbgf_100300,40S ribosomal protein S21,cgd1_300,direct_name,
CP141118.1,mRNA,112664,114317,-,mRNA,cpbgf_100310,AP endonuclease 2,cgd1_310,direct_name,
CP141118.1,mRNA,114066,116135,-,mRNA,cpbgf_100320,Oxysterol-binding protein,cgd1_320,direct_name,
CP141118.1,lnc_RNA,114082,115536,+,ncRNA,cpbgf_100315,lncRNA,None,None,
CP141118.1,mRNA,116731,119575,-,mRNA,cpbgf_100330,CDC48 like AAA ATPase,cgd1_330,direct_name,
CP141118.1,mRNA,119714,121477,+,mRNA,cpbgf_100340,machado-Joseph disease protein like domain/UBX domain containing protein,cgd1_340,direct_name,
CP141118.1,mRNA,121806,125294,+,mRNA,cpbgf_100350,RNA recognition motif domain containing protein,cgd1_350,direct_name,
CP141118.1,mRNA,125111,127731,-,mRNA,cpbgf_100360,Nucleolar complex protein 2,cgd1_360,direct_name,
CP141118.1,lnc_RNA,127785,130316,+,ncRNA,cpbgf_100365,lncRNA,None,None,
CP141118.1,mRNA,127905,130323,-,mRNA,cpbgf_100370,carboxypeptidase A with signal peptide region,cgd1_370,direct_name,
CP141118.1,lnc_RNA,130504,131841,+,ncRNA,cpbgf_100385,lncRNA,None,None,
CP141118.1,mRNA,130766,131840,-,mRNA,cpbgf_100380,Ubiquinone biosynthesis protein COQ4,cgd1_380,direct_name,
CP141118.1,mRNA,132496,133474,+,mRNA,cpbgf_100390,Uncharacterized protein,cgd1_390,direct_name,
CP141118.1,mRNA,133424,135911,+,mRNA,cpbgf_100410,CMGC/MAPK group Protein kinase,cgd1_410,direct_name,
CP141118.1,mRNA,135869,136630,-,mRNA,cpbgf_100420,Ubiquitin-conjugating enzyme E2,cgd1_420,direct_name,
CP141118.1,mRNA,137023,138956,+,mRNA,cpbgf_100440,Proteasome subunit beta type,cgd1_440,direct_name,
CP141118.1,mRNA,138190,138934,-,mRNA,cpbgf_100430,emp24/gp25L/p24 family/GOLD domain containing protein,cgd1_430,direct_name,
CP141118.1,mRNA,139288,140528,+,mRNA,cpbgf_100450,Signal peptidase I,cgd1_450,direct_name,
CP141118.1,mRNA,139829,142030,-,mRNA,cpbgf_100455,Uncharacterized protein,cgd1_450,no_direct_name,gene split
CP141118.1,mRNA,142198,144821,-,mRNA,cpbgf_100460,Uncharacterized protein,cgd1_460,direct_name,
CP141118.1,mRNA,144504,149975,+,mRNA,cpbgf_100470,Armadillo-type fold/Signal peptide region containing protein,cgd1_470,direct_name,
CP141118.1,mRNA,148750,150026,-,mRNA,cpbgf_100490,Uncharacterized protein,cgd1_490,direct_name,
CP141118.1,mRNA,150371,151175,-,mRNA,cpbgf_100493,Uncharacterized protein,cgd1_493,direct_name,
CP141118.1,mRNA,151404,153217,+,mRNA,cpbgf_100500,Exonuclease V,cgd1_500,direct_name,
CP141118.1,mRNA,153152,155131,+,mRNA,cpbgf_100510,Uncharacterized protein,cgd1_510,direct_name,
CP141118.1,lnc_RNA,153236,155203,-,ncRNA,cpbgf_100515,lncRNA,None,None,
CP141118.1,mRNA,155273,156546,-,mRNA,cpbgf_100520,V-type proton ATPase proteolipid subunit,cgd1_520,direct_name,
CP141118.1,lnc_RNA,155447,156703,+,ncRNA,cpbgf_100525,lncRNA,None,None,
CP141118.1,mRNA,157014,157501,+,mRNA,cpbgf_100530,H/ACA ribonucleoprotein complex subunit Nop10,cgd1_530,direct_name,
CP141118.1,mRNA,157689,158471,-,mRNA,cpbgf_100540,V-type proton ATPase proteolipid subunit,cgd1_540,direct_name,
CP141118.1,mRNA,159205,160166,-,mRNA,cpbgf_100543,C2H2-type Zinc finger containing protein,cgd1_543,direct_name,
CP141118.1,mRNA,160258,169877,+,mRNA,cpbgf_100550,Uncharacterized protein,cgd1_550,direct_name,
CP141118.1,mRNA,169949,171436,+,mRNA,cpbgf_100560,WD40 protein,cgd1_560,direct_name,
CP141118.1,mRNA,171628,172332,-,mRNA,cpbgf_100570,Translocation protein Sec66,cgd1_570,direct_name,
CP141118.1,mRNA,173436,176716,-,mRNA,cpbgf_100580,Dynamin-like protein,cgd1_580,direct_name,
CP141118.1,mRNA,177489,185360,-,mRNA,cpbgf_100590,Uncharacterized protein,cgd1_590,direct_name,
CP141118.1,mRNA,185515,187120,-,mRNA,cpbgf_100600,Oxoglutarate/malate translocator protein,cgd1_600,direct_name,
CP141118.1,mRNA,187188,189035,+,mRNA,cpbgf_100610,U3 small nucleolar RNA-associated protein 11,cgd1_610,direct_name,
CP141118.1,mRNA,188193,189761,+,mRNA,cpbgf_100620,Uncharacterized protein,cgd1_620,direct_name,
CP141118.1,mRNA,189733,191476,+,mRNA,cpbgf_100630,Uncharacterized protein,cgd1_630,direct_name,
CP141118.1,mRNA,191501,195970,-,mRNA,cpbgf_100640,Signal peptide region containing protein,cgd1_640,direct_name,
CP141118.1,lnc_RNA,193763,196157,+,ncRNA,cpbgf_100643,lncRNA,None,None,
CP141118.1,lnc_RNA,196671,196935,+,ncRNA,cpbgf_100647,lncRNA,None,None,
CP141118.1,tRNA,196673,196771,-,tRNA,cpbgf_100645,tRNA-Leu,None,None,
CP141118.1,mRNA,197074,200895,-,mRNA,cpbgf_100650,putative Secreted Protein (CpLSP gene family),cgd1_650,direct_name,
CP141118.1,mRNA,201263,203390,-,mRNA,cpbgf_100660,Signal peptide region containing protein,cgd1_660,direct_name,
CP141118.1,mRNA,202831,207252,+,mRNA,cpbgf_100670,Signal peptide region containing protein,cgd1_670,direct_name,
CP141118.1,mRNA,207450,209410,-,mRNA,cpbgf_100680,Uncharacterized protein,cgd1_680,direct_name,
CP141118.1,mRNA,209436,211409,+,mRNA,cpbgf_100690,Uncharacterized protein,cgd1_690,direct_name,
CP141118.1,mRNA,211471,216061,+,mRNA,cpbgf_100700,ABC transporter,cgd1_700,direct_name,
CP141118.1,mRNA,215853,219678,-,mRNA,cpbgf_100710,Coiled coil protein,cgd1_710,direct_name,
CP141118.1,mRNA,219978,220790,+,mRNA,cpbgf_100720,HAD-like domain containing protein,cgd1_720,direct_name,
CP141118.1,mRNA,220775,221916,-,mRNA,cpbgf_100730,Glutamine cyclotransferase,cgd1_730,direct_name,
CP141118.1,mRNA,222029,222922,-,mRNA,cpbgf_100733,hypothetical protein,cgd1_733,direct_name,
CP141118.1,mRNA,223230,224506,+,mRNA,cpbgf_100740,SPRY/Peptidase C14 p20 domain containing protein,cgd1_740,direct_name,
CP141118.1,mRNA,225064,240804,+,mRNA,cpbgf_100750,Dynein heavy chain,cgd1_750,direct_name,
CP141118.1,mRNA,240980,243799,-,mRNA,cpbgf_100760,Dual specificity phosphatase,cgd1_760,direct_name,
CP141118.1,lnc_RNA,241165,243758,+,ncRNA,cpbgf_100755,lncRNA,None,None,
CP141118.1,mRNA,243976,245627,+,mRNA,cpbgf_100770,Tetratricopeptide-like helical protein,cgd1_770,direct_name,
CP141118.1,lnc_RNA,244660,246106,-,ncRNA,cpbgf_100775,lncRNA,None,None,
CP141118.1,mRNA,246453,247397,+,mRNA,cpbgf_100780,Uncharacterized protein,cgd1_780,direct_name,
CP141118.1,mRNA,247610,252540,+,mRNA,cpbgf_100790,Uncharacterized protein,cgd1_790,direct_name,
CP141118.1,mRNA,252935,255388,+,mRNA,cpbgf_100800,Protein disulfide isomerase,cgd1_800,direct_name,
CP141118.1,mRNA,255451,257362,-,mRNA,cpbgf_100810,Protein kinase,cgd1_810,direct_name,
CP141118.1,mRNA,258320,260771,+,mRNA,cpbgf_100820,Palmitoyltransferase,cgd1_820,direct_name,
CP141118.1,lnc_RNA,258366,259586,-,ncRNA,cpbgf_100813,lncRNA,None,None,
CP141118.1,lnc_RNA,259721,260742,-,ncRNA,cpbgf_100815,lncRNA,None,None,
CP141118.1,mRNA,260941,264164,+,mRNA,cpbgf_100830,Sen1p/ NAM7 like superfamily I RNA helicase,cgd1_830,direct_name,
CP141118.1,mRNA,264375,265306,-,mRNA,cpbgf_100840,Meiotic nuclear division protein 1,cgd1_840,direct_name,
CP141118.1,mRNA,265562,266107,-,mRNA,cpbgf_100843,Uncharacterized protein,cgd1_843,direct_name,
CP141118.1,mRNA,266710,267469,+,mRNA,cpbgf_100850,40S ribosomal protein S19,cgd1_850,direct_name,
CP141118.1,mRNA,267631,268192,-,mRNA,cpbgf_100860,Ubiquitin domain containing protein,cgd1_860,direct_name,
CP141118.1,mRNA,268338,269585,-,mRNA,cpbgf_100870,Peptidyl-prolyl cis-trans isomerase,cgd1_870,direct_name,
CP141118.1,mRNA,269770,271143,+,mRNA,cpbgf_100880,Eukaryotic initiation factor 4A,cgd1_880,direct_name,
CP141118.1,mRNA,271652,276120,-,mRNA,cpbgf_100890,Protein kinase domain containing protein,cgd1_890,direct_name,
CP141118.1,mRNA,276202,276519,+,mRNA,cpbgf_100900,Uncharacterized protein,cgd1_900,direct_name,
CP141118.1,tRNA,276985,277067,+,tRNA,cpbgf_100905,tRNA-Lys,None,None,
CP141118.1,mRNA,277798,278874,+,mRNA,cpbgf_100910,AN1-type and A20-type Zinc finger,cgd1_910,direct_name,
CP141118.1,mRNA,279165,281067,+,mRNA,cpbgf_100920,Actin,cgd1_920,direct_name,
CP141118.1,mRNA,281540,282502,+,mRNA,cpbgf_100930,U2 snrnp-specific A protein,cgd1_930,direct_name,
CP141118.1,mRNA,282635,283301,-,mRNA,cpbgf_100940,Uncharacterized protein,cgd1_940,direct_name,
CP141118.1,mRNA,284207,285816,+,mRNA,cpbgf_100950,Ankyrin repeat protein,cgd1_950,direct_name,
CP141118.1,mRNA,285863,288039,-,mRNA,cpbgf_100960,RING finger containing protein,cgd1_960,direct_name,
CP141118.1,mRNA,289311,292122,+,mRNA,cpbgf_100970,RING finger containing protein,cgd1_970,direct_name,
CP141118.1,lnc_RNA,292723,293100,+,ncRNA,cpbgf_100975,lncRNA,None,None,
CP141118.1,mRNA,293228,295345,-,mRNA,cpbgf_100980,RNase L inhibitor-like protein,cgd1_980,direct_name,
CP141118.1,mRNA,295829,299401,-,mRNA,cpbgf_100990,Pyridine nucleotide/ NAD(P) transhydrogenase alpha plus beta subunit,cgd1_990,direct_name,
CP141118.1,lnc_RNA,295829,297572,+,ncRNA,cpbgf_100985,lncRNA,None,None,
CP141118.1,lnc_RNA,299568,300246,+,ncRNA,cpbgf_100995,lncRNA,None,None,
CP141118.1,mRNA,299637,300623,-,mRNA,cpbgf_1001000,Uncharacterized protein,cgd1_1000,direct_name,
CP141118.1,mRNA,301444,302216,+,mRNA,cpbgf_1001010,Uncharacterized protein,cgd1_1010,direct_name,
CP141118.1,mRNA,302622,303669,+,mRNA,cpbgf_1001020,Ribonuclease H2 subunit B,cgd1_1023,no_direct_name,consistency
CP141118.1,mRNA,303728,306021,-,mRNA,cpbgf_1001030,Uncharacterized protein,cgd1_1040,no_direct_name,gene split
CP141118.1,mRNA,306808,307434,+,mRNA,cpbgf_1001040,TB2/DP1/HVA22-related protein,cgd1_1040,direct_name,
CP141118.1,mRNA,306873,310542,-,mRNA,cpbgf_1001050,Armadillo-type fold protein,cgd1_1050,direct_name,
CP141118.1,mRNA,311038,311414,+,mRNA,cpbgf_1001060,hypothetical protein,cgd1_1060,direct_name,
CP141118.1,mRNA,311386,312044,-,mRNA,cpbgf_1001070,Uncharacterized protein,cgd1_1070,direct_name,
CP141118.1,mRNA,312155,313183,+,mRNA,cpbgf_1001080,Alpha beta hydrolase,cgd1_1080,direct_name,
CP141118.1,mRNA,313348,315840,+,mRNA,cpbgf_1001090,Uncharacterized protein,cgd1_1090,direct_name,
CP141118.1,mRNA,316259,319883,+,mRNA,cpbgf_1001100,X-Pro dipeptidyl-peptidase,cgd1_1100,direct_name,
CP141118.1,mRNA,320083,321757,+,mRNA,cpbgf_1001110,Phosphatidyl serine synthase,cgd1_1110,direct_name,
CP141118.1,mRNA,322209,324127,+,mRNA,cpbgf_1001120,ENTH domain containing protein,cgd1_1120,direct_name,
CP141118.1,mRNA,324367,325202,+,mRNA,cpbgf_1001130,SF-assemblin/beta giardin domain-containing protein,cgd1_1130,direct_name,
CP141118.1,mRNA,325005,327312,-,mRNA,cpbgf_1001150,Uncharacterized protein,cgd1_1150,direct_name,
CP141118.1,mRNA,325380,326563,+,mRNA,cpbgf_1001140,Acyl-CoA-binding protein ACBP with Ankyrin repeat,cgd1_1140,direct_name,
CP141118.1,mRNA,327506,328399,+,mRNA,cpbgf_1001160,Signal peptide region containing protein,cgd1_1160,direct_name,
CP141118.1,mRNA,328559,329683,-,mRNA,cpbgf_1001170,Ubiquitin carboxyl-terminal hydrolase,cgd1_1170,direct_name,
CP141118.1,mRNA,329805,333006,-,mRNA,cpbgf_1001190,RAD54 like SWI/SNF2 ATpase,cgd1_1190,direct_name,
CP141118.1,mRNA,332603,332926,+,mRNA,cpbgf_1001180,Uncharacterized protein,cgd1_1180,direct_name,
CP141118.1,mRNA,333140,336095,-,mRNA,cpbgf_1001210,Uncharacterized protein,cgd1_1210,direct_name,
CP141118.1,mRNA,333253,335658,+,mRNA,cpbgf_1001200,Uncharacterized protein,cgd1_1200,direct_name,
CP141118.1,mRNA,336613,339586,+,mRNA,cpbgf_1001220,Serine/threonine-protein kinase,cgd1_1220,direct_name,
CP141118.1,lnc_RNA,336953,338907,-,ncRNA,cpbgf_1001215,lncRNA,None,None,
CP141118.1,mRNA,339119,342316,-,mRNA,cpbgf_1001230,Signal peptide region containing protein,cgd1_1230,direct_name,
CP141118.1,lnc_RNA,342446,344468,+,ncRNA,cpbgf_1001235,lncRNA,None,None,
CP141118.1,mRNA,342670,344534,-,mRNA,cpbgf_1001240,Sec14 domain containing protein,cgd1_1240,direct_name,
CP141118.1,lnc_RNA,344586,348381,-,ncRNA,cpbgf_1001245,lncRNA,None,None,
CP141118.1,mRNA,344846,352711,+,mRNA,cpbgf_1001250,putative Secreted Protein (CpLSP gene family),cgd1_1250,direct_name,
CP141118.1,mRNA,351008,355158,-,mRNA,cpbgf_1001270,Uncharacterized protein,cgd1_1270,direct_name,
CP141118.1,mRNA,353739,355122,+,mRNA,cpbgf_1001260,PPPDE peptidase/PUB domain containing protein,cgd1_1260,direct_name,
CP141118.1,mRNA,355302,356787,+,mRNA,cpbgf_1001280,K-homology type RNA binding protein,cgd1_1280,direct_name,
CP141118.1,mRNA,355306,361438,-,mRNA,cpbgf_1001300,Spindly like TPR repeat containing protein,cgd1_1300,direct_name,
CP141118.1,mRNA,356807,358047,+,mRNA,cpbgf_1001290,Apicomplexa specific secreted protein Pf (23508265),cgd1_1290,direct_name,
CP141118.1,mRNA,360515,362979,+,mRNA,cpbgf_1001310,Cleavage stimulation factor with RNA recognition motif domain,cgd1_1310,direct_name,
CP141118.1,mRNA,363104,363830,+,mRNA,cpbgf_1001320,Developmental protein,cgd1_1320,direct_name,
CP141118.1,mRNA,364151,366870,+,mRNA,cpbgf_1001330,SWI/SNF-related matrix associated actin-dependent regulator of chromatin subfamily A with DEAD/H box 1,cgd1_1330,direct_name,
CP141118.1,mRNA,366425,369963,-,mRNA,cpbgf_1001340,VDP/USO1/YBL047C family vesicular transport factor,cgd1_1340,direct_name,
CP141118.1,mRNA,370056,372486,+,mRNA,cpbgf_1001350,ATM1-like ABC transporter,cgd1_1350,direct_name,
CP141118.1,mRNA,372472,373017,-,mRNA,cpbgf_1001360,ABC-transporter,cgd1_1360,direct_name,
CP141118.1,mRNA,373462,374407,-,mRNA,cpbgf_1001370,EF-hand domain containing protein,cgd1_1370,direct_name,
CP141118.1,mRNA,374517,375767,-,mRNA,cpbgf_1001380,Palmitoyltransferase,cgd1_1380,direct_name,
CP141118.1,mRNA,375882,377550,+,mRNA,cpbgf_1001390,Uncharacterized protein,cgd1_1390,direct_name,
CP141118.1,mRNA,377520,380583,-,mRNA,cpbgf_1001400,Uncharacterized protein,cgd1_1400,direct_name,
CP141118.1,mRNA,380705,381885,+,mRNA,cpbgf_1001410,Uncharacterized protein,cgd1_1410,direct_name,
CP141118.1,mRNA,381983,383951,-,mRNA,cpbgf_1001420,DNA repair and meiosis protein Mre11,cgd1_1420,direct_name,
CP141118.1,mRNA,383969,386120,+,mRNA,cpbgf_1001440,Uncharacterized protein,cgd1_1433,no_direct_name,Consistency
CP141118.1,mRNA,385371,388120,-,mRNA,cpbgf_1001450,Signal peptide region containing protein,cgd1_1450,direct_name,
CP141118.1,mRNA,387774,391696,+,mRNA,cpbgf_1001460,Uncharacterized protein,cgd1_1460,direct_name,
CP141118.1,lnc_RNA,389169,391653,-,ncRNA,cpbgf_1001455,lncRNA,None,None,
CP141118.1,mRNA,391717,394831,+,mRNA,cpbgf_1001470,Uncharacterized protein,cgd1_1470,direct_name,
CP141118.1,mRNA,393885,394865,-,mRNA,cpbgf_1001480,membrane associated protein,cgd1_1480,direct_name,
CP141118.1,lnc_RNA,394897,396592,+,ncRNA,cpbgf_1001485,lncRNA,None,None,
CP141118.1,mRNA,395107,397068,-,mRNA,cpbgf_1001490,NEK2 protein,cgd1_1490,direct_name,
CP141118.1,mRNA,397034,397993,+,mRNA,cpbgf_1001500,Uncharacterized protein,cgd1_1500,direct_name,
CP141118.1,mRNA,397567,398922,-,mRNA,cpbgf_1001510,Signal peptide region containing protein,cgd1_1510,direct_name,
CP141118.1,mRNA,399376,408472,+,mRNA,cpbgf_1001520,Extracellular membrane associated protein with signal peptide/EGF domai/ephrin-receptor like domain,cgd1_1520,direct_name,
CP141118.1,mRNA,408568,410351,-,mRNA,cpbgf_1001530,Rpn5 like 26S proteasomal regulatory subunit 12 with PCI domain,cgd1_1530,direct_name,
CP141118.1,mRNA,410583,412898,-,mRNA,cpbgf_1001540,Dynein intermediate chain,cgd1_1540,direct_name,
CP141118.1,mRNA,413220,415368,+,mRNA,cpbgf_1001550,Uncharacterized protein,cgd1_1550,direct_name,
CP141118.1,mRNA,415359,416714,-,mRNA,cpbgf_1001560,transcription factor E2F/dimerization partner (TDP),cgd1_1560,direct_name,
CP141118.1,mRNA,416823,418816,+,mRNA,cpbgf_1001570,Uncharacterized Protein,cgd1_1570,direct_name,
CP141118.1,mRNA,418852,421798,-,mRNA,cpbgf_1001580,CCCH-type Zinc finger protein,cgd1_1580,direct_name,
CP141118.1,mRNA,422180,423520,+,mRNA,cpbgf_1001590,Uncharacterized protein,cgd1_1590,direct_name,
CP141118.1,mRNA,423525,423940,+,mRNA,cpbgf_1001600,HIT-like domain containing protein,cgd1_1600,direct_name,
CP141118.1,mRNA,424028,426447,+,mRNA,cpbgf_1001610,Uncharacterized protein,cgd1_1610,direct_name,
CP141118.1,mRNA,425544,426605,-,mRNA,cpbgf_1001620,RPB7 like OB fold RNA polymerase subunit,cgd1_1620,direct_name,
CP141118.1,tRNA,426601,426711,-,tRNA,cpbgf_1001623,tRNA-His,None,None,
CP141118.1,lnc_RNA,426693,427478,+,ncRNA,cpbgf_1001625,lncRNA,None,None,
CP141118.1,mRNA,426748,428004,-,mRNA,cpbgf_1001630,Uncharacterized protein,cgd1_1630,direct_name,
CP141118.1,mRNA,428062,437162,+,mRNA,cpbgf_1001640,PHD-finger/AT hook containing chromatin protein,cgd1_1640,direct_name,
CP141118.1,mRNA,437208,438038,+,mRNA,cpbgf_1001650,Uncharacterized protein,cgd1_1650,direct_name,
CP141118.1,mRNA,438005,438596,-,mRNA,cpbgf_1001660,60S ribosomal protein L36,cgd1_1660,direct_name,
CP141118.1,mRNA,438696,440429,+,mRNA,cpbgf_1001670,Bystin/En1p like adaptor domain containing protein,cgd1_1670,direct_name,
CP141118.1,mRNA,439779,443459,-,mRNA,cpbgf_1001680,Insulinase like protease,cgd1_1680,direct_name,
CP141118.1,mRNA,443603,445897,-,mRNA,cpbgf_1001690,PHD finger containing protein,cgd1_1690,direct_name,
CP141118.1,mRNA,446001,448993,-,mRNA,cpbgf_1001700,GATA zinc finger/AT hook containing protein,cgd1_1700,direct_name,
CP141118.1,lnc_RNA,446013,447972,+,ncRNA,cpbgf_1001695,lncRNA,None,None,
CP141118.1,mRNA,449016,449958,-,mRNA,cpbgf_1001710,Phosphoglycerate mutase,cgd1_1710,direct_name,
CP141118.1,mRNA,450032,455651,+,mRNA,cpbgf_1001720,SpoU type tRNA/rRNA methyltransferase,cgd1_1720,direct_name,
CP141118.1,mRNA,454884,456756,-,mRNA,cpbgf_1001730,haloacid dehalogenase-like hydrolase,cgd1_1730,direct_name,
CP141118.1,mRNA,456817,457689,-,mRNA,cpbgf_1001740,DDRGK domain containing protein,cgd1_1740,direct_name,
CP141118.1,mRNA,457792,459330,+,mRNA,cpbgf_1001750,putative transmembrane Protein,cgd1_1750,direct_name,
CP141118.1,mRNA,458794,460460,-,mRNA,cpbgf_1001760,Cdc50p like membrane protein,cgd1_1760,direct_name,
CP141118.1,mRNA,460595,461147,-,mRNA,cpbgf_1001770,Rab5-interacting protein,cgd1_1770,direct_name,
CP141118.1,mRNA,461105,462702,-,mRNA,cpbgf_1001780,Uncharacterized protein,cgd1_1780,direct_name,
CP141118.1,lnc_RNA,461225,465366,+,ncRNA,cpbgf_1001795,lncRNA,None,None,
CP141118.1,mRNA,463128,465312,-,mRNA,cpbgf_1001790,RING domain containing membrane associated protein,cgd1_1790,direct_name,
CP141118.1,mRNA,465333,466872,-,mRNA,cpbgf_1001800,Transducin/WD-40 repeat containing protein,cgd1_1800,direct_name,
CP141118.1,mRNA,467059,469080,+,mRNA,cpbgf_1001810,Uncharacterized protein,cgd1_1810,direct_name,
CP141118.1,mRNA,469032,470667,-,mRNA,cpbgf_1001820,putative transmembrane Protein,cgd1_1820,direct_name,
CP141118.1,mRNA,470739,471699,+,mRNA,cpbgf_1001830,TB2/DP1/HVA22 family integral membrane protein,cgd1_1830,direct_name,
CP141118.1,mRNA,471709,474664,+,mRNA,cpbgf_1001840,Chromatin assembly factor 1 subunit A,cgd1_1840,direct_name,
CP141118.1,lnc_RNA,472618,474702,-,ncRNA,cpbgf_1001845,lncRNA,None,None,
CP141118.1,mRNA,474633,475082,-,mRNA,cpbgf_1001850,G-patch domain containing protein,cgd1_1850,direct_name,
CP141118.1,mRNA,475187,476595,+,mRNA,cpbgf_1001860,translation initiation factor eIF-2B alpha subunit,cgd1_1860,direct_name,
CP141118.1,mRNA,476648,479234,+,mRNA,cpbgf_1001880,Uncharacterized protein,cgd1_1880,direct_name,
CP141118.1,mRNA,478344,479200,-,mRNA,cpbgf_1001870,Uncharacterized protein,cgd1_1870,direct_name,
CP141118.1,mRNA,479268,480113,+,mRNA,cpbgf_1001890,Longin domain-containing Synaptobrevin,cgd1_1890,direct_name,
CP141118.1,lnc_RNA,479447,480954,-,ncRNA,cpbgf_1001895,lncRNA,None,None,
CP141118.1,mRNA,480160,480975,+,mRNA,cpbgf_1001900,Fur1p like uracil phosphoribosyltransferase,cgd1_1900,direct_name,
CP141118.1,mRNA,481148,482148,+,mRNA,cpbgf_1001910,DnaJ domain containing protein,cgd1_1910,direct_name,
CP141118.1,lnc_RNA,481555,482165,-,ncRNA,cpbgf_1001915,lncRNA,None,None,
CP141118.1,mRNA,482250,496178,+,mRNA,cpbgf_1001920,HECT/SPRY domain containing protein,cgd1_1920,direct_name,
CP141118.1,lnc_RNA,496158,497839,-,ncRNA,cpbgf_1001925,lncRNA,None,None,
CP141118.1,mRNA,496281,498513,+,mRNA,cpbgf_1001940,Histone-binding protein RBBP4/WD40 repeat containing protein,cgd1_1940,direct_name,
CP141118.1,mRNA,497913,498470,+,mRNA,cpbgf_1001930,Ran-interacting Mog1 protein,cgd1_1930,direct_name,
CP141118.1,mRNA,498489,499782,-,mRNA,cpbgf_1001950,RING-type Zinc finger and CDC48 domain 2 protein,cgd1_1950,direct_name,
CP141118.1,mRNA,499873,500510,-,mRNA,cpbgf_1001960,RNA polymerase III subunit Rpc25,cgd1_1960,direct_name,
CP141118.1,mRNA,500797,503364,-,mRNA,cpbgf_1001970,Golgi apparatus membrane protein TVP15,cgd1_1970,direct_name,
CP141118.1,mRNA,502159,503785,+,mRNA,cpbgf_1001980,Protein farnesyltransferase subunit beta/PFTB repeat,cgd1_1980,direct_name,
CP141118.1,lnc_RNA,502516,503397,-,ncRNA,cpbgf_1001975,lncRNA,None,None,
CP141118.1,mRNA,503824,504889,+,mRNA,cpbgf_1001990,tRNA(His) guanylyltransferase,cgd1_1990,direct_name,
CP141118.1,mRNA,504917,507201,+,mRNA,cpbgf_1002000,Utp14 protein,cgd1_2000,direct_name,
CP141118.1,mRNA,507139,509094,-,mRNA,cpbgf_1002010,Uncharacterized protein,cgd1_2010,direct_name,
CP141118.1,mRNA,508688,510345,-,mRNA,cpbgf_1002020,Uncharacterized protein,cgd1_2020,direct_name,
CP141118.1,mRNA,510269,512021,-,mRNA,cpbgf_1002030,Transmembrane protein TauE-like,cgd1_2030,direct_name,
CP141118.1,lnc_RNA,510390,511217,+,ncRNA,cpbgf_1002025,lncRNA,None,None,
CP141118.1,lnc_RNA,512074,515529,+,ncRNA,cpbgf_1002055,lncRNA,None,None,
CP141118.1,mRNA,512177,513828,-,mRNA,cpbgf_1002040,Pyruvate kinase,cgd1_2040,direct_name,
CP141118.1,mRNA,513852,515343,-,mRNA,cpbgf_1002050,WD40 repeat protein,cgd1_2050,direct_name,
CP141118.1,mRNA,515362,516253,-,mRNA,cpbgf_1002060,Rab1 GTPase,cgd1_2060,direct_name,
CP141118.1,mRNA,516586,518679,+,mRNA,cpbgf_1002070,Uncharacterized protein,cgd1_2070,direct_name,
CP141118.1,mRNA,517736,519141,-,mRNA,cpbgf_1002080,Uncharacterized protein,cgd1_2080,direct_name,
CP141118.1,mRNA,519131,520296,-,mRNA,cpbgf_1002090,Uncharacterized protein,cgd1_2090,direct_name,
CP141118.1,lnc_RNA,519149,520405,+,ncRNA,cpbgf_1002093,lncRNA,None,None,
CP141118.1,lnc_RNA,520387,521984,+,ncRNA,cpbgf_1002095,lncRNA,None,None,
CP141118.1,mRNA,520690,522453,-,mRNA,cpbgf_1002100,Alpha-1%2C3-glucosyltransferase,cgd1_2100,direct_name,
CP141118.1,mRNA,522637,527360,+,mRNA,cpbgf_1002110,Protein kinase with WD40 repeat,cgd1_2110,direct_name,
CP141118.1,mRNA,526258,530423,+,mRNA,cpbgf_1002120,Armadillo-type fold containing protein,cgd1_2120,direct_name,
CP141118.1,mRNA,528869,532493,-,mRNA,cpbgf_1002130,Glutamine-tRNA synthetase,cgd1_2130,direct_name,
CP141118.1,mRNA,532459,533304,-,mRNA,cpbgf_1002140,Uncharacterized protein,cgd1_2140,direct_name,
CP141118.1,mRNA,532464,535583,-,mRNA,cpbgf_1002150,GYF domain containing protein,cgd1_2150,direct_name,
CP141118.1,mRNA,535546,537795,-,mRNA,cpbgf_1002160,GYF domain containing protein,cgd1_2160,direct_name,
CP141118.1,mRNA,537858,539074,-,mRNA,cpbgf_1002170,SET domain containing protein,cgd1_2170,direct_name,
CP141118.1,mRNA,539097,540995,+,mRNA,cpbgf_1002180,CDC48 like AAA ATPase,cgd1_2180,direct_name,
CP141118.1,lnc_RNA,540852,544100,-,ncRNA,cpbgf_1002195,lncRNA,None,None,
CP141118.1,mRNA,541049,544077,+,mRNA,cpbgf_1002190,K+/H+ antiporte,cgd1_2190,direct_name,
CP141118.1,mRNA,544192,545565,+,mRNA,cpbgf_1002200,Uncharacterized protein,cgd1_2200,direct_name,
CP141118.1,mRNA,545371,546147,-,mRNA,cpbgf_1002210,Uncharacterized protein,cgd1_2210,direct_name,
CP141118.1,mRNA,546163,548288,+,mRNA,cpbgf_1002230,Uncharacterized protein,cgd1_2230,direct_name,
CP141118.1,mRNA,546559,548205,-,mRNA,cpbgf_1002220,cytosolic iron-sulfur protein assembly protein CIAO-like protein,cgd1_2220,direct_name,
CP141118.1,lnc_RNA,548438,549718,-,ncRNA,cpbgf_1002235,lncRNA,None,None,
CP141118.1,mRNA,548578,549963,+,mRNA,cpbgf_1002240,Aspartic peptidase A1 family protein,cgd1_2240,direct_name,
CP141118.1,mRNA,549825,550387,-,mRNA,cpbgf_1002250,LSM domain containing protein,cgd1_2250,direct_name,
CP141118.1,mRNA,550420,550854,+,mRNA,cpbgf_1002260,RNA polymerase II B8 subunit,cgd1_2260,direct_name,
CP141118.1,mRNA,550941,551577,-,mRNA,cpbgf_1002270,40S ribosomal protein S26,cgd1_2270,direct_name,
CP141118.1,mRNA,551597,554725,+,mRNA,cpbgf_1002290,Uncharacterized protein,cgd1_2290,direct_name,
CP141118.1,mRNA,551598,552348,-,mRNA,cpbgf_1002280,DnaJ domain containing protein,cgd1_2280,direct_name,
CP141118.1,mRNA,554799,555055,+,mRNA,cpbgf_1002293,hypothetical protein,cgd1_2293,direct_name,
CP141118.1,mRNA,555356,560149,+,mRNA,cpbgf_1002300,putative transmembrane Protein,cgd1_2300,direct_name,
CP141118.1,lnc_RNA,559920,561455,-,ncRNA,cpbgf_1002305,lncRNA,None,None,
CP141118.1,mRNA,560269,561460,+,mRNA,cpbgf_1002310,RNA-binding protein Lupus,cgd1_2310,direct_name,
CP141118.1,mRNA,561127,563191,-,mRNA,cpbgf_1002320,Cyclin B,cgd1_2320,direct_name,
CP141118.1,mRNA,563355,564794,+,mRNA,cpbgf_1002330,SANT domain containing protein,cgd1_2330,direct_name,
CP141118.1,mRNA,564842,565931,+,mRNA,cpbgf_1002340,Rad1/Rec1/Rad17,cgd1_2340,direct_name,
CP141118.1,mRNA,565833,567743,-,mRNA,cpbgf_1002350,Uncharacterized protein,cgd1_2350,direct_name,
CP141118.1,mRNA,567788,569076,+,mRNA,cpbgf_1002360,Serine/threonine-protein phosphatase,cgd1_2360,direct_name,
CP141118.1,mRNA,568941,569990,-,mRNA,cpbgf_1002370,Mitochondrial carrier domain containing protein,cgd1_2370,direct_name,
CP141118.1,mRNA,570316,572406,+,mRNA,cpbgf_1002380,WD40-repeat protein,cgd1_2380,direct_name,
CP141118.1,lnc_RNA,571064,573647,-,ncRNA,cpbgf_1002385,lncRNA,None,None,
CP141118.1,mRNA,572714,573705,+,mRNA,cpbgf_1002390,Uncharacterized protein,cgd1_2390,direct_name,
CP141118.1,mRNA,573740,574946,+,mRNA,cpbgf_1002400,putative secreted protein,cgd1_2400,direct_name,
CP141118.1,mRNA,574985,575730,+,mRNA,cpbgf_1002410,hypothetical protein,cgd1_2410,direct_name,
CP141118.1,lnc_RNA,575013,575614,-,ncRNA,cpbgf_1002403,lncRNA,None,None,
CP141118.1,mRNA,575752,580021,+,mRNA,cpbgf_1002420,Uncharacterized protein,cgd1_2420,direct_name,
CP141118.1,lnc_RNA,577192,579162,-,ncRNA,cpbgf_1002415,lncRNA,None,None,
CP141118.1,mRNA,579137,580424,+,mRNA,cpbgf_1002430,YrdC-like/ Putative GTP-binding controlling metal-binding domain containing protein,cgd1_2430,direct_name,
CP141118.1,mRNA,580497,581926,+,mRNA,cpbgf_1002440,ARP3 actin related protein,cgd1_2440,direct_name,
CP141118.1,mRNA,581550,586419,-,mRNA,cpbgf_1002450,ELP3-like acetyltransferase,cgd1_2450,direct_name,
CP141118.1,mRNA,581760,583986,+,mRNA,cpbgf_1002445,putative signal peptide-containing protein,cgd1_2440,no_direct_name,gene split
CP141118.1,mRNA,586585,587779,+,mRNA,cpbgf_1002460,Uncharacterized protein,cgd1_2460,direct_name,
CP141118.1,mRNA,587164,589007,-,mRNA,cpbgf_1002470,Serine/threonine-protein phosphatase 2A activator,cgd1_2470,direct_name,
CP141118.1,mRNA,588900,590777,+,mRNA,cpbgf_1002480,Actin family,cgd1_2480,direct_name,
CP141118.1,mRNA,590795,591768,+,mRNA,cpbgf_1002490,Proteasome subunit beta type,cgd1_2490,direct_name,
CP141118.1,mRNA,591823,594155,+,mRNA,cpbgf_1002500,Signal recognition particle SPR68,cgd1_2500,direct_name,
CP141118.1,mRNA,593539,595520,-,mRNA,cpbgf_1002510,Uncharacterized protein,cgd1_2510,direct_name,
CP141118.1,mRNA,594828,596223,-,mRNA,cpbgf_1002520,Uncharacterized protein,cgd1_2520,direct_name,
CP141118.1,mRNA,596413,600354,+,mRNA,cpbgf_1002530,TRAFAC type P-loop Gtpase with Kinesin motor domain,cgd1_2530,direct_name,
CP141118.1,mRNA,599799,604135,+,mRNA,cpbgf_1002540,Filamin repeat/Immunoglobulin-like fold containing protein,cgd1_2540,direct_name,
CP141118.1,mRNA,604258,604794,+,mRNA,cpbgf_1002550,Ctr copper transporter,cgd1_2550,direct_name,
CP141118.1,lnc_RNA,604586,604852,-,ncRNA,cpbgf_1002555,lncRNA,None,None,
CP141118.1,mRNA,604866,607514,+,mRNA,cpbgf_1002560,Tom40p like translocase,cgd1_2560,direct_name,
CP141118.1,mRNA,607191,611951,+,mRNA,cpbgf_1002570,Alpha/Beta hydrolase fold-containing protein,cgd1_2570,direct_name,
CP141118.1,mRNA,612097,612840,+,mRNA,cpbgf_1002580,small GTPase Arf family protein,cgd1_2580,direct_name,
CP141118.1,mRNA,612468,613685,-,mRNA,cpbgf_1002590,CHY/RING-type zinc finger containing PGPD14 protein,cgd1_2590,direct_name,
CP141118.1,mRNA,613764,616177,+,mRNA,cpbgf_1002600,Transcription factor TAF5p/TBP associated protein,cgd1_2600,direct_name,
CP141118.1,mRNA,616326,622589,+,mRNA,cpbgf_1002620,Uncharacterized protein,cgd1_2620,direct_name,
CP141118.1,lnc_RNA,617688,620284,-,ncRNA,cpbgf_1002610,lncRNA,None,None,
CP141118.1,mRNA,622542,624330,-,mRNA,cpbgf_1002630,Sodium/calcium exchanger protein,cgd1_2630,direct_name,
CP141118.1,mRNA,624582,626139,+,mRNA,cpbgf_1002635,Protein kinase domain containing protein,cgd1_2630,no_direct_name,gene split
CP141118.1,mRNA,626042,626699,-,mRNA,cpbgf_1002640,Anaphase-promoting complex subunit 11,cgd1_2640,direct_name,
CP141118.1,tRNA,626120,626219,-,tRNA,cpbgf_1002633,tRNA-Val,None,None,
CP141118.1,mRNA,626786,629533,+,mRNA,cpbgf_1002650,Helicase associated domain containing protein,cgd1_2650,direct_name,
CP141118.1,mRNA,627170,632603,-,mRNA,cpbgf_1002670,Ankyrin repeat containing protein,cgd1_2670,direct_name,
CP141118.1,mRNA,629559,630265,+,mRNA,cpbgf_1002660,Acetyltransferase (GNAT) family,cgd1_2660,direct_name,
CP141118.1,mRNA,630274,630963,+,mRNA,cpbgf_1002663,hypothetical protein,cgd1_2663,direct_name,
CP141118.1,mRNA,632600,633800,+,mRNA,cpbgf_1002680,Methyltransferase domain containing protein,cgd1_2680,direct_name,
CP141118.1,mRNA,633791,635579,-,mRNA,cpbgf_1002700,LSM domain containing protein,cgd1_2700,direct_name,
CP141118.1,mRNA,634306,635564,+,mRNA,cpbgf_1002690,Methionine aminopeptidase,cgd1_2690,direct_name,
CP141118.1,mRNA,635643,636979,+,mRNA,cpbgf_1002710,RNA polymerase II B3 subunit,cgd1_2710,direct_name,
CP141118.1,mRNA,636919,640253,-,mRNA,cpbgf_1002720,Uncharacterized protein,cgd1_2720,direct_name,
CP141118.1,mRNA,639936,642442,-,mRNA,cpbgf_1002730,RNA recognition motif domain containing protein,cgd1_2730,direct_name,
CP141118.1,mRNA,642584,645478,+,mRNA,cpbgf_1002740,Centromere/kinetochore protein,cgd1_2740,direct_name,
CP141118.1,mRNA,645577,647613,+,mRNA,cpbgf_1002750,AAA superfamily Atpase,cgd1_2750,direct_name,
CP141118.1,mRNA,647533,648879,-,mRNA,cpbgf_1002760,Ribosome-binding ATPase YchF/Obg-like ATPase 1,cgd1_2760,direct_name,
CP141118.1,lnc_RNA,648933,651785,+,ncRNA,cpbgf_1002765,lncRNA,None,None,
CP141118.1,mRNA,648995,653046,-,mRNA,cpbgf_1002770,DNA-directed RNA polymerase subunit beta,cgd1_2770,direct_name,
CP141118.1,mRNA,653167,654642,+,mRNA,cpbgf_1002773,Uncharacterized protein,cgd1_2780,no_direct_name,gene split
CP141118.1,mRNA,654254,655138,-,mRNA,cpbgf_1002780,Uncharacterized protein,cgd1_2780,direct_name,
CP141118.1,mRNA,655198,655944,+,mRNA,cpbgf_1002790,Ubiquitin-fold modifier 1,cgd1_2790,direct_name,
CP141118.1,mRNA,655776,656402,-,mRNA,cpbgf_1002800,Mediator complex subunit Med7,cgd1_2800,direct_name,
CP141118.1,mRNA,656441,658247,-,mRNA,cpbgf_1002810,Methyltransferase TRM13,cgd1_2810,direct_name,
CP141118.1,mRNA,658383,659427,+,mRNA,cpbgf_1002830,Target SNARE coiled-coil homology domain containing protein,cgd1_2830,direct_name,
CP141118.1,mRNA,659464,664112,-,mRNA,cpbgf_1002840,Cleavage/polyadenylation specificity factor A subunit/Mono-functional DNA-alkylating methyl methanesulfonate domain containing protein,cgd1_2840,direct_name,
CP141118.1,mRNA,664353,668252,-,mRNA,cpbgf_1002850,Protein kinase domain containing protein,cgd1_2850,direct_name,
CP141118.1,mRNA,668404,670004,+,mRNA,cpbgf_1002860,UbiE/COQ5 methyltransferase,cgd1_2860,direct_name,
CP141118.1,mRNA,670156,672434,+,mRNA,cpbgf_1002870,Hemimethylated DNA-binding/Glucosidase II beta subunit-like domain containing protein,cgd1_2870,direct_name,
CP141118.1,lnc_RNA,670469,672457,-,ncRNA,cpbgf_1002875,lncRNA,None,None,
CP141118.1,mRNA,672381,674544,-,mRNA,cpbgf_1002887,Uncharacterized protein,cgd1_2880,no_direct_name,gene split
CP141118.1,snRNA,672560,673063,+,ncRNA,cpbgf_1002877,snRNA,None,None,
CP141118.1,mRNA,672573,674537,+,mRNA,cpbgf_1002880,hypothetical protein,cgd1_2880,direct_name,
CP141118.1,mRNA,674650,677732,+,mRNA,cpbgf_1002890,Beta transducin-like protein with WD40 repeat,cgd1_2890,direct_name,
CP141118.1,lnc_RNA,675855,677802,-,ncRNA,cpbgf_1002895,lncRNA,None,None,
CP141118.1,mRNA,677860,679795,+,mRNA,cpbgf_1002900,Uncharacterized protein,cgd1_2900,direct_name,
CP141118.1,mRNA,679764,680263,-,mRNA,cpbgf_1002910,LSM domain containing protein,cgd1_2910,direct_name,
CP141118.1,mRNA,680369,681280,-,mRNA,cpbgf_1002920,Golgi transport SNARE BOS1,cgd1_2920,direct_name,
CP141118.1,mRNA,682077,683564,-,mRNA,cpbgf_1002930,Uncharacterized protein,cgd1_2940,no_direct_name,gene split
CP141118.1,mRNA,683685,684051,+,mRNA,cpbgf_1002940,HATPase c,cgd1_2940,direct_name,
CP141118.1,mRNA,683939,685397,-,mRNA,cpbgf_1002950,XAP5 protein,cgd1_2950,direct_name,
CP141118.1,mRNA,685346,688046,-,mRNA,cpbgf_1002960,Protein kinase domain containing protein,cgd1_2960,direct_name,
CP141118.1,mRNA,688158,689691,+,mRNA,cpbgf_1002970,DNAJ like chaperone,cgd1_2970,direct_name,
CP141118.1,mRNA,689824,691039,+,mRNA,cpbgf_1002980,14-3-3 protein,cgd1_2980,direct_name,
CP141118.1,mRNA,690256,691721,-,mRNA,cpbgf_1002990,CGI121/TPRKB,cgd1_2990,direct_name,
CP141118.1,mRNA,691805,692521,+,mRNA,cpbgf_1003000,60S ribosomal protein L27,cgd1_3000,direct_name,
CP141118.1,lnc_RNA,692591,694048,-,ncRNA,cpbgf_1003005,lncRNA,None,None,
CP141118.1,mRNA,692904,694120,+,mRNA,cpbgf_1003010,ER lumen protein retaining receptor 1 KDEL recpetor 1,cgd1_3010,direct_name,
CP141118.1,mRNA,694469,695707,+,mRNA,cpbgf_1003020,Fructose-bisphosphate aldolase,cgd1_3020,direct_name,
CP141118.1,mRNA,695776,698240,-,mRNA,cpbgf_1003030,WD40 repeat protein,cgd1_3030,direct_name,
CP141118.1,mRNA,698909,700542,+,mRNA,cpbgf_1003040,Uncharacterized protein,cgd1_3040,direct_name,
CP141118.1,mRNA,699968,701033,-,mRNA,cpbgf_1003050,Triosephosphate isomerase,cgd1_3050,direct_name,
CP141118.1,mRNA,701830,703284,+,mRNA,cpbgf_1003060,Cation efflux protein,cgd1_3060,direct_name,
CP141118.1,mRNA,702519,704781,-,mRNA,cpbgf_1003070,NodB homology domain containing protein,cgd1_3070,direct_name,
CP141118.1,mRNA,704845,717385,+,mRNA,cpbgf_1003080,Armadillo-type fold/WD40 repeat containing protein,cgd1_3080,direct_name,
CP141118.1,lnc_RNA,704876,707091,-,ncRNA,cpbgf_1003075,lncRNA,None,None,
CP141118.1,mRNA,716460,719073,-,mRNA,cpbgf_1003090,RNA recognition motif domain containing protein,cgd1_3090,direct_name,
CP141118.1,tRNA,719063,719140,-,tRNA,cpbgf_1003095,tRNA-Gly,None,None,
CP141118.1,mRNA,719175,722287,+,mRNA,cpbgf_1003100,WD40-repeat protein,cgd1_3100,direct_name,
CP141118.1,mRNA,721310,723847,-,mRNA,cpbgf_1003110,Uncharacterized protein,cgd1_3110,direct_name,
CP141118.1,mRNA,724341,726810,+,mRNA,cpbgf_1003120,Condensation domain containing protein,cgd1_3120,direct_name,
CP141118.1,lnc_RNA,724351,726758,-,ncRNA,cpbgf_1003115,lncRNA,None,None,
CP141118.1,mRNA,726841,729191,+,mRNA,cpbgf_1003130,Sas10/Utp3/C1D-like protein,cgd1_3130,direct_name,
CP141118.1,lnc_RNA,726941,727386,-,ncRNA,cpbgf_1003125,lncRNA,None,None,
CP141118.1,mRNA,729680,730762,+,mRNA,cpbgf_1003140,Adenylate kinase/UMP-CMP kinase,cgd1_3140,direct_name,
CP141118.1,mRNA,730949,731926,-,mRNA,cpbgf_1003150,Cyclin-like protein,cgd1_3150,direct_name,
CP141118.1,mRNA,733354,737777,+,mRNA,cpbgf_1003160,mRNA 3' end processing protein RNA14 with HAT repeats,cgd1_3160,direct_name,
CP141118.1,mRNA,737833,743147,-,mRNA,cpbgf_1003170,PH domain-containing protein,cgd1_3170,direct_name,
CP141118.1,mRNA,743519,745159,-,mRNA,cpbgf_1003180,Uncharacterized protein,cgd1_3180,direct_name,
CP141118.1,mRNA,744828,747684,-,mRNA,cpbgf_1003190,Uncharacterized protein,cgd1_3190,direct_name,
CP141118.1,mRNA,747929,748840,-,mRNA,cpbgf_1003200,Endoplasmic reticulum-based factor for assembly of V-ATPase,cgd1_3200,direct_name,
CP141118.1,mRNA,749904,753613,+,mRNA,cpbgf_1003210,Uncharacterized protein,cgd1_3210,direct_name,
CP141118.1,mRNA,753638,756178,-,mRNA,cpbgf_1003220,Erythrocyte membrane-associated antigen,cgd1_3220,direct_name,
CP141118.1,mRNA,757396,760202,+,mRNA,cpbgf_1003230,Protein kinase,cgd1_3230,direct_name,
CP141118.1,mRNA,760272,764603,-,mRNA,cpbgf_1003240,Uncharacterized protein,cgd1_3240,direct_name,
CP141118.1,mRNA,764988,769823,-,mRNA,cpbgf_1003245,Uncharacterized protein,cgd1_3240,no_direct_name,gene split
CP141118.1,mRNA,770040,772208,+,mRNA,cpbgf_1003250,putative signal peptide-containing transmembrane associated protein,cgd1_3250,direct_name,
CP141118.1,mRNA,771073,772539,-,mRNA,cpbgf_1003260,Uncharacterized protein,cgd1_3260,direct_name,
CP141118.1,mRNA,772799,774766,-,mRNA,cpbgf_1003270,WD40-repeat protein,cgd1_3270,direct_name,
CP141118.1,mRNA,775294,776761,+,mRNA,cpbgf_1003280,Uncharacterized protein,cgd1_3280,direct_name,
CP141118.1,mRNA,775899,779066,-,mRNA,cpbgf_1003290,Phospholipase/Carboxylesterase,cgd1_3290,direct_name,
CP141118.1,mRNA,780331,781302,-,mRNA,cpbgf_1003300,CDK-activating kinase assembly factor MAT1,cgd1_3300,direct_name,
CP141118.1,mRNA,781877,782560,+,mRNA,cpbgf_1003310,Cyclin,cgd1_3310,direct_name,
CP141118.1,mRNA,783064,784160,-,mRNA,cpbgf_1003320,RING domain containing protein,cgd1_3320,direct_name,
CP141118.1,mRNA,785033,785599,+,mRNA,cpbgf_1003330,Uncharacterized protein,cgd1_3330,direct_name,
CP141118.1,mRNA,785678,787164,+,mRNA,cpbgf_1003340,HAD-superfamily hydrolase subfamily IIB,cgd1_3340,direct_name,
CP141118.1,lnc_RNA,785692,787371,-,ncRNA,cpbgf_1003342,lncRNA,None,None,
CP141118.1,mRNA,787483,788111,+,mRNA,cpbgf_1003343,Tubulin binding cofactor A,cgd1_3343,direct_name,
CP141118.1,mRNA,788417,788955,+,mRNA,cpbgf_1003350,Uncharacterized protein,cgd1_3350,direct_name,
CP141118.1,mRNA,788829,791270,-,mRNA,cpbgf_1003360,ATP-dependent zinc metalloprotease FtsH,cgd1_3360,direct_name,
CP141118.1,lnc_RNA,789099,790552,+,ncRNA,cpbgf_1003355,lncRNA,None,None,
CP141118.1,mRNA,791446,792216,+,mRNA,cpbgf_1003370,CS domain containing protein,cgd1_3370,direct_name,
CP141118.1,mRNA,792325,793236,-,mRNA,cpbgf_1003380,Phosphatidylinositol N-acetylglucosaminyltransferase subunit C,cgd1_3380,direct_name,
CP141118.1,lnc_RNA,793815,795723,+,ncRNA,cpbgf_1003385,lncRNA,None,None,
CP141118.1,snRNA,794037,794221,-,ncRNA,cpbgf_1003383,snRNA,None,None,
CP141118.1,mRNA,794366,796050,-,mRNA,cpbgf_1003390,Vps4 oligomerization/MIT/ AAA-type ATPase domain containing protein,cgd1_3390,direct_name,
CP141118.1,mRNA,796139,797393,+,mRNA,cpbgf_1003400,Uncharacterized protein,cgd1_3400,direct_name,
CP141118.1,mRNA,797649,798817,+,mRNA,cpbgf_1003410,Uncharacterized protein,cgd1_3410,direct_name,
CP141118.1,mRNA,799024,801228,+,mRNA,cpbgf_1003420,ERCC4 domain containing protein,cgd1_3420,direct_name,
CP141118.1,mRNA,801304,801615,+,mRNA,cpbgf_1003430,Uncharacterized protein,cgd1_3430,direct_name,
CP141118.1,mRNA,801774,803209,-,mRNA,cpbgf_1003440,tRNA-dihydrouridine synthase,cgd1_3440,direct_name,
CP141118.1,mRNA,803311,805661,+,mRNA,cpbgf_1003450,Uncharacterized protein,cgd1_3450,direct_name,
CP141118.1,mRNA,805852,807112,-,mRNA,cpbgf_1003460,F-actin-capping protein subunit beta,cgd1_3460,direct_name,
CP141118.1,mRNA,807536,808201,+,mRNA,cpbgf_1003470,Forkhead-associated (FHA) domain containing protein,cgd1_3470,direct_name,
CP141118.1,mRNA,808226,810031,-,mRNA,cpbgf_1003480,Eukaryotic translation initiation factor 3 subunit M,cgd1_3480,direct_name,
CP141118.1,mRNA,810483,811141,-,mRNA,cpbgf_1003490,Uncharacterized protein,cgd1_3490,direct_name,
CP141118.1,mRNA,811724,814414,-,mRNA,cpbgf_1003500,Thrombospondin related adhesive protein,cgd1_3500,direct_name,
CP141118.1,lnc_RNA,811972,814170,+,ncRNA,cpbgf_1003495,lncRNA,None,None,
CP141118.1,mRNA,814630,816576,+,mRNA,cpbgf_1003510,PAN domain/Thrombospondin type-1 (TSP1) repeat containing protein,cgd1_3510,direct_name,
CP141118.1,mRNA,817094,819041,-,mRNA,cpbgf_1003520,AP2/ERF domain containing protein,cgd1_3520,direct_name,
CP141118.1,lnc_RNA,819150,819809,-,ncRNA,cpbgf_1003523,lncRNA,None,None,
CP141118.1,mRNA,821479,822995,-,mRNA,cpbgf_1003530,RNA recognition motif domain containing protein,cgd1_3530,direct_name,
CP141118.1,lnc_RNA,821547,822879,+,ncRNA,cpbgf_1003525,lncRNA,None,None,
CP141118.1,mRNA,824409,829323,+,mRNA,cpbgf_1003540,Tetratricopeptide repeat containing protein,cgd1_3540,direct_name,
CP141118.1,mRNA,829492,830651,+,mRNA,cpbgf_1003543,Uncharacterized protein,cgd1_3543,direct_name,
CP141118.1,lnc_RNA,830313,830646,-,ncRNA,cpbgf_1003542,lncRNA,None,None,
CP141118.1,mRNA,831338,831889,+,mRNA,cpbgf_1003550,Apple domain containing protein,cgd1_3550,direct_name,
CP141118.1,mRNA,831860,836893,+,mRNA,cpbgf_1003560,Uncharacterized protein,cgd1_3560,direct_name,
CP141118.1,mRNA,837182,838155,-,mRNA,cpbgf_1003570,Myosin regulatory light chain,cgd1_3570,direct_name,
CP141118.1,mRNA,839573,840881,+,mRNA,cpbgf_1003580,Uncharacterized protein,cgd1_3580,direct_name,
CP141118.1,lnc_RNA,840245,841112,-,ncRNA,cpbgf_1003585,lncRNA,None,None,
CP141118.1,mRNA,841285,842622,+,mRNA,cpbgf_1003590,Uncharacterized protein,cgd1_3590,direct_name,
CP141118.1,mRNA,843165,848571,+,mRNA,cpbgf_1003600,hypothetical protein,cgd1_3600,direct_name,
CP141118.1,mRNA,845703,849002,-,mRNA,cpbgf_1003610,Patatin-like phospholipase domain containing protein,cgd1_3610,direct_name,
CP141118.1,mRNA,849820,851105,+,mRNA,cpbgf_1003620,Transcription factor TAF7p/TAFII55,cgd1_3620,direct_name,
CP141118.1,mRNA,850733,853782,-,mRNA,cpbgf_1003630,Dynein family light intermediate chain,cgd1_3630,direct_name,
CP141118.1,mRNA,853820,856192,+,mRNA,cpbgf_1003640,Uncharacterized protein,cgd1_3640,direct_name,
CP141118.1,mRNA,856101,857516,-,mRNA,cpbgf_1003650,Uncharacterized protein,cgd1_3650,direct_name,
CP141118.1,mRNA,857586,858945,-,mRNA,cpbgf_1003660,PITH domain containing protein,cgd1_3660,direct_name,
CP141118.1,mRNA,859005,865735,+,mRNA,cpbgf_1003670,Chromo domain/ SNF2 Atpase/Helicase domain containing protein,cgd1_3670,direct_name,
CP141118.1,mRNA,866164,867074,+,mRNA,cpbgf_1003680,hypothetical protein,cgd1_3680,direct_name,
CP141118.1,mRNA,867564,871196,-,mRNA,cpbgf_1003690,Aspartyl (Acid) protease,cgd1_3690,direct_name,
CP141118.1,mRNA,872062,873755,+,mRNA,cpbgf_1003700,WD40 repeat protein,cgd1_3700,direct_name,
CP141118.1,mRNA,873926,876448,-,mRNA,cpbgf_1003710,Acetyl-coenzyme A synthetase,cgd1_3710,direct_name,
CP141118.1,mRNA,876680,878442,+,mRNA,cpbgf_1003720,Mannosyltransferase DXD,cgd1_3720,direct_name,
CP141118.1,mRNA,878715,880875,-,mRNA,cpbgf_1003730,Glucosamine-fructose-6-phosphate aminotransferase/Sugar isomerase (SIS),cgd1_3730,direct_name,
CP141118.1,mRNA,881134,885469,+,mRNA,cpbgf_1003740,Ankyrin repeat/transmembrane domain-containing protein,cgd1_3740,direct_name,
CP141118.1,mRNA,885614,886586,-,mRNA,cpbgf_1003750,Phospholipase/carboxylesterase/thioesterase,cgd1_3750,direct_name,
CP141118.1,mRNA,886638,890217,+,mRNA,cpbgf_1003760,Uncharacterized protein,cgd1_3760,direct_name,
CP141118.1,lnc_RNA,888208,890331,-,ncRNA,cpbgf_1003765,lncRNA,None,None,
CP141118.1,mRNA,890420,891287,+,mRNA,cpbgf_1003770,Uncharacterized protein,cgd1_3770,direct_name,
CP141118.1,mRNA,891179,893816,-,mRNA,cpbgf_1003780,putative signal peptide-containing protein,cgd1_3780,direct_name,
CP141118.1,mRNA,893918,899111,-,mRNA,cpbgf_1003800,Uncharacterized protein,cgd1_3800,direct_name,
CP141118.1,mRNA,898518,899090,+,mRNA,cpbgf_1003790,Uncharacterized protein,cgd1_3790,direct_name,
CP141118.1,mRNA,899214,902362,+,mRNA,cpbgf_1003810,Uncharacterized protein,cgd1_3810,direct_name,
CP141118.1,mRNA,902756,905974,+,mRNA,cpbgf_1003820,Uncharacterized protein,cgd1_3820,direct_name,
CP141118.1,lnc_RNA,903477,906892,-,ncRNA,cpbgf_1003835,lncRNA,None,None,
CP141118.1,mRNA,906208,906846,+,mRNA,cpbgf_1003830,Uncharacterized protein,cgd1_3830,direct_name,
CP141118.1,mRNA,906943,910245,+,mRNA,cpbgf_1003840,Insulinase-like peptidase/telomeric protein,cgd1_3840,direct_name,
CP141118.1,lnc_RNA,911160,912437,-,ncRNA,cpbgf_1003845,lncRNA,None,None,
CP141118.1,mRNA,912438,915319,+,mRNA,cpbgf_1003850,putative Secreted Protein (SKSR gene family),cgd1_3850,direct_name,
CP141118.1,mRNA,917312,918545,-,mRNA,cpbgf_1003860,dUTPase-like protein,cgd1_3860,direct_name,
CP141118.1,lnc_RNA,917474,918562,+,ncRNA,cpbgf_1003865,lncRNA,None,None,
CP141119.1,mRNA,606,2148,+,mRNA,cpbgf_200460,hypothetical protein,cgd5_4570,no_direct_name,chr_change
CP141119.1,mRNA,5661,6546,-,mRNA,cpbgf_200450,Signal peptide containing protein,cgd2_450,direct_name,
CP141119.1,lnc_RNA,5988,6562,+,ncRNA,cpbgf_200445,lncRNA,None,None,
CP141119.1,mRNA,6581,7592,-,mRNA,cpbgf_200440,Signal peptide containing protein,cgd2_440,direct_name,
CP141119.1,mRNA,7600,8408,-,mRNA,cpbgf_200430,Signal peptide containing protein,cgd2_430,direct_name,
CP141119.1,lnc_RNA,8535,9801,+,ncRNA,cpbgf_200425,lncRNA,None,None,
CP141119.1,mRNA,8845,9884,-,mRNA,cpbgf_200420,Signal peptide containing protein,cgd2_420,direct_name,
CP141119.1,mRNA,10803,12012,-,mRNA,cpbgf_200410,Signal peptide containing protein,cgd2_410,direct_name,
CP141119.1,lnc_RNA,12073,13136,+,ncRNA,cpbgf_200405,lncRNA,None,None,
CP141119.1,mRNA,12196,13156,-,mRNA,cpbgf_200400,Signal peptide containing protein,cgd2_400,direct_name,
CP141119.1,lnc_RNA,13250,15242,+,ncRNA,cpbgf_200385,lncRNA,None,None,
CP141119.1,mRNA,14198,14947,-,mRNA,cpbgf_200390,Uncharacterized protein,cgd2_390,direct_name,
CP141119.1,mRNA,16763,17613,+,mRNA,cpbgf_200380,Dephospho-CoA kinase,cgd2_380,direct_name,
CP141119.1,mRNA,17840,18888,+,mRNA,cpbgf_200370,ARM repeats containing protein,cgd2_370,direct_name,
CP141119.1,mRNA,19286,21799,+,mRNA,cpbgf_200360,Eukaryotic translation initiation factor 3 subunit B,cgd2_360,direct_name,
CP141119.1,mRNA,22071,26386,-,mRNA,cpbgf_200340,RING/FYVE/PHD-type Zinc finger-containing protein,cgd2_340,direct_name,
CP141119.1,mRNA,22079,22493,+,mRNA,cpbgf_200350,60S ribosomal protein L39,cgd2_350,direct_name,
CP141119.1,mRNA,26616,28430,-,mRNA,cpbgf_200330,Notchless,cgd2_330,direct_name,
CP141119.1,lnc_RNA,26774,28350,+,ncRNA,cpbgf_200335,lncRNA,None,None,
CP141119.1,mRNA,28470,29169,+,mRNA,cpbgf_200320,Activator of Hsp90 ATPase 1-like protein,cgd2_320,direct_name,
CP141119.1,mRNA,29100,31167,-,mRNA,cpbgf_200310,Equilibrative nucleoside transporter,cgd2_310,direct_name,
CP141119.1,mRNA,31122,35358,-,mRNA,cpbgf_200300,Histidine kinase/DNA gyrase B/HSP90-like ATPase,cgd2_300,direct_name,
CP141119.1,lnc_RNA,31300,34880,+,ncRNA,cpbgf_200305,lncRNA,None,None,
CP141119.1,mRNA,35717,37026,+,mRNA,cpbgf_200290,Uncharacterized protein,cgd2_290,direct_name,
CP141119.1,mRNA,37043,37953,-,mRNA,cpbgf_200280,Ribosomal protein L15,cgd2_280,direct_name,
CP141119.1,mRNA,38223,40087,-,mRNA,cpbgf_200270,Eukaryotic translation initiation factor 3 subunit D,cgd2_270,direct_name,
CP141119.1,lnc_RNA,40134,40931,+,ncRNA,cpbgf_200265,lncRNA,None,None,
CP141119.1,mRNA,40146,41245,-,mRNA,cpbgf_200260,Uncharacterized protein,cgd2_260,direct_name,
CP141119.1,mRNA,41550,42195,+,mRNA,cpbgf_200250,Vacuolar (H+)-ATPase G subunit,cgd2_250,direct_name,
CP141119.1,mRNA,41561,43371,-,mRNA,cpbgf_200240,Ubiquitin-conjugating enzyme,cgd2_240,direct_name,
CP141119.1,mRNA,43872,48912,-,mRNA,cpbgf_200230,Phosphatidylinositol phosphate phosphatase,cgd2_230,direct_name,
CP141119.1,mRNA,49204,50888,-,mRNA,cpbgf_200220,Transcription factor TFIIF,cgd2_220,direct_name,
CP141119.1,lnc_RNA,51420,53067,-,ncRNA,cpbgf_200207,lncRNA,None,None,
CP141119.1,mRNA,51438,52866,+,mRNA,cpbgf_200210,Glycerol-3-phosphate dehydrogenase [NAD(+)],cgd2_210,direct_name,
CP141119.1,mRNA,53249,54354,+,mRNA,cpbgf_200200,Uncharacterized protein,cgd2_200,direct_name,
CP141119.1,lnc_RNA,53850,54098,-,ncRNA,cpbgf_200205,lncRNA,None,None,
CP141119.1,mRNA,54373,55290,-,mRNA,cpbgf_200190,Got1/SFT2-like Vesicle transport protein,cgd2_190,direct_name,
CP141119.1,mRNA,55412,56334,+,mRNA,cpbgf_200180,Pre-mRNA-splicing factor SPF27,cgd2_180,direct_name,
CP141119.1,mRNA,56412,57067,-,mRNA,cpbgf_200170,40s ribosomal protein s24,cgd2_170,direct_name,
CP141119.1,mRNA,57409,58815,+,mRNA,cpbgf_200160,IMP4-like U3 small nucleolar ribonucleoprotein (SnoRNP),cgd2_160,direct_name,
CP141119.1,lnc_RNA,57851,58228,-,ncRNA,cpbgf_200165,lncRNA,None,None,
CP141119.1,mRNA,59286,61014,+,mRNA,cpbgf_200150,R3H domain containing protein,cgd2_150,direct_name,
CP141119.1,mRNA,60697,61293,-,mRNA,cpbgf_200140,Stress-associated endoplasmic reticulum protein,cgd2_140,direct_name,
CP141119.1,mRNA,61827,62444,+,mRNA,cpbgf_200130,60S acidic ribosomal protein LP2,cgd2_130,direct_name,
CP141119.1,mRNA,62551,63150,-,mRNA,cpbgf_200120,60S ribosomal protein L29,cgd2_120,direct_name,
CP141119.1,mRNA,63752,66073,+,mRNA,cpbgf_200110,DEAD/DEAH box helicase domain containing protein,cgd2_110,direct_name,
CP141119.1,mRNA,66733,67702,+,mRNA,cpbgf_200100,Uncharacterized protein,cgd2_100,direct_name,
CP141119.1,mRNA,68680,74002,+,mRNA,cpbgf_20090,ABC transporter,cgd2_90,direct_name,
CP141119.1,lnc_RNA,71766,74046,-,ncRNA,cpbgf_20087,lncRNA,None,None,
CP141119.1,mRNA,74120,78907,+,mRNA,cpbgf_20080,ABC transporter family protein,cgd2_80,direct_name,
CP141119.1,lnc_RNA,74151,74825,-,ncRNA,cpbgf_20085,lncRNA,None,None,
CP141119.1,lnc_RNA,76096,77677,-,ncRNA,cpbgf_20083,lncRNA,None,None,
CP141119.1,lnc_RNA,78021,79380,-,ncRNA,cpbgf_20075,lncRNA,None,None,
CP141119.1,mRNA,79489,84569,+,mRNA,cpbgf_20070,ABC transporter,cgd2_70,direct_name,
CP141119.1,lnc_RNA,82506,84944,-,ncRNA,cpbgf_20067,lncRNA,None,None,
CP141119.1,mRNA,85572,90703,+,mRNA,cpbgf_20060,ABC transporter,cgd2_60,direct_name,
CP141119.1,lnc_RNA,85765,88121,-,ncRNA,cpbgf_20065,lncRNA,None,None,
CP141119.1,lnc_RNA,88226,90707,-,ncRNA,cpbgf_20055,lncRNA,None,None,
CP141119.1,mRNA,91012,93258,+,mRNA,cpbgf_20050,SIK1 nucleolar protein Nop56,cgd2_50,direct_name,
CP141119.1,snRNA,92945,93244,+,ncRNA,cpbgf_20053,snRNA,None,None,
CP141119.1,mRNA,93491,95265,+,mRNA,cpbgf_20040,AP endonuclease 1,cgd2_40,direct_name,
CP141119.1,mRNA,93820,97433,-,mRNA,cpbgf_20030,Cysteine desulfurase/selenocysteine lyase-like PLP dependent transferase superfamily protein,cgd2_30,direct_name,
CP141119.1,mRNA,97473,99969,-,mRNA,cpbgf_20020,Heat shock 70 protein,cgd2_20,direct_name,
CP141119.1,lnc_RNA,101123,101433,+,ncRNA,cpbgf_20015,lncRNA,None,None,
CP141119.1,mRNA,101359,102994,+,mRNA,cpbgf_20010,Uncharacterized protein,cgd2_10,direct_name,
CP141119.1,mRNA,104695,109371,+,mRNA,cpbgf_200470,Uncharacterized protein,cgd2_470,direct_name,
CP141119.1,mRNA,109418,110910,-,mRNA,cpbgf_200480,Uncharacterized protein,cgd2_480,direct_name,
CP141119.1,mRNA,111252,112560,-,mRNA,cpbgf_200490,Uncharacterized protein,cgd2_490,direct_name,
CP141119.1,mRNA,113127,114689,-,mRNA,cpbgf_200500,BRCT domain containing protein,cgd2_500,direct_name,
CP141119.1,mRNA,114708,116372,-,mRNA,cpbgf_200510,Homologous-pairing protein 2,cgd2_510,direct_name,
CP141119.1,mRNA,116734,117692,-,mRNA,cpbgf_200520,Mitochondrial carrier protein,cgd2_520,direct_name,
CP141119.1,mRNA,118522,119526,+,mRNA,cpbgf_200530,Proteasome subunit beta type,cgd2_530,direct_name,
CP141119.1,mRNA,120385,122227,-,mRNA,cpbgf_200540,Organic solute transporter Ostalpha,cgd2_540,direct_name,
CP141119.1,mRNA,123145,124118,+,mRNA,cpbgf_200550,Mannose-P-dolichol utilization defect 1-like protein with PQ-loop repeat,cgd2_550,direct_name,
CP141119.1,mRNA,124385,131496,+,mRNA,cpbgf_200560,Armadillo-like helical protein,cgd2_560,direct_name,
CP141119.1,mRNA,131419,132559,-,mRNA,cpbgf_200570,tRNA/rRNA methyltransferase-like protein,cgd2_570,direct_name,
CP141119.1,lnc_RNA,133175,135577,-,ncRNA,cpbgf_200575,lncRNA,None,None,
CP141119.1,mRNA,133264,139959,+,mRNA,cpbgf_200580,Uncharacterized protein,cgd2_580,direct_name,
CP141119.1,mRNA,140752,142421,+,mRNA,cpbgf_200590,Nucleotide-sugar transporter,cgd2_590,direct_name,
CP141119.1,mRNA,142662,144700,-,mRNA,cpbgf_200600,T-complex protein 1 alpha subunit,cgd2_600,direct_name,
CP141119.1,lnc_RNA,142850,144531,+,ncRNA,cpbgf_200595,lncRNA,None,None,
CP141119.1,mRNA,145424,147064,-,mRNA,cpbgf_200610,Uncharacterized protein,cgd2_610,direct_name,
CP141119.1,mRNA,147536,148680,-,mRNA,cpbgf_200620,Protein transport Sec61-beta/Sbh,cgd2_620,direct_name,
CP141119.1,mRNA,148685,150198,+,mRNA,cpbgf_200630,Inward rectifier potassium channel,cgd2_630,direct_name,
CP141119.1,lnc_RNA,148845,150223,-,ncRNA,cpbgf_200635,lncRNA,None,None,
CP141119.1,mRNA,150581,152275,-,mRNA,cpbgf_200640,Metallo-dependent phosphatase-like protein,cgd2_640,direct_name,
CP141119.1,lnc_RNA,153010,153352,-,ncRNA,cpbgf_200645,lncRNA,None,None,
CP141119.1,mRNA,153492,155635,+,mRNA,cpbgf_200650,SUN domain containing protein,cgd2_650,direct_name,
CP141119.1,mRNA,155698,157245,-,mRNA,cpbgf_200660,Uncharacterized protein,cgd2_660,direct_name,
CP141119.1,mRNA,157404,158692,+,mRNA,cpbgf_200670,Uncharacterized protein,cgd2_670,direct_name,
CP141119.1,mRNA,159126,164627,+,mRNA,cpbgf_200680,Uncharacterized protein,cgd2_680,direct_name,
CP141119.1,lnc_RNA,162316,164714,-,ncRNA,cpbgf_200683,lncRNA,None,None,
CP141119.1,mRNA,165915,170074,-,mRNA,cpbgf_200690,SPX/RING-type Zinc finger domain containing protein,cgd2_690,direct_name,
CP141119.1,lnc_RNA,167288,168333,+,ncRNA,cpbgf_200685,lncRNA,None,None,
CP141119.1,lnc_RNA,170162,170921,-,ncRNA,cpbgf_200693,lncRNA,None,None,
CP141119.1,lnc_RNA,171508,172711,+,ncRNA,cpbgf_200695,lncRNA,None,None,
CP141119.1,mRNA,171832,176338,-,mRNA,cpbgf_200700,PMS1/MutL family ATpase,cgd2_700,direct_name,
CP141119.1,mRNA,175547,176356,+,mRNA,cpbgf_200710,putative protease,cgd2_710,direct_name,
CP141119.1,lnc_RNA,176516,178081,-,ncRNA,cpbgf_200715,lncRNA,None,None,
CP141119.1,mRNA,176615,178785,+,mRNA,cpbgf_200720,Arfaptin homology (AH) domain/BAR domain containing protein,cgd2_720,direct_name,
CP141119.1,mRNA,178152,179375,-,mRNA,cpbgf_200730,Transcription factor IIIC subunit 5,cgd2_730,direct_name,
CP141119.1,mRNA,180072,181010,+,mRNA,cpbgf_200740,Dynein light chain type 1/2,cgd2_740,direct_name,
CP141119.1,mRNA,180551,182571,-,mRNA,cpbgf_200750,WD40 repeat containing protein,cgd2_750,direct_name,
CP141119.1,mRNA,181406,183424,+,mRNA,cpbgf_200760,NSF attachment protein,cgd2_760,direct_name,
CP141119.1,mRNA,183074,184828,-,mRNA,cpbgf_200770,Bacterial surface antigen (D15),cgd2_770,direct_name,
CP141119.1,mRNA,184821,185602,+,mRNA,cpbgf_200780,hypothetical protein,cgd2_780,direct_name,
CP141119.1,mRNA,185388,186785,-,mRNA,cpbgf_200785,Uncharacterized protein,cgd2_780,no_direct_name,gene split
CP141119.1,mRNA,187179,191236,+,mRNA,cpbgf_200790,LH2/LCCL/SRCR domain containing protein,cgd2_790,direct_name,
CP141119.1,mRNA,191559,193738,+,mRNA,cpbgf_200800,Major facilitator superfamily,cgd2_800,direct_name,
CP141119.1,mRNA,193959,195214,-,mRNA,cpbgf_200810,Calmodulin,cgd2_810,direct_name,
CP141119.1,lnc_RNA,195326,196403,+,ncRNA,cpbgf_200825,lncRNA,None,None,
CP141119.1,mRNA,195544,196271,-,mRNA,cpbgf_200820,Translation initiation factor SUI1,cgd2_820,direct_name,
CP141119.1,mRNA,196965,197645,-,mRNA,cpbgf_200830,Uncharacterized protein,cgd2_830,direct_name,
CP141119.1,mRNA,197816,198793,+,mRNA,cpbgf_200840,PIG-P,cgd2_840,direct_name,
CP141119.1,mRNA,198729,199999,-,mRNA,cpbgf_200850,Uncharacterized protein,cgd2_850,direct_name,
CP141119.1,mRNA,200260,201054,-,mRNA,cpbgf_200860,Proteasome subunit beta type,cgd2_860,direct_name,
CP141119.1,mRNA,201387,202242,-,mRNA,cpbgf_200870,Coiled-coil domain-containing protein,cgd2_870,direct_name,
CP141119.1,mRNA,202373,204741,-,mRNA,cpbgf_200880,RING-type Zinc finger protein,cgd2_880,direct_name,
CP141119.1,mRNA,204918,205360,-,mRNA,cpbgf_200883,hypothetical protein,cgd2_883,direct_name,
CP141119.1,mRNA,205541,206983,-,mRNA,cpbgf_200890,Uncharacterized protein,cgd2_890,direct_name,
CP141119.1,mRNA,207377,209606,-,mRNA,cpbgf_200900,TCP-1/cpn60 chaperonin,cgd2_900,direct_name,
CP141119.1,mRNA,208452,211123,+,mRNA,cpbgf_200910,Protein kinase domain containing protein,cgd2_910,direct_name,
CP141119.1,mRNA,211257,214811,+,mRNA,cpbgf_200920,Peptidase M16(Insulinase),cgd2_920,direct_name,
CP141119.1,lnc_RNA,214858,218250,-,ncRNA,cpbgf_200935,lncRNA,None,None,
CP141119.1,mRNA,214878,217919,+,mRNA,cpbgf_200930,insulinase-like peptidase,cgd2_930,direct_name,
CP141119.1,mRNA,218357,221750,+,mRNA,cpbgf_200940,Signal peptide plus transmembrane domain containing protein,cgd2_940,direct_name,
CP141119.1,lnc_RNA,220701,222037,-,ncRNA,cpbgf_200945,lncRNA,None,None,
CP141119.1,mRNA,222110,223990,+,mRNA,cpbgf_200950,Uncharacterized protein,cgd2_950,direct_name,
CP141119.1,mRNA,223640,225680,+,mRNA,cpbgf_200960,Uncharacterized protein,cgd2_960,direct_name,
CP141119.1,mRNA,225586,228142,-,mRNA,cpbgf_200970,Uncharacterized protein,cgd2_970,direct_name,
CP141119.1,mRNA,228221,229216,+,mRNA,cpbgf_200980,RNA polymerase Rpb5,cgd2_980,direct_name,
CP141119.1,mRNA,229292,231515,-,mRNA,cpbgf_200990,Queuine tRNA-ribosyltransferase,cgd2_990,direct_name,
CP141119.1,mRNA,231680,234026,-,mRNA,cpbgf_2001000,RNA recognition motif domain containing protein,cgd2_1000,direct_name,
CP141119.1,mRNA,234873,237567,+,mRNA,cpbgf_2001010,DEAD/DEAH box helicase,cgd2_1010,direct_name,
CP141119.1,snRNA,236192,237079,-,ncRNA,cpbgf_2001005,snRNA,None,None,
CP141119.1,mRNA,237706,239260,+,mRNA,cpbgf_2001020,Proteasome regulatory subunit Rpn9,cgd2_1020,direct_name,
CP141119.1,mRNA,239219,240447,-,mRNA,cpbgf_2001030,Mitochondrial carrier protein,cgd2_1030,direct_name,
CP141119.1,mRNA,240439,241294,-,mRNA,cpbgf_2001040,Flavohemoprotein b5 plus b5R cytochrome b-type NAD(P)H oxidoreductase,cgd2_1040,direct_name,
CP141119.1,mRNA,241531,242793,+,mRNA,cpbgf_2001050,Uncharacterized protein,cgd2_1050,direct_name,
CP141119.1,mRNA,242663,245358,-,mRNA,cpbgf_2001060,Protein kinase/EF-hand domain containing protein,cgd2_1060,direct_name,
CP141119.1,mRNA,245926,246458,+,mRNA,cpbgf_2001070,40S ribosomal protein S25,cgd2_1070,direct_name,
CP141119.1,mRNA,246521,248350,-,mRNA,cpbgf_2001080,Uncharacterized protein,cgd2_1080,direct_name,
CP141119.1,mRNA,248451,249968,-,mRNA,cpbgf_2001090,O-acyltransferase,cgd2_1090,direct_name,
CP141119.1,mRNA,249984,253264,-,mRNA,cpbgf_2001100,MCM domain containing protein,cgd2_1100,direct_name,
CP141119.1,lnc_RNA,253615,255102,-,ncRNA,cpbgf_2001105,lncRNA,None,None,
CP141119.1,mRNA,253678,255207,+,mRNA,cpbgf_2001110,Silencer-associated factor/Phospholipase D-like domain containing protein,cgd2_1110,direct_name,
CP141119.1,mRNA,255191,257119,+,mRNA,cpbgf_2001120,molybdopterin synthase sulfurylase/Rhodanese-like domain containing protein,cgd2_1120,direct_name,
CP141119.1,mRNA,256783,258870,-,mRNA,cpbgf_2001130,Uncharacterized protein,cgd2_1130,direct_name,
CP141119.1,mRNA,258974,259942,-,mRNA,cpbgf_2001140,Syntaxin,cgd2_1140,direct_name,
CP141119.1,mRNA,261141,262351,+,mRNA,cpbgf_2001150,C2H2-type Zinc finger protein,cgd2_1150,direct_name,
CP141119.1,mRNA,262369,264611,-,mRNA,cpbgf_2001160,Eukaryotic translation initiation factor 3 subunit L,cgd2_1160,direct_name,
CP141119.1,mRNA,264972,266506,+,mRNA,cpbgf_2001180,ZPR1-type Zinc finger containing protein,cgd2_1170,no_direct_name,
CP141119.1,mRNA,265425,268374,-,mRNA,cpbgf_2001190,Methylase,cgd2_1190,direct_name,
CP141119.1,lnc_RNA,268457,269509,+,ncRNA,cpbgf_2001195,lncRNA,None,None,
CP141119.1,mRNA,268621,269702,-,mRNA,cpbgf_2001200,Ubiquitin domain-containing Steroid reductase,cgd2_1200,direct_name,
CP141119.1,mRNA,269887,270748,+,mRNA,cpbgf_2001210,Phosphotransferase KptA/Tpt1,cgd2_1210,direct_name,
CP141119.1,mRNA,270757,272537,+,mRNA,cpbgf_2001220,Uncharacterized protein,cgd2_1220,direct_name,
CP141119.1,mRNA,273017,275482,+,mRNA,cpbgf_2001230,Armadillo-type fold protein,cgd2_1230,direct_name,
CP141119.1,mRNA,275559,277042,+,mRNA,cpbgf_2001240,EH domain containing protein,cgd2_1240,direct_name,
CP141119.1,mRNA,276773,279842,-,mRNA,cpbgf_2001250,MCM domain containing protein,cgd2_1250,direct_name,
CP141119.1,mRNA,280261,283006,+,mRNA,cpbgf_2001260,Uncharacterized protein,cgd2_1260,direct_name,
CP141119.1,mRNA,282717,285449,-,mRNA,cpbgf_2001270,Membrane associated adenylyl cyclase,cgd2_1270,direct_name,
CP141119.1,mRNA,285535,288141,+,mRNA,cpbgf_2001280,DDHD domain containing protein,cgd2_1280,direct_name,
CP141119.1,mRNA,287765,289100,-,mRNA,cpbgf_2001290,Uncharacterized protein,cgd2_1290,direct_name,
CP141119.1,mRNA,289189,291432,-,mRNA,cpbgf_2001300,Calcium/calmodulin dependent protein kinase,cgd2_1300,direct_name,
CP141119.1,mRNA,291731,293282,-,mRNA,cpbgf_2001310,Major facilitator superfamily domain containing protein,cgd2_1310,direct_name,
CP141119.1,mRNA,293348,295005,+,mRNA,cpbgf_2001330,DNAJ protein,cgd2_1330,direct_name,
CP141119.1,mRNA,295103,295657,+,mRNA,cpbgf_2001340,hypothetical protein,cgd2_1340,direct_name,
CP141119.1,mRNA,295656,299248,+,mRNA,cpbgf_2001350,phosphatidylinositol 3-and 4-kinase family protein,cgd2_1350,direct_name,
CP141119.1,mRNA,297751,300344,-,mRNA,cpbgf_2001360,26S proteasome subunit P45/AAA+ ATPase core domain containing protein,cgd2_1360,direct_name,
CP141119.1,mRNA,299543,301344,+,mRNA,cpbgf_2001365,ATP synthase subunit beta,cgd2_1360,no_direct_name,gene split
CP141119.1,snRNA,300583,300672,+,ncRNA,cpbgf_2001363,snRNA,None,None,
CP141119.1,mRNA,301407,304183,+,mRNA,cpbgf_2001370,WD40 repeat protein,cgd2_1370,direct_name,
CP141119.1,rRNA,304314,306061,+,rRNA,cpbgf_2001393,18S ribosomal RNA,None,None,
CP141119.1,rRNA,307205,310636,+,rRNA,cpbgf_2001395,28S ribosomal RNA,None,None,
CP141119.1,mRNA,310695,311579,-,mRNA,cpbgf_2001380,Uncharacterized protein,cgd2_1380,direct_name,
CP141119.1,mRNA,311577,312291,-,mRNA,cpbgf_2001390,Uncharacterized protein,cgd2_1390,direct_name,
CP141119.1,mRNA,312267,314186,-,mRNA,cpbgf_2001400,Uncharacterized protein,cgd2_1400,direct_name,
CP141119.1,mRNA,314233,314957,-,mRNA,cpbgf_2001410,putative domain KOG3410%2Cconserved alpha-helical protein,cgd2_1410,direct_name,
CP141119.1,mRNA,314991,315325,-,mRNA,cpbgf_2001415,hypothetical protein,cgd2_60,no_direct_name,consistency
CP141119.1,mRNA,315396,317195,+,mRNA,cpbgf_2001425,hypothetical protein,cgd2_1420,no_direct_name,gene split
CP141119.1,mRNA,315413,316315,+,mRNA,cpbgf_2001420,hypothetical protein,cgd2_1420,direct_name,
CP141119.1,mRNA,317029,318583,-,mRNA,cpbgf_2001430,Dynactin subunit p62,cgd2_1430,direct_name,
CP141119.1,mRNA,318660,319491,+,mRNA,cpbgf_2001440,Proteasome subunit alpha type,cgd2_1440,direct_name,
CP141119.1,lnc_RNA,319060,321292,-,ncRNA,cpbgf_2001455,lncRNA,None,None,
CP141119.1,mRNA,319545,321289,+,mRNA,cpbgf_2001450,hypothetical protein,cgd2_1450,direct_name,
CP141119.1,mRNA,321355,323607,+,mRNA,cpbgf_2001460,SUMO-1 activating enzyme subunit 2,cgd2_1460,direct_name,
CP141119.1,mRNA,322568,323862,-,mRNA,cpbgf_2001470,Uncharacterized protein,cgd2_1470,direct_name,
CP141119.1,mRNA,323862,326137,+,mRNA,cpbgf_2001480,Splicing factor U2AF U2 SnRNP auxiliary factor large subunit,cgd2_1480,direct_name,
CP141119.1,mRNA,325230,326231,-,mRNA,cpbgf_2001490,Uncharacterized protein,cgd2_1490,direct_name,
CP141119.1,mRNA,326587,328314,+,mRNA,cpbgf_2001500,Eukaryotic translation initiation factor 3 subunit E withPCI domain,cgd2_1500,direct_name,
CP141119.1,lnc_RNA,326764,328320,-,ncRNA,cpbgf_2001505,lncRNA,None,None,
CP141119.1,mRNA,328389,332296,+,mRNA,cpbgf_2001510,Pseudouridine synthase TruD,cgd2_1510,direct_name,
CP141119.1,mRNA,330128,332656,-,mRNA,cpbgf_2001520,Uncharacterized protein,cgd2_1520,direct_name,
CP141119.1,mRNA,332667,334093,-,mRNA,cpbgf_2001530,Nitrogen permease regulator 2,cgd2_1530,direct_name,
CP141119.1,mRNA,332704,335398,+,mRNA,cpbgf_2001540,Cell growth-regulating nucleolar protein with metal binding domain,cgd2_1540,direct_name,
CP141119.1,mRNA,334546,336247,-,mRNA,cpbgf_2001550,P-loop containing nucleoside triphosphate hydrolase,cgd2_1550,direct_name,
CP141119.1,mRNA,336258,338015,-,mRNA,cpbgf_2001560,Polyprenol kinase family,cgd2_1560,direct_name,
CP141119.1,mRNA,338076,339184,+,mRNA,cpbgf_2001570,vacuolar protein sorting/targeting protein 26,cgd2_1570,direct_name,
CP141119.1,mRNA,339067,339976,-,mRNA,cpbgf_2001580,Dual specificity phosphatase,cgd2_1580,direct_name,
CP141119.1,mRNA,340191,342584,+,mRNA,cpbgf_2001590,Apple/EGF-like/Apple domain containing extracellular protein,cgd2_1590,direct_name,
CP141119.1,mRNA,342135,344830,-,mRNA,cpbgf_2001600,MCM domain containing protein,cgd2_1600,direct_name,
CP141119.1,mRNA,345015,346777,-,mRNA,cpbgf_2001610,Protein kinase domain containing protein,cgd2_1610,direct_name,
CP141119.1,mRNA,346830,348102,+,mRNA,cpbgf_2001620,Uncharacterized protein,cgd2_1620,direct_name,
CP141119.1,mRNA,348491,349815,+,mRNA,cpbgf_2001630,Cytidine and deoxycytidylate deaminase family,cgd2_1630,direct_name,
CP141119.1,mRNA,348839,351782,-,mRNA,cpbgf_2001640,Serine/threonine-protein phosphatase,cgd2_1640,direct_name,
CP141119.1,mRNA,351967,355259,-,mRNA,cpbgf_2001660,Dolichyl-diphosphooligosaccharide--protein glycosyltransferase subunit,cgd2_1660,direct_name,
CP141119.1,mRNA,354085,354714,+,mRNA,cpbgf_2001650,Cyclophilin-type peptidyl-prolyl cis-trans isomerase,cgd2_1650,direct_name,
CP141119.1,mRNA,354545,355311,+,mRNA,cpbgf_2001670,ING1 like protein with an N-terminal globular domain and a PHD domain,cgd2_1670,direct_name,
CP141119.1,mRNA,355259,356437,+,mRNA,cpbgf_2001680,Inhibitor of growth protein N-terminal histone-binding domain containing protein,cgd2_1680,direct_name,
CP141119.1,lnc_RNA,356472,357995,-,ncRNA,cpbgf_2001695,lncRNA,None,None,
CP141119.1,mRNA,356773,357772,+,mRNA,cpbgf_2001690,Uncharacterized protein,cgd2_1690,direct_name,
CP141119.1,mRNA,357933,358512,+,mRNA,cpbgf_2001700,EF-hand domain containing protein,cgd2_1700,direct_name,
CP141119.1,mRNA,358617,364129,+,mRNA,cpbgf_2001710,hypothetical protein,cgd2_1710,direct_name,
CP141119.1,mRNA,362500,364587,-,mRNA,cpbgf_2001720,Uncharacterized protein,cgd2_1720,direct_name,
CP141119.1,mRNA,364535,365761,+,mRNA,cpbgf_2001730,Uncharacterized protein,cgd2_1730,direct_name,
CP141119.1,lnc_RNA,365369,367041,-,ncRNA,cpbgf_2001735,lncRNA,None,None,
CP141119.1,mRNA,365884,368916,+,mRNA,cpbgf_2001750,SWIRM/SANT domain containing protein,cgd2_1750,direct_name,
CP141119.1,tRNA,368461,368544,+,tRNA,cpbgf_2001745,tRNA-Leu,None,None,
CP141119.1,mRNA,368578,370197,-,mRNA,cpbgf_2001755,Ring domain containing protein,cgd2_1750,no_direct_name,gene split
CP141119.1,mRNA,370235,371334,+,mRNA,cpbgf_2001760,Arf GTPase activating protein,cgd2_1760,direct_name,
CP141119.1,lnc_RNA,371165,372718,-,ncRNA,cpbgf_2001765,lncRNA,None,None,
CP141119.1,mRNA,371452,372642,+,mRNA,cpbgf_2001770,Mannose-1-phosphate guanylyltransferase,cgd2_1770,direct_name,
CP141119.1,mRNA,372837,374199,+,mRNA,cpbgf_2001780,PDI like thioredoxin domain containing protein,cgd2_1780,direct_name,
CP141119.1,mRNA,375112,378282,-,mRNA,cpbgf_2001790,Armadillo-type fold protein,cgd2_1790,direct_name,
CP141119.1,lnc_RNA,378297,379713,+,ncRNA,cpbgf_2001805,lncRNA,None,None,
CP141119.1,mRNA,378386,379585,-,mRNA,cpbgf_2001800,DnaJ domain containing protein,cgd2_1800,direct_name,
CP141119.1,mRNA,379682,380827,-,mRNA,cpbgf_2001810,Inositol monophosphatase-like protein,cgd2_1810,direct_name,
CP141119.1,mRNA,380834,381788,-,mRNA,cpbgf_2001820,RING-type Zinc finger protein,cgd2_1820,direct_name,
CP141119.1,mRNA,381881,386183,+,mRNA,cpbgf_2001840,Protein kinase domain containing protein,cgd2_1840,direct_name,
CP141119.1,mRNA,383934,385577,-,mRNA,cpbgf_2001830,signal peptide protein,cgd2_1830,direct_name,
CP141119.1,mRNA,385524,386721,-,mRNA,cpbgf_2001850,Stress-induced protein sti1-like protein with TPR repeat,cgd2_1850,direct_name,
CP141119.1,mRNA,386747,390915,+,mRNA,cpbgf_2001860,Rab-GTPase-TBC domain containing protein,cgd2_1860,direct_name,
CP141119.1,mRNA,390705,391885,-,mRNA,cpbgf_2001870,Guanine nucleotide-binding protein,cgd2_1870,direct_name,
CP141119.1,mRNA,392059,393625,+,mRNA,cpbgf_2001880,Protein kinase domain containing protein,cgd2_1880,direct_name,
CP141119.1,mRNA,393588,394928,+,mRNA,cpbgf_2001890,Uncharacterized protein,cgd2_1890,direct_name,
CP141119.1,mRNA,394206,395670,-,mRNA,cpbgf_2001900,dTDP-glucose 4-6-dehydratase-like protein,cgd2_1900,direct_name,
CP141119.1,mRNA,395831,397729,+,mRNA,cpbgf_2001910,MORN repeat,cgd2_1910,direct_name,
CP141119.1,mRNA,397766,401188,+,mRNA,cpbgf_2001920,Uncharacterized protein,cgd2_1920,direct_name,
CP141119.1,lnc_RNA,400241,403586,-,ncRNA,cpbgf_2001945,lncRNA,None,None,
CP141119.1,mRNA,401256,402319,+,mRNA,cpbgf_2001930,RmlC-like cupin domain containing protein,cgd2_1930,direct_name,
CP141119.1,mRNA,402694,403527,+,mRNA,cpbgf_2001940,RAB6 protein,cgd2_1940,direct_name,
CP141119.1,mRNA,403646,405753,+,mRNA,cpbgf_2001950,PHD/MIZ domain containing protein,cgd2_1950,direct_name,
CP141119.1,mRNA,405759,408251,-,mRNA,cpbgf_2001960,Mitogen-activated protein kinase,cgd2_1960,direct_name,
CP141119.1,mRNA,408447,412361,-,mRNA,cpbgf_2001970,Uncharacterized protein,cgd2_1970,direct_name,
CP141119.1,mRNA,412457,413772,+,mRNA,cpbgf_2001980,Uncharacterized protein,cgd2_1980,direct_name,
CP141119.1,mRNA,413748,414524,-,mRNA,cpbgf_2001990,Golgi SNAP receptor complex subunit 1,cgd2_1990,direct_name,
CP141119.1,mRNA,414550,415775,-,mRNA,cpbgf_2002000,signal peptide/transmembrane domain containing protein,cgd2_2000,direct_name,
CP141119.1,lnc_RNA,415491,416829,+,ncRNA,cpbgf_2002005,lncRNA,None,None,
CP141119.1,mRNA,415971,416851,-,mRNA,cpbgf_2002010,EF-hand domain containing protein,cgd2_2010,direct_name,
CP141119.1,mRNA,416899,417713,-,mRNA,cpbgf_2002020,Uncharacterized protein,cgd2_2020,direct_name,
CP141119.1,mRNA,417748,418544,+,mRNA,cpbgf_2002030,Uncharacterized protein,cgd2_2030,direct_name,
CP141119.1,mRNA,418470,419725,-,mRNA,cpbgf_2002040,Armadillo-type fold protein,cgd2_2040,direct_name,
CP141119.1,mRNA,420239,421191,-,mRNA,cpbgf_2002050,Proteasome subunit alpha type,cgd2_2050,direct_name,
CP141119.1,mRNA,421612,423848,+,mRNA,cpbgf_2002060,transcription factor TFIIH,cgd2_2060,direct_name,
CP141119.1,mRNA,423790,425472,-,mRNA,cpbgf_2002070,Translation elongation factor EF-1 subunit alpha,cgd2_2070,direct_name,
CP141119.1,mRNA,425570,426681,-,mRNA,cpbgf_2002080,Armadillo-type fold protein,cgd2_2080,direct_name,
CP141119.1,mRNA,426744,430163,+,mRNA,cpbgf_2002090,Mitotic control protein dis3,cgd2_2090,direct_name,
CP141119.1,mRNA,430078,430806,-,mRNA,cpbgf_2002100,Uncharacterized protein,cgd2_2100,direct_name,
CP141119.1,mRNA,431081,431788,-,mRNA,cpbgf_2002110,Uncharacterized protein,cgd2_2110,direct_name,
CP141119.1,mRNA,432115,432402,+,mRNA,cpbgf_2002120,High mobility group box domain containing protein,cgd2_2120,direct_name,
CP141119.1,mRNA,432428,437018,-,mRNA,cpbgf_2002130,ATP-dependent 6-phosphofructokinase,cgd2_2130,direct_name,
CP141119.1,mRNA,437428,442884,+,mRNA,cpbgf_2002140,Uncharacterized protein,cgd2_2140,direct_name,
CP141119.1,mRNA,441702,443334,-,mRNA,cpbgf_2002150,Uncharacterized protein,cgd2_2150,direct_name,
CP141119.1,mRNA,442901,446649,-,mRNA,cpbgf_2002160,ER membrane protein complex subunit 1,cgd2_2160,direct_name,
CP141119.1,mRNA,446295,448135,-,mRNA,cpbgf_2002170,Nucleolar GTP-binding protein 2,cgd2_2170,direct_name,
CP141119.1,mRNA,448309,448729,-,mRNA,cpbgf_2002180,Uncharacterized protein,cgd2_2180,direct_name,
CP141119.1,mRNA,448750,450135,-,mRNA,cpbgf_2002190,DHHC palmitoyltransferase,cgd2_2190,direct_name,
CP141119.1,lnc_RNA,450214,451250,+,ncRNA,cpbgf_2002205,lncRNA,None,None,
CP141119.1,mRNA,450273,450975,-,mRNA,cpbgf_2002200,Ribosomal protein L37,cgd2_2200,direct_name,
CP141119.1,mRNA,451211,452524,-,mRNA,cpbgf_2002210,Proteasome regulatory subunit Rpn7/26S proteasome subunit 6,cgd2_2210,direct_name,
CP141119.1,lnc_RNA,451246,452099,+,ncRNA,cpbgf_2002207,lncRNA,None,None,
CP141119.1,mRNA,452626,453875,+,mRNA,cpbgf_2002220,Uncharacterized protein,cgd2_2220,direct_name,
CP141119.1,mRNA,453689,456285,-,mRNA,cpbgf_2002230,Uncharacterized protein,cgd2_2230,direct_name,
CP141119.1,mRNA,456376,459098,+,mRNA,cpbgf_2002250,Retrieval of early ER protein Rer1,cgd2_2250,direct_name,
CP141119.1,mRNA,456379,459038,-,mRNA,cpbgf_2002240,Uncharacterized protein,cgd2_2240,direct_name,
CP141119.1,mRNA,459046,461357,+,mRNA,cpbgf_2002260,Zuotin related factor-1 like protein with DNAJ and SANT domain,cgd2_2260,direct_name,
CP141119.1,mRNA,460193,462397,-,mRNA,cpbgf_2002270,Uncharacterized protein,cgd2_2270,direct_name,
CP141119.1,mRNA,462411,464207,-,mRNA,cpbgf_2002280,Pp2c protein phosphatase 2C,cgd2_2280,direct_name,
CP141119.1,lnc_RNA,462433,463588,+,ncRNA,cpbgf_2002275,lncRNA,None,None,
CP141119.1,mRNA,464261,465392,-,mRNA,cpbgf_2002290,Cyclin 6 pcl7,cgd2_2290,direct_name,
CP141119.1,mRNA,465458,467296,+,mRNA,cpbgf_2002300,Glutamate/acetylglutamate kinase,cgd2_2300,direct_name,
CP141119.1,mRNA,467296,468976,+,mRNA,cpbgf_2002310,Ser/Thr protein kinase,cgd2_2310,direct_name,
CP141119.1,mRNA,469125,476090,+,mRNA,cpbgf_2002320,C2 domain containing protein,cgd2_2320,direct_name,
CP141119.1,lnc_RNA,472664,474199,-,ncRNA,cpbgf_2002315,lncRNA,None,None,
CP141119.1,mRNA,474237,476130,+,mRNA,cpbgf_2002330,Uncharacterized protein,cgd2_2330,direct_name,
CP141119.1,mRNA,474773,479989,-,mRNA,cpbgf_2002340,R1 like alpha-glucan water dikinase,cgd2_2340,direct_name,
CP141119.1,mRNA,480040,484436,+,mRNA,cpbgf_2002350,MA3 domain containing protein,cgd2_2350,direct_name,
CP141119.1,mRNA,482005,487953,-,mRNA,cpbgf_2002360,Dop1p family protein,cgd2_2360,direct_name,
CP141119.1,mRNA,488074,489302,+,mRNA,cpbgf_2002370,Uncharacterized protein,cgd2_2370,direct_name,
CP141119.1,mRNA,489229,490386,+,mRNA,cpbgf_2002380,Uncharacterized protein,cgd2_2380,direct_name,
CP141119.1,mRNA,490131,491500,-,mRNA,cpbgf_2002390,Uncharacterized protein,cgd2_2390,direct_name,
CP141119.1,lnc_RNA,490299,491408,+,ncRNA,cpbgf_2002385,lncRNA,None,None,
CP141119.1,mRNA,491528,496877,+,mRNA,cpbgf_2002410,hypothetical protein,cgd2_2410,direct_name,
CP141119.1,lnc_RNA,492075,495524,-,ncRNA,cpbgf_2002395,lncRNA,None,None,
CP141119.1,mRNA,494516,496470,-,mRNA,cpbgf_2002400,SSM4 like RING finger protein,cgd2_2400,direct_name,
CP141119.1,mRNA,495720,498182,-,mRNA,cpbgf_2002420,RNA pseudouridylate synthase,cgd2_2420,direct_name,
CP141119.1,mRNA,497838,498984,+,mRNA,cpbgf_2002430,Impact family with RWD domain,cgd2_2430,direct_name,
CP141119.1,mRNA,498860,499341,-,mRNA,cpbgf_2002440,Trm112p-like protein,cgd2_2440,direct_name,
CP141119.1,mRNA,499475,500280,+,mRNA,cpbgf_2002450,Uncharacterized protein,cgd2_2450,direct_name,
CP141119.1,mRNA,499993,500781,-,mRNA,cpbgf_2002460,Uncharacterized protein,cgd2_2460,direct_name,
CP141119.1,mRNA,500855,501559,-,mRNA,cpbgf_2002470,Uncharacterized protein,cgd2_2470,direct_name,
CP141119.1,mRNA,501897,503530,+,mRNA,cpbgf_2002480,Methionine aminopeptidase 2,cgd2_2480,direct_name,
CP141119.1,lnc_RNA,503474,504003,-,ncRNA,cpbgf_2002483,lncRNA,None,None,
CP141119.1,lnc_RNA,504030,505046,+,ncRNA,cpbgf_2002485,lncRNA,None,None,
CP141119.1,mRNA,504643,505587,-,mRNA,cpbgf_2002490,Uncharacterized protein,cgd2_2490,direct_name,
CP141119.1,mRNA,505664,507874,+,mRNA,cpbgf_2002500,DNA polymerase alpha/epsilon subunit B,cgd2_2500,direct_name,
CP141119.1,mRNA,506613,509801,-,mRNA,cpbgf_2002510,Glucose-methanol-choline oxidoreductase,cgd2_2510,direct_name,
CP141119.1,mRNA,509878,510819,-,mRNA,cpbgf_2002520,Uncharacterized protein,cgd2_2520,direct_name,
CP141119.1,mRNA,510861,511897,+,mRNA,cpbgf_2002523,Uncharacterized protein,cgd2_2523,direct_name,
CP141119.1,mRNA,511929,513397,+,mRNA,cpbgf_2002530,Uncharacterized protein,cgd2_2530,direct_name,
CP141119.1,mRNA,513416,514064,+,mRNA,cpbgf_2002535,Uncharacterized protein,cgd2_2533,no_direct_name,consistency
CP141119.1,lnc_RNA,513666,514034,-,ncRNA,cpbgf_2002533,lncRNA,None,None,
CP141119.1,mRNA,514071,514439,+,mRNA,cpbgf_2002540,Glutaredoxin,cgd2_2540,direct_name,
CP141119.1,lnc_RNA,514078,514521,-,ncRNA,cpbgf_2002545,lncRNA,None,None,
CP141119.1,mRNA,514649,521232,+,mRNA,cpbgf_2002550,Uncharacterized protein,cgd2_2550,direct_name,
CP141119.1,mRNA,521586,524477,-,mRNA,cpbgf_2002560,Uncharacterized protein,cgd2_2560,direct_name,
CP141119.1,lnc_RNA,524330,525304,+,ncRNA,cpbgf_2002565,lncRNA,None,None,
CP141119.1,mRNA,524636,525352,-,mRNA,cpbgf_2002570,Uncharacterized protein,cgd2_2570,direct_name,
CP141119.1,mRNA,525650,532776,+,mRNA,cpbgf_2002590,Uncharacterized protein,cgd2_2590,direct_name,
CP141119.1,lnc_RNA,525862,526901,-,ncRNA,cpbgf_2002575,lncRNA,None,None,
CP141119.1,mRNA,532577,534191,-,mRNA,cpbgf_2002600,Uncharacterized protein,cgd2_2600,direct_name,
CP141119.1,lnc_RNA,534238,535437,+,ncRNA,cpbgf_2002605,lncRNA,None,None,
CP141119.1,mRNA,534280,542579,-,mRNA,cpbgf_2002610,Secreted GGC gene family protein,cgd2_2610,direct_name,
CP141119.1,lnc_RNA,541036,542504,+,ncRNA,cpbgf_2002607,lncRNA,None,None,
CP141119.1,mRNA,542635,544628,+,mRNA,cpbgf_2002620,Uncharacterized protein,cgd2_2620,direct_name,
CP141119.1,lnc_RNA,543149,546938,-,ncRNA,cpbgf_2002635,lncRNA,None,None,
CP141119.1,mRNA,544685,546913,+,mRNA,cpbgf_2002630,Uncharacterized protein,cgd2_2630,direct_name,
CP141119.1,mRNA,547040,547683,+,mRNA,cpbgf_2002640,Uncharacterized protein,cgd2_2640,direct_name,
CP141119.1,lnc_RNA,547616,551281,-,ncRNA,cpbgf_2002665,lncRNA,None,None,
CP141119.1,mRNA,548112,549494,+,mRNA,cpbgf_2002650,Uncharacterized protein,cgd2_2650,direct_name,
CP141119.1,mRNA,549557,551046,+,mRNA,cpbgf_2002660,UDP N-acetylglucosamine transporter-like nucleotide sugar transporter,cgd2_2660,direct_name,
CP141119.1,mRNA,551386,552790,+,mRNA,cpbgf_2002670,UDP N-acetylglucosamine transporter-like nucleotide sugar transporter,cgd2_2670,direct_name,
CP141119.1,mRNA,552755,557442,-,mRNA,cpbgf_2002680,cation transport Atpase,cgd2_2680,direct_name,
CP141119.1,mRNA,557380,558552,+,mRNA,cpbgf_2002690,Bromodomain containing protein,cgd2_2690,direct_name,
CP141119.1,mRNA,558758,560568,+,mRNA,cpbgf_2002700,Brf1p like coiled coil protein,cgd2_2700,direct_name,
CP141119.1,mRNA,560545,562414,-,mRNA,cpbgf_2002710,RNA methyltransferase TrmA-like protein,cgd2_2710,direct_name,
CP141119.1,mRNA,562512,566243,+,mRNA,cpbgf_2002720,ARM repeat containing protein,cgd2_2720,direct_name,
CP141119.1,mRNA,565677,570243,-,mRNA,cpbgf_2002730,Po1 beta superfamily nucleotidyltransferase,cgd2_2730,direct_name,
CP141119.1,mRNA,570360,573502,+,mRNA,cpbgf_2002740,Mitochondrial matrix Mmp37,cgd2_2740,direct_name,
CP141119.1,mRNA,572250,576387,-,mRNA,cpbgf_2002750,Structural maintenance of chromosomes protein,cgd2_2750,direct_name,
CP141119.1,mRNA,576540,578845,+,mRNA,cpbgf_2002760,insulinase-like peptidase,cgd2_2760,direct_name,
CP141119.1,mRNA,578964,585548,-,mRNA,cpbgf_2002770,U5 small nuclear ribonucleoprotein 200kDA helicase/Pre-mRNA splicing helicase BRR2 2,cgd2_2770,direct_name,
CP141119.1,lnc_RNA,579550,584083,+,ncRNA,cpbgf_2002765,lncRNA,None,None,
CP141119.1,mRNA,585955,587243,+,mRNA,cpbgf_2002780,dCMP deaminase,cgd2_2780,direct_name,
CP141119.1,mRNA,587168,588327,-,mRNA,cpbgf_2002790,ZC3H15/TMA46 family C-terminal domain containing protein,cgd2_2790,direct_name,
CP141119.1,lnc_RNA,588380,589825,+,ncRNA,cpbgf_2002805,lncRNA,None,None,
CP141119.1,mRNA,588538,589432,-,mRNA,cpbgf_2002800,THUMP RNA binding domain containing protein,cgd2_2800,direct_name,
CP141119.1,mRNA,589433,590502,-,mRNA,cpbgf_2002810,mRNA splicing factor SYF2,cgd2_2810,direct_name,
CP141119.1,mRNA,590368,592036,+,mRNA,cpbgf_2002820,Spt4/RpoE2 zinc finger,cgd2_2820,direct_name,
CP141119.1,mRNA,590720,592164,-,mRNA,cpbgf_2002830,Coenzyme Q3/methyltransferase,cgd2_2830,direct_name,
CP141119.1,mRNA,592245,595682,-,mRNA,cpbgf_2002840,Pleckstrin homology domain containing protein,cgd2_2840,direct_name,
CP141119.1,lnc_RNA,592299,593978,+,ncRNA,cpbgf_2002835,lncRNA,None,None,
CP141119.1,mRNA,595580,597522,-,mRNA,cpbgf_2002860,Uncharacterized protein,cgd2_2860,direct_name,
CP141119.1,mRNA,596885,597479,+,mRNA,cpbgf_2002850,Uncharacterized protein,cgd2_2850,direct_name,
CP141119.1,mRNA,597557,598072,+,mRNA,cpbgf_2002870,Ribosomal protein S28e,cgd2_2870,direct_name,
CP141119.1,mRNA,597685,600929,+,mRNA,cpbgf_2002890,Biotin--acetyl-CoA-carboxylase ligase,cgd2_2890,direct_name,
CP141119.1,mRNA,598242,599413,-,mRNA,cpbgf_2002880,WD-40 repeat containing protein,cgd2_2880,direct_name,
CP141119.1,mRNA,600414,601356,-,mRNA,cpbgf_2002900,Uncharacterized protein,cgd2_2900,direct_name,
CP141119.1,mRNA,601536,604884,+,mRNA,cpbgf_2002910,WD repeat containing protein,cgd2_2910,direct_name,
CP141119.1,lnc_RNA,601742,604635,-,ncRNA,cpbgf_2002905,lncRNA,None,None,
CP141119.1,mRNA,605319,607068,+,mRNA,cpbgf_2002920,ER lumen protein retaining receptor,cgd2_2920,direct_name,
CP141119.1,mRNA,606373,608665,-,mRNA,cpbgf_2002930,Uncharacterized protein,cgd2_2930,direct_name,
CP141119.1,mRNA,608710,613579,-,mRNA,cpbgf_2002940,type 1 K Homology domain containing protein,cgd2_2940,direct_name,
CP141119.1,mRNA,613646,620677,-,mRNA,cpbgf_2002950,RING/Armadillo-type fold domain containing protein,cgd2_2950,direct_name,
CP141119.1,lnc_RNA,613811,615727,+,ncRNA,cpbgf_2002945,lncRNA,None,None,
CP141119.1,mRNA,620774,622726,+,mRNA,cpbgf_2002960,Serine/threonine phosphatase,cgd2_2960,direct_name,
CP141119.1,mRNA,622560,623248,-,mRNA,cpbgf_2002970,DNA-directed RNA polymerase II,cgd2_2970,direct_name,
CP141119.1,mRNA,623366,627053,+,mRNA,cpbgf_2002980,Uncharacterized protein,cgd2_2980,direct_name,
CP141119.1,mRNA,626872,627921,-,mRNA,cpbgf_2002990,60S ribosomal protein L13,cgd2_2990,direct_name,
CP141119.1,mRNA,628172,629075,+,mRNA,cpbgf_2003000,40S ribosomal protein S16,cgd2_3000,direct_name,
CP141119.1,mRNA,628838,631481,-,mRNA,cpbgf_2003010,N-ethylmaleimide-sensitive factor (NSF1)-like AAA Atpase,cgd2_3010,direct_name,
CP141119.1,mRNA,631605,632301,+,mRNA,cpbgf_2003020,PH domain-like protein,cgd2_3020,direct_name,
CP141119.1,mRNA,632597,634751,+,mRNA,cpbgf_2003030,Uncharacterized protein,cgd2_3030,direct_name,
CP141119.1,mRNA,634572,635960,-,mRNA,cpbgf_2003040,Uncharacterized protein,cgd2_3040,direct_name,
CP141119.1,mRNA,635988,638202,-,mRNA,cpbgf_2003060,Uncharacterized protein,cgd2_3060,direct_name,
CP141119.1,mRNA,636191,637215,+,mRNA,cpbgf_2003050,Uncharacterized protein,cgd2_3050,direct_name,
CP141119.1,mRNA,638343,639453,-,mRNA,cpbgf_2003070,High mobility group box domain containing protein,cgd2_3070,direct_name,
CP141119.1,mRNA,639583,641617,+,mRNA,cpbgf_2003080,CpTSP10 protein/Kringle domain containing protein,cgd2_3080,direct_name,
CP141119.1,lnc_RNA,640145,641618,-,ncRNA,cpbgf_2003085,lncRNA,None,None,
CP141119.1,mRNA,642005,644368,+,mRNA,cpbgf_2003090,Uncharacterized protein,cgd2_3090,direct_name,
CP141119.1,lnc_RNA,644491,646240,-,ncRNA,cpbgf_2003103,lncRNA,None,None,
CP141119.1,mRNA,644508,646163,+,mRNA,cpbgf_2003100,Acyltransferase 3,cgd2_3100,direct_name,
CP141119.1,lnc_RNA,646269,648363,+,ncRNA,cpbgf_2003105,lncRNA,None,None,
CP141119.1,mRNA,646309,650378,-,mRNA,cpbgf_2003110,Uncharacterized protein,cgd2_3110,direct_name,
CP141119.1,mRNA,650772,652965,+,mRNA,cpbgf_2003120,Uncharacterized protein,cgd2_3120,direct_name,
CP141119.1,mRNA,653211,654470,-,mRNA,cpbgf_2003130,Uncharacterized protein,cgd2_3130,direct_name,
CP141119.1,mRNA,655785,658040,-,mRNA,cpbgf_2003140,Uncharacterized protein,cgd2_3140,direct_name,
CP141119.1,mRNA,658733,660709,+,mRNA,cpbgf_2003150,Ubiquitin fusion degradation protein UFD1,cgd2_3150,direct_name,
CP141119.1,mRNA,660723,661624,-,mRNA,cpbgf_2003160,Uncharacterized protein,cgd2_3160,direct_name,
CP141119.1,mRNA,662332,664625,-,mRNA,cpbgf_2003170,Rab-GTPase-TBC domain containing protein,cgd2_3170,direct_name,
CP141119.1,mRNA,665105,666611,-,mRNA,cpbgf_2003180,DNA polymerase III delta subunit,cgd2_3180,direct_name,
CP141119.1,mRNA,666743,668813,-,mRNA,cpbgf_2003190,Protein kinase,cgd2_3190,direct_name,
CP141119.1,mRNA,668984,671004,+,mRNA,cpbgf_2003200,Glucose-6-phosphate isomerase,cgd2_3200,direct_name,
CP141119.1,mRNA,671059,672361,-,mRNA,cpbgf_2003210,Uncharacterized protein,cgd2_3210,direct_name,
CP141119.1,mRNA,673506,674941,+,mRNA,cpbgf_2003220,FDF/Scd6-like Sm domain containing protein,cgd2_3220,direct_name,
CP141119.1,lnc_RNA,673855,675212,-,ncRNA,cpbgf_2003225,lncRNA,None,None,
CP141119.1,mRNA,675339,677748,+,mRNA,cpbgf_2003230,DnaJ/Thioredoxin domain containing protein,cgd2_3230,direct_name,
CP141119.1,lnc_RNA,675567,678311,-,ncRNA,cpbgf_2003235,lncRNA,None,None,
CP141119.1,mRNA,678144,679824,+,mRNA,cpbgf_2003240,Arf GTPase activating protein,cgd2_3240,direct_name,
CP141119.1,lnc_RNA,678480,683435,-,ncRNA,cpbgf_2003260,lncRNA,None,None,
CP141119.1,mRNA,680365,683247,+,mRNA,cpbgf_2003250,Tetratricopeptide repeat,cgd2_3250,direct_name,
CP141119.1,mRNA,683989,685944,+,mRNA,cpbgf_2003270,hypothetical protein,cgd2_3270,direct_name,
CP141119.1,mRNA,689259,691892,+,mRNA,cpbgf_2003290,Uncharacterized protein,cgd2_3290,direct_name,
CP141119.1,lnc_RNA,690723,691764,-,ncRNA,cpbgf_2003285,lncRNA,None,None,
CP141119.1,mRNA,692449,694175,-,mRNA,cpbgf_2003300,RecQ mediated genome instability protein N-terminal domain containing protein,cgd2_3300,direct_name,
CP141119.1,mRNA,694525,697280,-,mRNA,cpbgf_2003310,Uncharacterized protein,cgd2_3310,direct_name,
CP141119.1,mRNA,697423,700304,-,mRNA,cpbgf_2003320,Papain family cysteine protease,cgd2_3320,direct_name,
CP141119.1,mRNA,700932,704324,-,mRNA,cpbgf_2003330,Hsp70 protein,cgd2_3330,direct_name,
CP141119.1,mRNA,704414,707190,+,mRNA,cpbgf_2003340,Ser/Thr protein kinase,cgd2_3340,direct_name,
CP141119.1,mRNA,707889,709270,+,mRNA,cpbgf_2003350,Uncharacterized protein,cgd2_3350,direct_name,
CP141119.1,mRNA,709552,712910,-,mRNA,cpbgf_2003360,Uncharacterized protein,cgd2_3360,direct_name,
CP141119.1,mRNA,713239,714479,-,mRNA,cpbgf_2003370,hypothetical protein,cgd2_3370,direct_name,
CP141119.1,mRNA,714572,716463,+,mRNA,cpbgf_2003380,FAM76 protein,cgd2_3380,direct_name,
CP141119.1,mRNA,716622,717171,+,mRNA,cpbgf_2003390,Uncharacterized protein,cgd2_3390,direct_name,
CP141119.1,mRNA,717318,717900,+,mRNA,cpbgf_2003395,Uncharacterized protein,cgd2_3403,no_direct_name,consistency
CP141119.1,mRNA,717858,720547,-,mRNA,cpbgf_2003400,Dynamin-related protein,cgd2_3400,direct_name,
CP141119.1,mRNA,720903,721761,-,mRNA,cpbgf_2003410,ARF1/2 like small Gtpase,cgd2_3410,direct_name,
CP141119.1,mRNA,721868,723334,-,mRNA,cpbgf_2003420,Programmed cell death protein 2,cgd2_3420,direct_name,
CP141119.1,mRNA,723361,728232,+,mRNA,cpbgf_2003430,SDA1-like protein,cgd2_3430,direct_name,
CP141119.1,snRNA,726093,726275,+,ncRNA,cpbgf_2003425,snRNA,None,None,
CP141119.1,mRNA,726856,731783,-,mRNA,cpbgf_2003440,Telomerase reverse transcriptase,cgd2_3440,direct_name,
CP141119.1,mRNA,732299,733867,+,mRNA,cpbgf_2003450,Ubiquitin carboxyl-terminal hydrolase,cgd2_3450,direct_name,
CP141119.1,mRNA,734185,736561,+,mRNA,cpbgf_2003460,Myb-like DNA-binding /CHY zinc finger domain-containing protein,cgd2_3460,direct_name,
CP141119.1,mRNA,736527,737588,-,mRNA,cpbgf_2003470,Uncharacterized protein,cgd2_3470,direct_name,
CP141119.1,mRNA,737724,740066,+,mRNA,cpbgf_2003480,Uncharacterized protein,cgd2_3480,direct_name,
CP141119.1,lnc_RNA,739001,739925,-,ncRNA,cpbgf_2003475,lncRNA,None,None,
CP141119.1,mRNA,740447,744504,+,mRNA,cpbgf_2003490,AP2/ERF domain containing protein,cgd2_3490,direct_name,
CP141119.1,mRNA,745096,747210,-,mRNA,cpbgf_2003500,Uncharacterized protein,cgd2_3500,direct_name,
CP141119.1,lnc_RNA,745484,746526,+,ncRNA,cpbgf_2003495,lncRNA,None,None,
CP141119.1,mRNA,747500,750226,+,mRNA,cpbgf_2003510,Cus1p U2 snRNP protein,cgd2_3510,direct_name,
CP141119.1,mRNA,749514,751130,-,mRNA,cpbgf_2003520,Uncharacterized protein,cgd2_3520,direct_name,
CP141119.1,mRNA,751729,753342,-,mRNA,cpbgf_2003530,RNA binding motif,cgd2_3530,direct_name,
CP141119.1,mRNA,754993,762922,+,mRNA,cpbgf_2003540,PHD domain containing protein,cgd2_3540,direct_name,
CP141119.1,mRNA,762640,765318,-,mRNA,cpbgf_2003550,Nucleoporin NSP1/NUP62,cgd2_3550,direct_name,
CP141119.1,mRNA,766752,768101,+,mRNA,cpbgf_2003560,Protease PrsW,cgd2_3560,direct_name,
CP141119.1,mRNA,768164,769838,-,mRNA,cpbgf_2003570,Dus1p tRNA dihydouriding synthase,cgd2_3570,direct_name,
CP141119.1,mRNA,770069,772569,-,mRNA,cpbgf_2003580,Uncharacterized protein,cgd2_3580,direct_name,
CP141119.1,snoRNA,773482,773978,+,ncRNA,cpbgf_2003583,snoRNA,None,None,
CP141119.1,snRNA,774166,774455,+,ncRNA,cpbgf_2003584,snRNA,None,None,
CP141119.1,mRNA,774534,794978,-,mRNA,cpbgf_2003590,Uncharacterized protein,cgd2_3590,direct_name,
CP141119.1,lnc_RNA,781084,781597,+,ncRNA,cpbgf_2003585,lncRNA,None,None,
CP141119.1,mRNA,795622,800513,+,mRNA,cpbgf_2003600,Armadillo-type fold protein,cgd2_3600,direct_name,
CP141119.1,mRNA,800545,805449,-,mRNA,cpbgf_2003620,WD40 repeat protein,cgd2_3620,direct_name,
CP141119.1,mRNA,805882,807899,+,mRNA,cpbgf_2003630,Uncharacterized protein,cgd2_3630,direct_name,
CP141119.1,mRNA,808443,810315,+,mRNA,cpbgf_2003645,Bromodomain containing protein,cgd2_3640,no_direct_name,
CP141119.1,mRNA,810228,811862,-,mRNA,cpbgf_2003650,HAD-like domain containing protein,cgd2_3650,direct_name,
CP141119.1,lnc_RNA,810244,812245,+,ncRNA,cpbgf_2003655,lncRNA,None,None,
CP141119.1,mRNA,811886,814331,-,mRNA,cpbgf_2003660,Subtilase family,cgd2_3660,direct_name,
CP141119.1,mRNA,814470,816931,-,mRNA,cpbgf_2003670,Uncharacterized protein,cgd2_3670,direct_name,
CP141119.1,lnc_RNA,816821,817829,+,ncRNA,cpbgf_2003675,lncRNA,None,None,
CP141119.1,mRNA,816942,819271,-,mRNA,cpbgf_2003680,Ribosome biogenesis protein BOP1-like protein,cgd2_3680,direct_name,
CP141119.1,mRNA,819366,832215,+,mRNA,cpbgf_2003695,Armadillo-like helical containing protein,cgd2_3690,no_direct_name,
CP141119.1,mRNA,831849,832303,-,mRNA,cpbgf_2003690,Armadillo-like helical containing protein,cgd2_3690,direct_name,
CP141119.1,mRNA,832784,837869,-,mRNA,cpbgf_2003700,SWI/SNF related transcriptional regulator ATpase,cgd2_3700,direct_name,
CP141119.1,mRNA,838684,840218,+,mRNA,cpbgf_2003710,Pfa MAL6P1.309 like protein,cgd2_3710,direct_name,
CP141119.1,mRNA,840295,841068,+,mRNA,cpbgf_2003720,Uncharacterized protein,cgd2_3720,direct_name,
CP141119.1,mRNA,841228,842336,-,mRNA,cpbgf_2003730,Glutathione S-transferase C-terminal domain containing protein,cgd2_3730,direct_name,
CP141119.1,mRNA,842497,844132,-,mRNA,cpbgf_2003740,Uncharacterized protein,cgd2_3740,direct_name,
CP141119.1,lnc_RNA,842636,843776,+,ncRNA,cpbgf_2003735,lncRNA,None,None,
CP141119.1,mRNA,844375,847012,+,mRNA,cpbgf_2003750,Uncharacterized protein,cgd2_3750,direct_name,
CP141119.1,lnc_RNA,844417,847763,-,ncRNA,cpbgf_2003765,lncRNA,None,None,
CP141119.1,mRNA,846875,847732,+,mRNA,cpbgf_2003760,Trafficking protein particle complex subunit 2,cgd2_3760,direct_name,
CP141119.1,mRNA,848139,849431,+,mRNA,cpbgf_2003770,Uncharacterized protein,cgd2_3770,direct_name,
CP141119.1,mRNA,849848,852267,+,mRNA,cpbgf_2003780,Uncharacterized protein,cgd2_3780,direct_name,
CP141119.1,mRNA,852752,853066,-,mRNA,cpbgf_2003790,EF-hand domain protein,cgd2_3790,direct_name,
CP141119.1,mRNA,853344,854610,-,mRNA,cpbgf_2003800,Uncharacterized protein,cgd2_3800,direct_name,
CP141119.1,mRNA,855055,857100,+,mRNA,cpbgf_2003820,Uncharacterized protein,cgd2_3820,direct_name,
CP141119.1,mRNA,857173,859984,-,mRNA,cpbgf_2003830,Uncharacterized protein,cgd2_3830,direct_name,
CP141119.1,mRNA,860202,861281,+,mRNA,cpbgf_2003840,Uncharacterized protein,cgd2_3840,direct_name,
CP141119.1,mRNA,861748,865724,+,mRNA,cpbgf_2003850,Formin Homology 2 Domain,cgd2_3850,direct_name,
CP141119.1,mRNA,865711,867785,+,mRNA,cpbgf_2003860,BBOX Zinc finger domain containing protein,cgd2_3860,direct_name,
CP141119.1,mRNA,868546,874492,+,mRNA,cpbgf_2003870,ABC transporter,cgd2_3870,direct_name,
CP141119.1,mRNA,874527,876123,-,mRNA,cpbgf_2003880,ad51-like AAA domain containing protein,cgd2_3880,direct_name,
CP141119.1,mRNA,876809,878005,+,mRNA,cpbgf_2003890,Serine/threonine-protein kinase,cgd2_3890,direct_name,
CP141119.1,mRNA,878022,881747,-,mRNA,cpbgf_2003900,Uncharacterized protein,cgd2_3900,direct_name,
CP141119.1,mRNA,882602,883432,+,mRNA,cpbgf_2003910,Enhancer of rudimentary,cgd2_3910,direct_name,
CP141119.1,mRNA,883924,884937,+,mRNA,cpbgf_2003913,Uncharacterized protein,cgd2_3913,direct_name,
CP141119.1,mRNA,885142,889204,-,mRNA,cpbgf_2003920,hypothetical protein,cgd2_3920,direct_name,
CP141119.1,lnc_RNA,888056,888667,+,ncRNA,cpbgf_2003915,lncRNA,None,None,
CP141119.1,mRNA,890205,891487,+,mRNA,cpbgf_2003930,Deoxyhypusine synthase,cgd2_3930,direct_name,
CP141119.1,mRNA,891491,892804,-,mRNA,cpbgf_2003940,fatty acid binding protein,cgd2_3940,direct_name,
CP141119.1,mRNA,893379,894440,+,mRNA,cpbgf_2003950,Translation elongation factor EF1B/ribosomal protein S6,cgd2_3950,direct_name,
CP141119.1,lnc_RNA,894440,896255,-,ncRNA,cpbgf_2003955,lncRNA,None,None,
CP141119.1,mRNA,894692,896575,+,mRNA,cpbgf_2003960,V-ATPase subunit H,cgd2_3960,direct_name,
CP141119.1,mRNA,897239,898395,+,mRNA,cpbgf_2003970,RNA recognition motif domain containing protein,cgd2_3970,direct_name,
CP141119.1,mRNA,899990,901997,+,mRNA,cpbgf_2003980,Myb domain containing protein,cgd2_3980,direct_name,
CP141119.1,lnc_RNA,900997,902153,-,ncRNA,cpbgf_2003985,lncRNA,None,None,
CP141119.1,mRNA,902186,903899,+,mRNA,cpbgf_2003990,EF-hand domain containing protein,cgd2_3990,direct_name,
CP141119.1,mRNA,902430,904560,-,mRNA,cpbgf_2004000,Uncharacterized protein,cgd2_4000,direct_name,
CP141119.1,mRNA,904812,905956,-,mRNA,cpbgf_2004010,MAL7P1.13-like protein,cgd2_4010,direct_name,
CP141119.1,mRNA,906033,907143,+,mRNA,cpbgf_2004020,Uncharacterized protein,cgd2_4020,direct_name,
CP141119.1,mRNA,907474,910198,+,mRNA,cpbgf_2004030,Uncharacterized protein,cgd2_4030,direct_name,
CP141119.1,mRNA,910135,914825,-,mRNA,cpbgf_2004040,DEXDc/Helicase domain containing protein,cgd2_4040,direct_name,
CP141119.1,mRNA,915360,918342,-,mRNA,cpbgf_2004050,Triacylglycerol lipase with Patatin-like phospholipase domain,cgd2_4050,direct_name,
CP141119.1,mRNA,918964,921192,+,mRNA,cpbgf_2004060,Uncharacterized protein,cgd2_4060,direct_name,
CP141119.1,mRNA,921205,922372,-,mRNA,cpbgf_2004070,DNA recombination and repair protein RecA-like,cgd2_4070,direct_name,
CP141119.1,mRNA,921901,924836,-,mRNA,cpbgf_2004080,OB fold single strand binding protein,cgd2_4080,direct_name,
CP141119.1,mRNA,924895,927097,+,mRNA,cpbgf_2004090,50S ribosome-binding GTPase,cgd2_4090,direct_name,
CP141119.1,mRNA,927207,927816,-,mRNA,cpbgf_2004100,Uncharacterized protein,cgd2_4100,direct_name,
CP141119.1,mRNA,927965,929122,+,mRNA,cpbgf_2004103,Uncharacterized protein,cgd2_4103,direct_name,
CP141119.1,mRNA,929423,932210,+,mRNA,cpbgf_2004110,Ubiquitin-conjugating enzyme,cgd2_4110,direct_name,
CP141119.1,lnc_RNA,929865,931910,-,ncRNA,cpbgf_2004105,lncRNA,None,None,
CP141119.1,mRNA,932163,934260,-,mRNA,cpbgf_2004130,Rho termination factor,cgd2_4130,direct_name,
CP141119.1,mRNA,932173,933651,+,mRNA,cpbgf_2004120,Peptidyl-prolyl cis-trans isomerase,cgd2_4120,direct_name,
CP141119.1,mRNA,933847,935358,-,mRNA,cpbgf_2004140,Mitochondrial import inner membrane translocase subunit tim17,cgd2_4140,direct_name,
CP141119.1,lnc_RNA,934780,935315,+,ncRNA,cpbgf_2004135,lncRNA,None,None,
CP141119.1,tRNA,935713,935794,+,tRNA,cpbgf_2004145,tRNA-Cys,None,None,
CP141119.1,mRNA,936112,937667,+,mRNA,cpbgf_2004150,Articulin family protein,cgd2_4150,direct_name,
CP141119.1,lnc_RNA,937788,939062,-,ncRNA,cpbgf_2004155,lncRNA,None,None,
CP141119.1,mRNA,939146,940424,+,mRNA,cpbgf_2004160,Uncharacterized protein,cgd2_4160,direct_name,
CP141119.1,mRNA,940132,940802,-,mRNA,cpbgf_2004170,Uncharacterized protein,cgd2_4170,direct_name,
CP141119.1,tRNA,940830,940938,-,tRNA,cpbgf_2004175,tRNA-Phe,None,None,
CP141119.1,mRNA,941237,942431,+,mRNA,cpbgf_2004180,Uncharacterized protein,cgd2_4180,direct_name,
CP141119.1,mRNA,942138,945999,-,mRNA,cpbgf_2004190,DEXDc/HELICc domain containing protein,cgd2_4190,direct_name,
CP141119.1,mRNA,946471,948113,+,mRNA,cpbgf_2004200,Organic solute transporter subunit alpha/Transmembrane protein 184,cgd2_4200,direct_name,
CP141119.1,lnc_RNA,946498,948146,-,ncRNA,cpbgf_2004205,lncRNA,None,None,
CP141119.1,mRNA,948275,949899,+,mRNA,cpbgf_2004210,Uncharacterized protein,cgd2_4210,direct_name,
CP141119.1,mRNA,949888,952829,-,mRNA,cpbgf_2004220,Uncharacterized protein,cgd2_4220,direct_name,
CP141119.1,mRNA,952772,953333,-,mRNA,cpbgf_2004230,Uncharacterized protein,cgd2_4230,direct_name,
CP141119.1,mRNA,953473,958152,+,mRNA,cpbgf_2004240,hypothetical protein,cgd2_4240,direct_name,
CP141119.1,mRNA,958196,960539,-,mRNA,cpbgf_2004250,SPAC1486.03c-like tuftelin-interacting protein with G-patch domain,cgd2_4250,direct_name,
CP141119.1,lnc_RNA,961042,962231,-,ncRNA,cpbgf_2004265,lncRNA,None,None,
CP141119.1,mRNA,961046,962027,+,mRNA,cpbgf_2004260,40S ribosomal protein S6,cgd2_4260,direct_name,
CP141119.1,mRNA,962360,966203,+,mRNA,cpbgf_2004270,Secreted insulinase-like peptidase,cgd2_4270,direct_name,
CP141119.1,mRNA,966263,968952,+,mRNA,cpbgf_2004290,Structure-specific endonuclease subunit SLX1-like protein,cgd2_4290,direct_name,
CP141119.1,mRNA,967712,968840,-,mRNA,cpbgf_2004280,Uncharacterized protein,cgd2_4280,direct_name,
CP141119.1,mRNA,969428,970296,+,mRNA,cpbgf_2004300,Maf-like protein,cgd2_4300,direct_name,
CP141119.1,mRNA,969858,970794,-,mRNA,cpbgf_2004310,Uncharacterized protein,cgd2_4310,direct_name,
CP141119.1,lnc_RNA,970798,972051,+,ncRNA,cpbgf_2004315,lncRNA,None,None,
CP141119.1,mRNA,970824,972449,-,mRNA,cpbgf_2004320,Thioredoxin/glutathione reductase selenoprotein,cgd2_4320,direct_name,
CP141119.1,mRNA,972509,973575,+,mRNA,cpbgf_2004330,Trafficking protein particle complex subunit,cgd2_4330,direct_name,
CP141119.1,mRNA,973693,975544,+,mRNA,cpbgf_2004340,Mitogen-activated protein kinase,cgd2_4340,direct_name,
CP141119.1,mRNA,975792,979896,+,mRNA,cpbgf_2004350,Patched family protein,cgd2_4350,direct_name,
CP141119.1,lnc_RNA,976164,980551,-,ncRNA,cpbgf_2004353,lncRNA,None,None,
CP141119.1,mRNA,980447,982870,-,mRNA,cpbgf_2004360,Uncharacterized protein,cgd2_4360,direct_name,
CP141119.1,lnc_RNA,980731,982789,+,ncRNA,cpbgf_2004355,lncRNA,None,None,
CP141119.1,lnc_RNA,983026,984267,+,ncRNA,cpbgf_2004365,lncRNA,None,None,
CP141119.1,mRNA,984495,986673,+,mRNA,cpbgf_2004370,Signal peptide containing protein,cgd2_4370,direct_name,
CP141119.1,lnc_RNA,986956,989476,-,ncRNA,cpbgf_2004375,lncRNA,None,None,
CP141119.1,mRNA,989597,991278,+,mRNA,cpbgf_2004380,Signal peptide containing protein/gene anchored to telomere,cgd2_4380,direct_name,
CP141120.1,mRNA,169,4189,-,mRNA,cpbgf_30010,putative Secreted Protein(SKSR gene family),cgd3_10,direct_name,
CP141120.1,lnc_RNA,4439,5127,-,ncRNA,cpbgf_30015,lncRNA,None,None,
CP141120.1,mRNA,5955,7403,+,mRNA,cpbgf_30020,Uncharacterized protein,cgd3_20,direct_name,
CP141120.1,mRNA,6357,8824,-,mRNA,cpbgf_30030,Uncharacterized protein,cgd3_30,direct_name,
CP141120.1,mRNA,8985,11431,-,mRNA,cpbgf_30040,Casein kinase I,cgd3_40,direct_name,
CP141120.1,mRNA,12194,16635,+,mRNA,cpbgf_30050,Putative serine esterase,cgd3_50,direct_name,
CP141120.1,lnc_RNA,12528,14752,-,ncRNA,cpbgf_30055,lncRNA,None,None,
CP141120.1,mRNA,15215,16843,-,mRNA,cpbgf_30060,Uncharacterized protein,cgd3_60,direct_name,
CP141120.1,mRNA,16943,17731,+,mRNA,cpbgf_30070,Uncharacterized protein,cgd3_70,direct_name,
CP141120.1,mRNA,17750,19275,-,mRNA,cpbgf_30080,Adenosylhomocysteinase,cgd3_80,direct_name,
CP141120.1,mRNA,20106,22388,+,mRNA,cpbgf_30090,Uncharacterized protein,cgd3_90,direct_name,
CP141120.1,mRNA,22516,23861,+,mRNA,cpbgf_300100,Uncharacterized protein,cgd3_100,direct_name,
CP141120.1,mRNA,24066,26308,+,mRNA,cpbgf_300110,Asparagine synthetase B like protein,cgd3_110,direct_name,
CP141120.1,mRNA,26336,27172,+,mRNA,cpbgf_300120,Chromosome segregation protein Spc25,cgd3_120,direct_name,
CP141120.1,mRNA,26506,28456,-,mRNA,cpbgf_300130,DRG like OBG family Gtpase with TGS domain,cgd3_130,direct_name,
CP141120.1,mRNA,28699,33111,+,mRNA,cpbgf_300140,B-tubulin specific chaparone,cgd3_140,direct_name,
CP141120.1,lnc_RNA,33052,34926,-,ncRNA,cpbgf_300145,lncRNA,None,None,
CP141120.1,mRNA,33302,34780,+,mRNA,cpbgf_300150,Uncharacterized protein,cgd3_150,direct_name,
CP141120.1,mRNA,35022,37328,+,mRNA,cpbgf_300160,Uncharacterized protein,cgd3_160,direct_name,
CP141120.1,lnc_RNA,35930,37280,-,ncRNA,cpbgf_300165,lncRNA,None,None,
CP141120.1,mRNA,37417,38333,+,mRNA,cpbgf_300170,rRNA biogenesis protein RRP36,cgd3_170,direct_name,
CP141120.1,mRNA,38248,39223,-,mRNA,cpbgf_300180,KOG1666/V-SNARE domain containing protein,cgd3_180,direct_name,
CP141120.1,mRNA,39972,42317,-,mRNA,cpbgf_300190,Fibrillin/EGF-like calcium-binding conserved site-containing protein,cgd3_190,direct_name,
CP141120.1,mRNA,42769,44366,-,mRNA,cpbgf_300200,CCCH-type Zinc finger/WD40 domain containing protein,cgd3_200,direct_name,
CP141120.1,mRNA,44449,50262,-,mRNA,cpbgf_300210,Tetratricopeptide-like helical domain protein,cgd3_210,direct_name,
CP141120.1,lnc_RNA,44505,47307,+,ncRNA,cpbgf_300215,lncRNA,None,None,
CP141120.1,mRNA,50705,51467,-,mRNA,cpbgf_300220,Uncharacterized protein,cgd3_220,direct_name,
CP141120.1,mRNA,52135,60408,+,mRNA,cpbgf_300230,CLU central domain containing protein,cgd3_230,direct_name,
CP141120.1,mRNA,60571,61618,-,mRNA,cpbgf_300240,Protein phosphatase 4 core regulatory subunit R2,cgd3_240,direct_name,
CP141120.1,mRNA,61899,65624,-,mRNA,cpbgf_300250,Serine/threonine-protein phosphatase,cgd3_250,direct_name,
CP141120.1,mRNA,65887,69617,-,mRNA,cpbgf_300260,Protein kinase/EF-hand domain containing protein,cgd3_260,direct_name,
CP141120.1,mRNA,70153,74075,+,mRNA,cpbgf_300270,Uncharacterized protein,cgd3_270,direct_name,
CP141120.1,mRNA,74990,79414,+,mRNA,cpbgf_300280,mRNA translation inhibitor SKI2 SFII helicase,cgd3_280,direct_name,
CP141120.1,mRNA,80626,82479,-,mRNA,cpbgf_300290,Uncharacterized protein,cgd3_290,direct_name,
CP141120.1,mRNA,90142,91848,-,mRNA,cpbgf_300300,nuclear transport factor 2/RRM domain containing protein,cgd3_300,direct_name,
CP141120.1,mRNA,92819,98667,+,mRNA,cpbgf_300310,RCC1 domain containing protein,cgd3_310,direct_name,
CP141120.1,mRNA,98064,100447,-,mRNA,cpbgf_300320,Myristoyl-CoA:protein N-myristoyltransferase,cgd3_320,direct_name,
CP141120.1,mRNA,100536,101758,+,mRNA,cpbgf_300330,hypothetical protein,cgd3_330,direct_name,
CP141120.1,mRNA,101881,103495,+,mRNA,cpbgf_300340,Uncharacterized protein,cgd3_340,direct_name,
CP141120.1,tRNA,101898,101981,+,tRNA,cpbgf_300345,tRNA-Trp,None,None,
CP141120.1,mRNA,102925,104639,-,mRNA,cpbgf_300350,Pop2p-like 3'5' exonuclease/CCR4-NOT transcription complex,cgd3_350,direct_name,
CP141120.1,mRNA,104754,105735,+,mRNA,cpbgf_300360,Uncharacterized protein,cgd3_360,direct_name,
CP141120.1,mRNA,106882,107196,-,mRNA,cpbgf_300370,Uncharacterized protein,cgd3_370,direct_name,
CP141120.1,lnc_RNA,107154,109813,-,ncRNA,cpbgf_300375,lncRNA,None,None,
CP141120.1,mRNA,107575,111961,+,mRNA,cpbgf_300380,Uncharacterized protein,cgd3_380,direct_name,
CP141120.1,mRNA,111791,114446,-,mRNA,cpbgf_300390,RecQ SF II RNA helicase,cgd3_390,direct_name,
CP141120.1,mRNA,114495,119628,+,mRNA,cpbgf_300400,Uncharacterized protein,cgd3_400,direct_name,
CP141120.1,lnc_RNA,114655,117253,-,ncRNA,cpbgf_300405,lncRNA,None,None,
CP141120.1,mRNA,117582,123086,+,mRNA,cpbgf_300410,ABC transporter,cgd3_410,direct_name,
CP141120.1,mRNA,123413,126193,+,mRNA,cpbgf_300420,Uncharacterized protein,cgd3_420,direct_name,
CP141120.1,mRNA,126091,139589,-,mRNA,cpbgf_300430,Vacuolar protein sorting-associated protein 13,cgd3_430,direct_name,
CP141120.1,mRNA,139756,142771,-,mRNA,cpbgf_300440,C-type lectin containing protein,cgd3_440,direct_name,
CP141120.1,mRNA,142863,144474,+,mRNA,cpbgf_300450,mRNA triphosphatase Cet1-like protein,cgd3_450,direct_name,
CP141120.1,mRNA,143774,145713,-,mRNA,cpbgf_300460,LIS1 homology motif containing protein,cgd3_460,direct_name,
CP141120.1,mRNA,145098,146173,+,mRNA,cpbgf_300470,Glutathione peroxidase,cgd3_470,direct_name,
CP141120.1,mRNA,145839,147728,-,mRNA,cpbgf_300476,Transmembrane amino acid transporter protein,cgd3_470,no_direct_name,gene split
CP141120.1,mRNA,147850,149290,+,mRNA,cpbgf_300480,Uncharacterized protein,cgd3_480,direct_name,
CP141120.1,lnc_RNA,147982,149342,-,ncRNA,cpbgf_300485,lncRNA,None,None,
CP141120.1,mRNA,149394,150401,+,mRNA,cpbgf_300490,Uncharacterized protein,cgd3_490,direct_name,
CP141120.1,lnc_RNA,149906,150193,-,ncRNA,cpbgf_300495,lncRNA,None,None,
CP141120.1,mRNA,150531,151913,+,mRNA,cpbgf_300500,GDP-fucose transporter,cgd3_500,direct_name,
CP141120.1,lnc_RNA,150552,153740,-,ncRNA,cpbgf_300505,lncRNA,None,None,
CP141120.1,mRNA,152279,153674,+,mRNA,cpbgf_300510,GDP-fucose transporter,cgd3_510,direct_name,
CP141120.1,lnc_RNA,154116,156051,-,ncRNA,cpbgf_300515,lncRNA,None,None,
CP141120.1,mRNA,154198,155987,+,mRNA,cpbgf_300520,GDP-fucose transporter,cgd3_520,direct_name,
CP141120.1,mRNA,156048,158274,-,mRNA,cpbgf_300530,PAN/Apple domain containing protein,cgd3_530,direct_name,
CP141120.1,lnc_RNA,156133,158156,+,ncRNA,cpbgf_300535,lncRNA,None,None,
CP141120.1,mRNA,158882,166016,+,mRNA,cpbgf_300540,Uncharacterized protein,cgd3_540,direct_name,
CP141120.1,mRNA,165942,167579,-,mRNA,cpbgf_300550,Major facilitator superfamily domain containing protein,cgd3_550,direct_name,
CP141120.1,mRNA,167914,169730,+,mRNA,cpbgf_300560,Major Facilitator Superfamily,cgd3_560,direct_name,
CP141120.1,mRNA,169839,171787,-,mRNA,cpbgf_300570,Uncharacterized protein,cgd3_570,direct_name,
CP141120.1,mRNA,172323,173841,+,mRNA,cpbgf_300580,Uncharacterized protein,cgd3_580,direct_name,
CP141120.1,mRNA,173987,176434,+,mRNA,cpbgf_300590,Uncharacterized protein,cgd3_590,direct_name,
CP141120.1,mRNA,176841,180737,+,mRNA,cpbgf_300600,Uncharacterized protein,cgd3_600,direct_name,
CP141120.1,lnc_RNA,178501,180885,-,ncRNA,cpbgf_300605,lncRNA,None,None,
CP141120.1,lnc_RNA,180525,185386,-,ncRNA,cpbgf_300607,lncRNA,None,None,
CP141120.1,mRNA,180975,185429,+,mRNA,cpbgf_300610,Uncharacterized protein,cgd3_610,direct_name,
CP141120.1,tRNA,185783,185865,-,tRNA,cpbgf_300615,tRNA-Glu,None,None,
CP141120.1,mRNA,186014,188262,+,mRNA,cpbgf_300620,Uncharacterized protein,cgd3_620,direct_name,
CP141120.1,mRNA,188738,191286,-,mRNA,cpbgf_300630,Uncharacterized protein,cgd3_630,direct_name,
CP141120.1,mRNA,192193,194854,+,mRNA,cpbgf_300640,Acyl-CoA synthetase,cgd3_640,direct_name,
CP141120.1,mRNA,195850,198889,-,mRNA,cpbgf_300650,Uncharacterized protein,cgd3_650,direct_name,
CP141120.1,lnc_RNA,198815,201654,+,ncRNA,cpbgf_300655,lncRNA,None,None,
CP141120.1,mRNA,198976,201624,-,mRNA,cpbgf_300660,Uncharacterized protein,cgd3_660,direct_name,
CP141120.1,rRNA,202209,202318,+,rRNA,cpbgf_300665,5S ribosomal RNA,None,None,
CP141120.1,mRNA,202756,205289,+,mRNA,cpbgf_300670,Uncharacterized protein,cgd3_670,direct_name,
CP141120.1,rRNA,202784,202893,-,rRNA,cpbgf_300675,5S ribosomal RNA,None,None,
CP141120.1,mRNA,205302,207261,-,mRNA,cpbgf_300680,Papain family cysteine protease,cgd3_680,direct_name,
CP141120.1,mRNA,207249,212412,+,mRNA,cpbgf_300690,ABC transporter type 1,cgd3_690,direct_name,
CP141120.1,lnc_RNA,210261,212440,-,ncRNA,cpbgf_300695,lncRNA,None,None,
CP141120.1,mRNA,212606,216061,+,mRNA,cpbgf_300700,Uncharacterized protein,cgd3_693,no_direct_name,consistency
CP141120.1,mRNA,216404,220366,+,mRNA,cpbgf_300710,Uncharacterized protein,cgd3_710,direct_name,
CP141120.1,mRNA,220853,256107,+,mRNA,cpbgf_300720,mucin,cgd3_720,direct_name,
CP141120.1,mRNA,256877,258506,+,mRNA,cpbgf_300730,Alpha/Beta hydrolase fold containing protein,cgd3_730,direct_name,
CP141120.1,mRNA,258416,259917,-,mRNA,cpbgf_300740,Uncharacterized protein,cgd3_740,direct_name,
CP141120.1,mRNA,260146,261042,-,mRNA,cpbgf_300750,Uncharacterized protein,cgd3_750,direct_name,
CP141120.1,snRNA,260741,260928,-,ncRNA,cpbgf_300755,snRNA,None,None,
CP141120.1,snRNA,260969,261040,-,ncRNA,cpbgf_300757,snRNA,None,None,
CP141120.1,lnc_RNA,261201,262435,+,ncRNA,cpbgf_300759,lncRNA,None,None,
CP141120.1,mRNA,262550,263552,+,mRNA,cpbgf_300760,hypothetical protein,cgd3_760,direct_name,
CP141120.1,mRNA,263432,264158,-,mRNA,cpbgf_300770,Ribosomal protein L7Ae/L30e/S12e/Gadd45,cgd3_770,direct_name,
CP141120.1,mRNA,264269,266766,+,mRNA,cpbgf_300780,ULP1 like protease,cgd3_780,direct_name,
CP141120.1,mRNA,265922,267432,-,mRNA,cpbgf_300790,K Homology domain type 1/ Exosome complex RNA-binding protein,cgd3_790,direct_name,
CP141120.1,mRNA,267573,269183,+,mRNA,cpbgf_300800,Uncharacterized protein,cgd3_800,direct_name,
CP141120.1,lnc_RNA,267864,269322,-,ncRNA,cpbgf_300805,lncRNA,None,None,
CP141120.1,lnc_RNA,269203,270552,-,ncRNA,cpbgf_300807,lncRNA,None,None,
CP141120.1,mRNA,269366,270429,+,mRNA,cpbgf_300810,POP4 like ribonuclease P protein subunit,cgd3_810,direct_name,
CP141120.1,mRNA,270470,273441,-,mRNA,cpbgf_300820,Uncharacterized protein,cgd3_820,direct_name,
CP141120.1,mRNA,274171,274891,-,mRNA,cpbgf_300830,Uncharacterized protein,cgd3_830,direct_name,
CP141120.1,mRNA,276773,277515,+,mRNA,cpbgf_300840,60S ribosomal protein L35,cgd3_840,direct_name,
CP141120.1,mRNA,277512,279197,-,mRNA,cpbgf_300850,SWIB/MDM2 domain containing protein,cgd3_850,direct_name,
CP141120.1,mRNA,279351,280266,-,mRNA,cpbgf_300860,Uncharacterized protein,cgd3_860,direct_name,
CP141120.1,mRNA,280355,281474,+,mRNA,cpbgf_300870,ARF/SAR type Small GTPase superfamily,cgd3_870,direct_name,
CP141120.1,tRNA,281738,281849,+,tRNA,cpbgf_300875,tRNA-Glu,None,None,
CP141120.1,mRNA,282080,282951,+,mRNA,cpbgf_300880,Flavoprotein,cgd3_880,direct_name,
CP141120.1,mRNA,283171,283790,-,mRNA,cpbgf_300890,Uncharacterized protein,cgd3_890,direct_name,
CP141120.1,mRNA,284127,285563,+,mRNA,cpbgf_300900,FtsJ-like methyltransferase,cgd3_900,direct_name,
CP141120.1,mRNA,285287,285931,-,mRNA,cpbgf_300910,Rad60/SUMO-like domain containing protein,cgd3_910,direct_name,
CP141120.1,mRNA,286430,287542,-,mRNA,cpbgf_300915,Uncharacterized protein,cgd3_910,no_direct_name,
CP141120.1,mRNA,288609,290541,+,mRNA,cpbgf_300920,Calmodulin-domain protein kinase 1,cgd3_920,direct_name,
CP141120.1,mRNA,290514,291704,-,mRNA,cpbgf_300930,Uncharacterized protein,cgd3_930,direct_name,
CP141120.1,mRNA,291709,292419,+,mRNA,cpbgf_300940,DnaJ domain containing protein,cgd3_940,direct_name,
CP141120.1,mRNA,292404,293100,-,mRNA,cpbgf_300945,Uncharacterized protein,cgd3_940,no_direct_name,
CP141120.1,mRNA,293679,295889,+,mRNA,cpbgf_300950,Condensin-2 complex subunit H2,cgd3_950,direct_name,
CP141120.1,mRNA,295828,296674,-,mRNA,cpbgf_300960,Uncharacterized protein,cgd3_960,direct_name,
CP141120.1,mRNA,296827,297550,+,mRNA,cpbgf_300970,Uncharacterized protein,cgd3_970,direct_name,
CP141120.1,mRNA,297565,299134,-,mRNA,cpbgf_300980,Peptidase S54 rhomboid domain containing protein,cgd3_980,direct_name,
CP141120.1,mRNA,299425,300375,-,mRNA,cpbgf_300990,Alpha-ketoglutarate-dependent dioxygenase AlkB-like protein,cgd3_990,direct_name,
CP141120.1,mRNA,300434,301093,-,mRNA,cpbgf_3001000,Uncharacterized protein,cgd3_1000,direct_name,
CP141120.1,mRNA,301173,302083,+,mRNA,cpbgf_3001010,Uncharacterized protein,cgd3_1010,direct_name,
CP141120.1,mRNA,302067,305575,-,mRNA,cpbgf_3001020,Aminotransferase class-V,cgd3_1020,direct_name,
CP141120.1,mRNA,305671,307253,+,mRNA,cpbgf_3001030,Uncharacterized protein,cgd3_1030,direct_name,
CP141120.1,mRNA,307580,308178,-,mRNA,cpbgf_3001040,Uncharacterized protein,cgd3_1040,direct_name,
CP141120.1,mRNA,308820,312995,+,mRNA,cpbgf_3001050,Vacuolar sorting protein 39 domain 2/Citron homology (CNH) domain-containing protein,cgd3_1050,direct_name,
CP141120.1,lnc_RNA,312650,313181,-,ncRNA,cpbgf_3001055,lncRNA,None,None,
CP141120.1,mRNA,313211,314603,+,mRNA,cpbgf_3001060,U1 like C2H2 zinc finger domain containing protein,cgd3_1060,direct_name,
CP141120.1,mRNA,313960,315078,-,mRNA,cpbgf_3001070,Synaptobrevin,cgd3_1073,no_direct_name,consistency
CP141120.1,lnc_RNA,315523,315788,+,ncRNA,cpbgf_3001080,lncRNA,None,None,
CP141120.1,mRNA,315888,317521,-,mRNA,cpbgf_3001090,WD40 repeat protein,cgd3_1090,direct_name,
CP141120.1,mRNA,317984,319375,+,mRNA,cpbgf_3001100,Uncharacterized protein,cgd3_1100,direct_name,
CP141120.1,mRNA,319076,331018,-,mRNA,cpbgf_3001110,P-type ATPase A /Adenylate and Guanylate cyclase catalytic domain-containing protein,cgd3_1110,direct_name,
CP141120.1,lnc_RNA,324189,325886,+,ncRNA,cpbgf_3001115,lncRNA,None,None,
CP141120.1,mRNA,331490,333472,-,mRNA,cpbgf_3001120,Myb-like DNA-binding domain containing protein,cgd3_1120,direct_name,
CP141120.1,mRNA,333586,334272,-,mRNA,cpbgf_3001130,Uncharacterized protein,cgd3_1130,direct_name,
CP141120.1,mRNA,335628,336725,-,mRNA,cpbgf_3001140,Uncharacterized protein,cgd3_1140,direct_name,
CP141120.1,mRNA,337158,338905,-,mRNA,cpbgf_3001150,Uncharacterized protein,cgd3_1150,direct_name,
CP141120.1,mRNA,338913,340920,-,mRNA,cpbgf_3001160,Uncharacterized protein,cgd3_1160,direct_name,
CP141120.1,mRNA,341011,342795,-,mRNA,cpbgf_3001170,Uncharacterized protein,cgd3_1170,direct_name,
CP141120.1,lnc_RNA,342886,345944,+,ncRNA,cpbgf_3001175,lncRNA,None,None,
CP141120.1,mRNA,343006,361706,-,mRNA,cpbgf_3001180,E3A like HECT domain containing ubiquitin protein ligase,cgd3_1180,direct_name,
CP141120.1,mRNA,361798,362307,+,mRNA,cpbgf_3001200,Prefoldin subunit,cgd3_1200,direct_name,
CP141120.1,mRNA,363264,364868,+,mRNA,cpbgf_3001210,Uncharacterized protein,cgd3_1210,direct_name,
CP141120.1,mRNA,364879,366015,-,mRNA,cpbgf_3001220,Hyaluronan/mRNA-binding protein,cgd3_1220,direct_name,
CP141120.1,mRNA,366240,367526,-,mRNA,cpbgf_3001230,PWI/4CCCH domain containing protein,cgd3_1230,direct_name,
CP141120.1,mRNA,367617,369206,+,mRNA,cpbgf_3001240,WD40 repeat protein,cgd3_1240,direct_name,
CP141120.1,mRNA,369354,370815,+,mRNA,cpbgf_3001250,Ribosomal protein L14,cgd3_1250,direct_name,
CP141120.1,snRNA,370040,370214,+,ncRNA,cpbgf_3001255,snRNA,None,None,
CP141120.1,mRNA,370941,371961,+,mRNA,cpbgf_3001260,RING domain protein,cgd3_1260,direct_name,
CP141120.1,mRNA,371300,372639,-,mRNA,cpbgf_3001270,Centrin,cgd3_1270,direct_name,
CP141120.1,mRNA,372735,375038,-,mRNA,cpbgf_3001280,Uncharacterized protein,cgd3_1280,direct_name,
CP141120.1,mRNA,375407,376771,-,mRNA,cpbgf_3001290,14-3-3 domain containing protein,cgd3_1290,direct_name,
CP141120.1,mRNA,377457,378520,-,mRNA,cpbgf_3001300,60S ribosomal protein L12,cgd3_1300,direct_name,
CP141120.1,mRNA,378976,379896,-,mRNA,cpbgf_3001310,UBX domain containing protein,cgd3_1310,direct_name,
CP141120.1,mRNA,379341,381091,-,mRNA,cpbgf_3001320,Uncharacterized protein,cgd3_1320,direct_name,
CP141120.1,mRNA,381683,383364,+,mRNA,cpbgf_3001330,Uncharacterized protein,cgd3_1330,direct_name,
CP141120.1,mRNA,383470,385437,-,mRNA,cpbgf_3001340,NMD3p like protein,cgd3_1340,direct_name,
CP141120.1,mRNA,386078,390172,+,mRNA,cpbgf_3001350,Ubiquitin domain containing protein,cgd3_1350,direct_name,
CP141120.1,mRNA,390008,391201,+,mRNA,cpbgf_3001360,Methyltransferase domain containing protein,cgd3_1360,direct_name,
CP141120.1,lnc_RNA,390691,391463,-,ncRNA,cpbgf_3001365,lncRNA,None,None,
CP141120.1,mRNA,392141,394066,+,mRNA,cpbgf_3001370,Immunoglobulin-like fold protein,cgd3_1370,direct_name,
CP141120.1,mRNA,394253,396648,+,mRNA,cpbgf_3001380,IQ calmodulin-binding motif,cgd3_1380,direct_name,
CP141120.1,lnc_RNA,395845,396648,-,ncRNA,cpbgf_3001385,lncRNA,None,None,
CP141120.1,mRNA,396755,397310,+,mRNA,cpbgf_3001386,CUE,cgd3_1383,no_direct_name,consistency
CP141120.1,mRNA,397580,400057,+,mRNA,cpbgf_3001390,Conserved oligomeric Golgi complex subunit 6,cgd3_1390,direct_name,
CP141120.1,lnc_RNA,397668,399869,-,ncRNA,cpbgf_3001395,lncRNA,None,None,
CP141120.1,mRNA,400256,404454,+,mRNA,cpbgf_3001400,Pyrophosphate--fructose 6-phosphate 1-phosphotransferase,cgd3_1400,direct_name,
CP141120.1,mRNA,404488,404820,+,mRNA,cpbgf_3001410,Uncharacterized protein,cgd3_1410,direct_name,
CP141120.1,SRP_RNA,404509,404813,-,ncRNA,cpbgf_3001415,SRP_RNA,None,None,
CP141120.1,mRNA,404932,405410,+,mRNA,cpbgf_3001420,Protein kish,cgd3_1420,direct_name,
CP141120.1,mRNA,405372,406258,-,mRNA,cpbgf_3001430,SAP domain containing protein,cgd3_1430,direct_name,
CP141120.1,mRNA,406377,407406,-,mRNA,cpbgf_3001440,Matrin/U1-C-like C2H2-type zinc finger containing protein,cgd3_1440,direct_name,
CP141120.1,lnc_RNA,407492,408749,+,ncRNA,cpbgf_3001445,lncRNA,None,None,
CP141120.1,mRNA,407498,408583,-,mRNA,cpbgf_3001450,Replication factor C like AAA+ Atpase,cgd3_1450,direct_name,
CP141120.1,mRNA,409127,411115,+,mRNA,cpbgf_3001460,GAF domain containing protein,cgd3_1460,direct_name,
CP141120.1,lnc_RNA,409957,411338,-,ncRNA,cpbgf_3001465,lncRNA,None,None,
CP141120.1,mRNA,411193,412137,-,mRNA,cpbgf_3001470,Dual specificity phosphatase,cgd3_1470,direct_name,
CP141120.1,mRNA,411404,415242,+,mRNA,cpbgf_3001480,Pp2c protein phosphatase 2 C,cgd3_1480,direct_name,
CP141120.1,mRNA,413983,415656,-,mRNA,cpbgf_3001490,Uncharacterized protein,cgd3_1490,direct_name,
CP141120.1,mRNA,415353,417189,+,mRNA,cpbgf_3001500,Uncharacterized protein,cgd3_1500,direct_name,
CP141120.1,mRNA,417051,418445,-,mRNA,cpbgf_3001510,Cyclin-dependent kinase 3,cgd3_1510,direct_name,
CP141120.1,lnc_RNA,419050,419460,+,ncRNA,cpbgf_3001515,lncRNA,None,None,
CP141120.1,mRNA,419088,421047,-,mRNA,cpbgf_3001520,Uncharacterized protein,cgd3_1520,direct_name,
CP141120.1,mRNA,421130,422020,+,mRNA,cpbgf_3001530,Uncharacterized protein,cgd3_1530,direct_name,
CP141120.1,mRNA,422167,427132,+,mRNA,cpbgf_3001540,Signal peptide containing protein,cgd3_1540,direct_name,
CP141120.1,lnc_RNA,424964,427183,-,ncRNA,cpbgf_3001545,lncRNA,None,None,
CP141120.1,mRNA,427713,430509,+,mRNA,cpbgf_3001550,Sec14 domain containing protein,cgd3_1550,direct_name,
CP141120.1,lnc_RNA,429334,430649,-,ncRNA,cpbgf_3001555,lncRNA,None,None,
CP141120.1,mRNA,430936,432087,+,mRNA,cpbgf_3001560,DIX domain containing protein,cgd3_1560,direct_name,
CP141120.1,mRNA,432505,433522,-,mRNA,cpbgf_3001570,Profilin,cgd3_1570,direct_name,
CP141120.1,mRNA,434741,439124,+,mRNA,cpbgf_3001580,Alpha glucosidase-like family 31 glycosyl hydrolase,cgd3_1580,direct_name,
CP141120.1,mRNA,438843,441721,-,mRNA,cpbgf_3001590,DEAD/DEAH box helicase domain containing protein,cgd3_1590,direct_name,
CP141120.1,lnc_RNA,439388,442076,+,ncRNA,cpbgf_3001595,lncRNA,None,None,
CP141120.1,mRNA,442135,444199,+,mRNA,cpbgf_3001600,Uncharacterized protein,cgd3_1600,direct_name,
CP141120.1,mRNA,444110,447377,-,mRNA,cpbgf_3001610,START domain containing protein,cgd3_1610,direct_name,
CP141120.1,mRNA,447579,448895,-,mRNA,cpbgf_3001620,RNase P subunit p30,cgd3_1620,direct_name,
CP141120.1,mRNA,448982,449720,+,mRNA,cpbgf_3001630,Uncharacterized protein,cgd3_1630,direct_name,
CP141120.1,mRNA,450210,452250,+,mRNA,cpbgf_3001640,Uncharacterized protein,cgd3_1640,direct_name,
CP141120.1,mRNA,452568,454340,-,mRNA,cpbgf_3001650,Initiation factor eIF2 gamma subunit/Elongation factor Tu,cgd3_1650,direct_name,
CP141120.1,mRNA,455555,456385,+,mRNA,cpbgf_3001660,Uncharacterized protein,cgd3_1660,direct_name,
CP141120.1,lnc_RNA,456578,457861,-,ncRNA,cpbgf_3001665,lncRNA,None,None,
CP141120.1,lnc_RNA,458504,461575,-,ncRNA,cpbgf_3001667,lncRNA,None,None,
CP141120.1,mRNA,459467,459739,+,mRNA,cpbgf_3001670,hypothetical protein,cgd1_770,no_direct_name,chr_change
CP141120.1,mRNA,459798,460427,+,mRNA,cpbgf_3001680,Uncharacterized protein,cgd3_1680,direct_name,
CP141120.1,mRNA,460651,461780,+,mRNA,cpbgf_3001690,Uncharacterized protein,cgd3_1690,direct_name,
CP141120.1,mRNA,463261,465640,+,mRNA,cpbgf_3001700,Uncharacterized protein,cgd3_1700,direct_name,
CP141120.1,mRNA,465875,466959,+,mRNA,cpbgf_3001710,Uncharacterized protein,cgd3_1710,direct_name,
CP141120.1,mRNA,467019,468533,+,mRNA,cpbgf_3001720,Uncharacterized protein,cgd3_1720,direct_name,
CP141120.1,lnc_RNA,469773,470942,-,ncRNA,cpbgf_3001725,lncRNA,None,None,
CP141120.1,mRNA,470130,471026,+,mRNA,cpbgf_3001730,Uncharacterized protein,cgd3_1730,direct_name,
CP141120.1,mRNA,471248,472646,+,mRNA,cpbgf_3001740,Uncharacterized protein,cgd3_1740,direct_name,
CP141120.1,mRNA,472713,473966,+,mRNA,cpbgf_3001750,Uncharacterized protein,cgd3_1750,direct_name,
CP141120.1,lnc_RNA,473301,474420,-,ncRNA,cpbgf_3001755,lncRNA,None,None,
CP141120.1,mRNA,474567,475756,+,mRNA,cpbgf_3001760,Uncharacterized protein,cgd3_1760,direct_name,
CP141120.1,lnc_RNA,475567,476351,-,ncRNA,cpbgf_3001765,lncRNA,None,None,
CP141120.1,lnc_RNA,476657,477559,-,ncRNA,cpbgf_3001767,lncRNA,None,None,
CP141120.1,mRNA,476660,478416,+,mRNA,cpbgf_3001770,Uncharacterized protein,cgd3_1770,direct_name,
CP141120.1,mRNA,478979,480919,+,mRNA,cpbgf_3001780,Uncharacterized protein,cgd3_1780,direct_name,
CP141120.1,mRNA,480794,484563,-,mRNA,cpbgf_3001790,Cse1-like Exportin/Importin,cgd3_1790,direct_name,
CP141120.1,mRNA,484702,487097,-,mRNA,cpbgf_3001800,Major facilitator superfamily,cgd3_1800,direct_name,
CP141120.1,mRNA,487190,489219,+,mRNA,cpbgf_3001810,Casein kinase I,cgd3_1810,direct_name,
CP141120.1,mRNA,489620,492549,+,mRNA,cpbgf_3001820,Sec23,cgd3_1820,direct_name,
CP141120.1,mRNA,492148,495447,-,mRNA,cpbgf_3001830,Uncharacterized protein,cgd3_1830,direct_name,
CP141120.1,mRNA,495635,501568,-,mRNA,cpbgf_3001840,Uncharacterized protein,cgd3_1840,direct_name,
CP141120.1,mRNA,502089,503280,+,mRNA,cpbgf_3001850,Casein kinase II subunit beta,cgd3_1850,direct_name,
CP141120.1,mRNA,503373,505221,+,mRNA,cpbgf_3001860,EGF-like domain containing extracellular protein,cgd3_1860,direct_name,
CP141120.1,mRNA,505173,505998,-,mRNA,cpbgf_3001870,DNA-directed RNA polymerase 2 subunit,cgd3_1870,direct_name,
CP141120.1,mRNA,506123,509836,+,mRNA,cpbgf_3001880,RNA recognition motif domain containing protein,cgd3_1880,direct_name,
CP141120.1,mRNA,509844,512218,-,mRNA,cpbgf_3001890,Dual specificity phosphatase/Membrane bound phosphatase,cgd3_1890,direct_name,
CP141120.1,mRNA,512838,514218,+,mRNA,cpbgf_3001900,Acetyltransferase (GNAT) family protein,cgd3_1900,direct_name,
CP141120.1,mRNA,513887,515310,-,mRNA,cpbgf_3001910,Uncharacterized protein,cgd3_1910,direct_name,
CP141120.1,mRNA,515505,516460,-,mRNA,cpbgf_3001920,Pre-mRNA-splicing factor 38,cgd3_1920,direct_name,
CP141120.1,mRNA,516578,518671,+,mRNA,cpbgf_3001930,Uncharacterized protein,cgd3_1930,direct_name,
CP141120.1,mRNA,517826,518679,-,mRNA,cpbgf_3001940,Translationally controlled tumor protein associated protein,cgd3_1940,direct_name,
CP141120.1,mRNA,518752,519617,+,mRNA,cpbgf_3001950,hypothetical protein,cgd3_1950,direct_name,
CP141120.1,mRNA,519413,520590,-,mRNA,cpbgf_3001960,Uncharacterized protein,cgd3_1960,direct_name,
CP141120.1,mRNA,520637,521537,+,mRNA,cpbgf_3001970,Uncharacterized protein,cgd3_1970,direct_name,
CP141120.1,lnc_RNA,521276,521538,-,ncRNA,cpbgf_3001975,lncRNA,None,None,
CP141120.1,lnc_RNA,521845,525523,-,ncRNA,cpbgf_3001977,lncRNA,None,None,
CP141120.1,mRNA,521912,525738,+,mRNA,cpbgf_3001980,Uncharacterized protein,cgd3_1980,direct_name,
CP141120.1,mRNA,525594,529057,-,mRNA,cpbgf_3001990,Uncharacterized protein,cgd3_1990,direct_name,
CP141120.1,mRNA,529357,531812,-,mRNA,cpbgf_3002000,WD40 repeat,cgd3_2000,direct_name,
CP141120.1,mRNA,531983,535768,-,mRNA,cpbgf_3002010,EF-hand domain protein,cgd3_2010,direct_name,
CP141120.1,lnc_RNA,532028,534606,+,ncRNA,cpbgf_3002015,lncRNA,None,None,
CP141120.1,lnc_RNA,535820,536507,+,ncRNA,cpbgf_3002017,lncRNA,None,None,
CP141120.1,mRNA,535988,538600,-,mRNA,cpbgf_3002020,Protein phosphatase 2C,cgd3_2020,direct_name,
CP141120.1,mRNA,538971,540278,-,mRNA,cpbgf_3002030,Choline/ethanolamine kinase,cgd3_2030,direct_name,
CP141120.1,mRNA,540624,543752,+,mRNA,cpbgf_3002040,NT ClassII-CCAase/tRNA adenylyltransferase,cgd3_2040,direct_name,
CP141120.1,mRNA,542760,543761,-,mRNA,cpbgf_3002050,Prolyl 4-hydroxylase alpha subunit/2-oxoglutarate-dependent dioxygenase,cgd3_2050,direct_name,
CP141120.1,mRNA,543889,545626,+,mRNA,cpbgf_3002060,RING-type Zinc finger protein,cgd3_2060,direct_name,
CP141120.1,mRNA,545797,546760,-,mRNA,cpbgf_3002070,Uncharacterized protein,cgd3_2070,direct_name,
CP141120.1,mRNA,546821,548076,-,mRNA,cpbgf_3002073,F-actin capping protein alpha subunit,cgd3_2083,no_direct_name,consistency
CP141120.1,lnc_RNA,546839,550028,+,ncRNA,cpbgf_3002075,lncRNA,None,None,
CP141120.1,mRNA,548184,553655,-,mRNA,cpbgf_3002080,Potassium channel domain containing protein,cgd3_2080,direct_name,
CP141120.1,mRNA,554066,554998,-,mRNA,cpbgf_3002090,40S ribosomal protein Sae,cgd3_2090,direct_name,
CP141120.1,mRNA,555672,557156,+,mRNA,cpbgf_3002100,Phosphatidylserine decarboxylase,cgd3_2100,direct_name,
CP141120.1,mRNA,557185,558739,-,mRNA,cpbgf_3002110,NOP5NT/snoRNA binding domain containing protein,cgd3_2110,direct_name,
CP141120.1,mRNA,559408,565715,-,mRNA,cpbgf_3002120,Myosin/IQ motif /Regulator of chromosome condensation (RCC1) repeat containing protein,cgd3_2120,direct_name,
CP141120.1,mRNA,565682,568293,-,mRNA,cpbgf_3002130,Uncharacterized protein,cgd3_2130,direct_name,
CP141120.1,mRNA,565907,567547,+,mRNA,cpbgf_3002140,Uncharacterized protein,cgd3_2140,direct_name,
CP141120.1,mRNA,568186,570313,+,mRNA,cpbgf_3002160,SprT-like protein,cgd3_2160,direct_name,
CP141120.1,mRNA,568563,569520,-,mRNA,cpbgf_3002150,Protein tyrosine phosphatase-like protein,cgd3_2150,direct_name,
CP141120.1,mRNA,570419,571371,+,mRNA,cpbgf_3002170,Proteasome endopeptidase complex,cgd3_2170,direct_name,
CP141120.1,mRNA,571724,597731,+,mRNA,cpbgf_3002180,Type I fatty acid synthase,cgd3_2180,direct_name,
CP141120.1,mRNA,596494,598284,-,mRNA,cpbgf_3002190,UBA-like/Ubiquitin-associated/Aspartic peptidase domain containing protein,cgd3_2190,direct_name,
CP141120.1,mRNA,598273,599148,-,mRNA,cpbgf_3002200,Proteasome subunit alpha type,cgd3_2200,direct_name,
CP141120.1,lnc_RNA,598373,599354,+,ncRNA,cpbgf_3002205,lncRNA,None,None,
CP141120.1,mRNA,599445,601243,+,mRNA,cpbgf_3002210,Replication protein A1 large subunit,cgd3_2210,direct_name,
CP141120.1,mRNA,601320,602114,+,mRNA,cpbgf_3002220,Ubiquitin-conjugating enzyme,cgd3_2220,direct_name,
CP141120.1,mRNA,601969,602791,-,mRNA,cpbgf_3002230,NF-kappa-B-activating protein,cgd3_2230,direct_name,
CP141120.1,mRNA,602861,603379,+,mRNA,cpbgf_3002240,Proteasome maturation factor Ump1,cgd3_2240,direct_name,
CP141120.1,mRNA,603364,603965,-,mRNA,cpbgf_3002250,60S ribosomal protein L37A,cgd3_2250,direct_name,
CP141120.1,mRNA,604088,604944,+,mRNA,cpbgf_3002260,Uncharacterized protein,cgd3_2260,direct_name,
CP141120.1,mRNA,604920,606684,-,mRNA,cpbgf_3002270,WD repeat,cgd3_2270,direct_name,
CP141120.1,mRNA,606792,608921,+,mRNA,cpbgf_3002280,Uncharacterized protein,cgd3_2280,direct_name,
CP141120.1,mRNA,608641,609101,-,mRNA,cpbgf_3002290,AAA-type ATPase core domain containing protein,cgd1_1510,no_direct_name,chr_change
CP141120.1,mRNA,609135,611693,-,mRNA,cpbgf_3002300,AAA-type ATPase core domain containing protein,cgd3_2293,no_direct_name,consistency
CP141120.1,snRNA,609531,609719,-,ncRNA,cpbgf_3002305,snRNA,None,None,
CP141120.1,mRNA,611727,612195,-,mRNA,cpbgf_3002310,RNA recognition motif domain containing protein,cgd3_2310,direct_name,
CP141120.1,mRNA,612360,615529,+,mRNA,cpbgf_3002322,cGMP phosphodiesterase A4,cgd3_2322,direct_name,
CP141120.1,mRNA,613610,617696,-,mRNA,cpbgf_3002323,GPI transamidase component Gaa1,cgd3_2323,direct_name,
CP141120.1,mRNA,617950,620626,+,mRNA,cpbgf_3002330,DEAD/DEAH box helicase with DBP10CT (NUC160) domain,cgd3_2330,direct_name,
CP141120.1,mRNA,620583,621056,-,mRNA,cpbgf_3002340,DPH-type Zinc finger protein,cgd3_2340,direct_name,
CP141120.1,mRNA,620618,622130,-,mRNA,cpbgf_3002350,Geranylgeranyl transferase type-2 subunit beta/prenyltransferase alpha-alpha toroid,cgd3_2350,direct_name,
CP141120.1,mRNA,622144,623726,+,mRNA,cpbgf_3002353,Rrp15p,cgd3_2353,direct_name,
CP141120.1,mRNA,622704,628164,-,mRNA,cpbgf_3002360,Peptidase S59 nucleoporin,cgd3_2360,direct_name,
CP141120.1,lnc_RNA,628252,630387,+,ncRNA,cpbgf_3002365,lncRNA,None,None,
CP141120.1,mRNA,628223,629807,-,mRNA,cpbgf_3002380,Uncharacterized protein,cgd3_2380,direct_name,
CP141120.1,mRNA,629860,631076,-,mRNA,cpbgf_3002390,Proliferation-associated protein 2G4 metalloprotease,cgd3_2390,direct_name,
CP141120.1,mRNA,631146,633994,-,mRNA,cpbgf_3002400,PH domain containing protein,cgd3_2400,direct_name,
CP141120.1,lnc_RNA,631149,632407,+,ncRNA,cpbgf_3002405,lncRNA,None,None,
CP141120.1,mRNA,634100,637561,-,mRNA,cpbgf_3002410,Ubiquitin-fusion degadation-2 (UFD2) family protein,cgd3_2410,direct_name,
CP141120.1,mRNA,637624,639845,+,mRNA,cpbgf_3002423,Uncharacterized protein,cgd3_2423,direct_name,
CP141120.1,mRNA,639543,640167,-,mRNA,cpbgf_3002440,Ribosomal protein S18A,cgd3_2440,direct_name,
CP141120.1,mRNA,640272,641985,+,mRNA,cpbgf_3002450,GYF domain containing protein,cgd3_2450,direct_name,
CP141120.1,mRNA,641974,643314,+,mRNA,cpbgf_3002460,UbiA prenyltransferase family,cgd3_2460,direct_name,
CP141120.1,lnc_RNA,641977,643294,-,ncRNA,cpbgf_3002465,lncRNA,None,None,
CP141120.1,mRNA,643327,644102,+,mRNA,cpbgf_3002470,Eukaryotic translation initiation factor 3 subunit J,cgd3_2470,direct_name,
CP141120.1,mRNA,644164,645588,+,mRNA,cpbgf_3002480,Uncharacterized protein,cgd3_2480,direct_name,
CP141120.1,lnc_RNA,644251,645566,-,ncRNA,cpbgf_3002485,lncRNA,None,None,
CP141120.1,mRNA,645706,646872,+,mRNA,cpbgf_3002490,Uncharacterized protein,cgd3_2490,direct_name,
CP141120.1,mRNA,646855,648448,+,mRNA,cpbgf_3002500,Thioredoxin domain containing protein,cgd3_2500,direct_name,
CP141120.1,mRNA,648291,649038,-,mRNA,cpbgf_3002503,hypothetical protein,cgd3_2503,direct_name,
CP141120.1,mRNA,648957,650540,-,mRNA,cpbgf_3002510,Myb domain-containing protein,cgd3_2510,direct_name,
CP141120.1,tRNA,649110,649184,+,tRNA,cpbgf_3002515,tRNA-Arg,None,None,
CP141120.1,mRNA,650567,652342,+,mRNA,cpbgf_3002520,Tetratricopeptide repeat protein,cgd3_2520,direct_name,
CP141120.1,mRNA,652377,653307,+,mRNA,cpbgf_3002530,Proteasome subunit beta type,cgd3_2530,direct_name,
CP141120.1,mRNA,653228,653835,-,mRNA,cpbgf_3002540,Histone H3,cgd3_2540,direct_name,
CP141120.1,snRNA,653287,653391,-,ncRNA,cpbgf_3002545,snRNA,None,None,
CP141120.1,mRNA,654116,655016,+,mRNA,cpbgf_3002550,Transcription factor S-II (TFIIS),cgd3_2550,direct_name,
CP141120.1,mRNA,655078,656207,+,mRNA,cpbgf_3002560,TBC1 domain containing protein,cgd3_2560,direct_name,
CP141120.1,mRNA,656230,658787,-,mRNA,cpbgf_3002580,RNA recognition motif domain containing protein,cgd3_2580,direct_name,
CP141120.1,mRNA,656237,657346,+,mRNA,cpbgf_3002570,Lysine methyltransferase,cgd3_2570,direct_name,
CP141120.1,mRNA,658840,660596,-,mRNA,cpbgf_3002590,Kinesin-like protein,cgd3_2590,direct_name,
CP141120.1,lnc_RNA,658873,660163,+,ncRNA,cpbgf_3002595,lncRNA,None,None,
CP141120.1,mRNA,660656,665040,+,mRNA,cpbgf_3002600,Uncharacterized protein,cgd3_2600,direct_name,
CP141120.1,lnc_RNA,663486,667364,-,ncRNA,cpbgf_3002605,lncRNA,None,None,
CP141120.1,mRNA,664376,664951,+,mRNA,cpbgf_3002610,Uncharacterized protein,cgd3_2610,direct_name,
CP141120.1,mRNA,665128,670972,+,mRNA,cpbgf_3002620,RNA polymerase Rpb1,cgd3_2620,direct_name,
CP141120.1,mRNA,670946,673705,-,mRNA,cpbgf_3002630,Diacylglycerol kinase,cgd3_2630,direct_name,
CP141120.1,mRNA,674097,675469,+,mRNA,cpbgf_3002640,WD40-repeat protein,cgd3_2640,direct_name,
CP141120.1,mRNA,675446,680873,-,mRNA,cpbgf_3002650,Uncharacterized protein,cgd3_2650,direct_name,
CP141120.1,mRNA,680913,681641,+,mRNA,cpbgf_3002660,Uncharacterized protein,cgd3_2660,direct_name,
CP141120.1,mRNA,681217,683325,-,mRNA,cpbgf_3002670,Ubiquitin-conjugating enzyme E2,cgd3_2670,direct_name,
CP141120.1,mRNA,682280,684076,+,mRNA,cpbgf_3002680,Signal peptidase complex subunit 3,cgd3_2680,direct_name,
CP141120.1,mRNA,682877,685131,-,mRNA,cpbgf_3002690,DnaJ domain containing protein,cgd3_2690,direct_name,
CP141120.1,mRNA,684838,685643,+,mRNA,cpbgf_3002700,Transport protein particle (TRAPP) component,cgd3_2700,direct_name,
CP141120.1,mRNA,685700,688430,+,mRNA,cpbgf_3002706,RmlC-like jelly roll fold protein,cgd3_2710,no_direct_name,consistency
CP141120.1,mRNA,689959,693631,+,mRNA,cpbgf_3002730,Phospholipid-transporting ATPase,cgd3_2730,direct_name,
CP141120.1,mRNA,693329,695209,-,mRNA,cpbgf_3002740,T1Dc domain containing protein,cgd3_2740,direct_name,
CP141120.1,mRNA,695298,696635,+,mRNA,cpbgf_3002750,Ankyrin repeat protein,cgd3_2750,direct_name,
CP141120.1,lnc_RNA,696186,698116,-,ncRNA,cpbgf_3002755,lncRNA,None,None,
CP141120.1,mRNA,696752,698260,+,mRNA,cpbgf_3002760,Herpesviridae UL52/UL70 DNA primase,cgd3_2760,direct_name,
CP141120.1,mRNA,697732,701351,+,mRNA,cpbgf_3002770,RNA polymerase I transcription initiation factor TAF1B/Rrn7,cgd3_2770,direct_name,
CP141120.1,mRNA,700628,704877,-,mRNA,cpbgf_3002780,TH1 protein,cgd3_2780,direct_name,
CP141120.1,mRNA,704633,707270,+,mRNA,cpbgf_3002790,Cullin domain containing protein,cgd3_2790,direct_name,
CP141120.1,mRNA,707033,707893,-,mRNA,cpbgf_3002800,Zinc-finger double-stranded RNA-binding,cgd3_2800,direct_name,
CP141120.1,mRNA,707894,708670,-,mRNA,cpbgf_3002810,DNAJ domain containing protein,cgd3_2810,direct_name,
CP141120.1,mRNA,707901,711240,+,mRNA,cpbgf_3002820,Ribonuclease P/MRP subunit POP1 with POPLD domain,cgd3_2820,direct_name,
CP141120.1,mRNA,710875,712115,-,mRNA,cpbgf_3002830,Uncharacterized protein,cgd3_2830,direct_name,
CP141120.1,mRNA,712174,713057,+,mRNA,cpbgf_3002840,hypothetical protein,cgd3_2840,direct_name,
CP141120.1,mRNA,712824,713397,-,mRNA,cpbgf_3002843,hypothetical protein,cgd3_2843,direct_name,
CP141120.1,mRNA,713465,714665,-,mRNA,cpbgf_3002850,Uncharacterized protein,cgd3_2850,direct_name,
CP141120.1,lnc_RNA,713616,714232,+,ncRNA,cpbgf_3002855,lncRNA,None,None,
CP141120.1,lnc_RNA,714867,715896,+,ncRNA,cpbgf_3002857,lncRNA,None,None,
CP141120.1,mRNA,714921,716921,-,mRNA,cpbgf_3002860,EF-hand domain protein,cgd3_2860,direct_name,
CP141120.1,mRNA,717021,719487,-,mRNA,cpbgf_3002870,acyl-CoA synthetase,cgd3_2870,direct_name,
CP141120.1,mRNA,719483,720322,-,mRNA,cpbgf_3002880,Leucine-rich repeat protein,cgd3_2880,direct_name,
CP141120.1,mRNA,720421,727699,+,mRNA,cpbgf_3002890,Pre-mRNA-processing-splicing factor 8,cgd3_2890,direct_name,
CP141120.1,lnc_RNA,720593,721919,-,ncRNA,cpbgf_3002895,lncRNA,None,None,
CP141120.1,mRNA,726588,730007,+,mRNA,cpbgf_3002900,Serine-threonine/tyrosine-protein kinase,cgd3_2900,direct_name,
CP141120.1,lnc_RNA,726666,727698,-,ncRNA,cpbgf_3002905,lncRNA,None,None,
CP141120.1,mRNA,729833,730544,-,mRNA,cpbgf_3002910,Uncharacterized protein,cgd3_2910,direct_name,
CP141120.1,mRNA,730693,732261,+,mRNA,cpbgf_3002920,Cysteine protease,cgd3_2920,direct_name,
CP141120.1,mRNA,730816,733116,-,mRNA,cpbgf_3002930,Tim44-like domain containing protein,cgd3_2930,direct_name,
CP141120.1,mRNA,733143,734618,+,mRNA,cpbgf_3002940,Phospholipase D/Transphosphatidylase,cgd3_2940,direct_name,
CP141120.1,lnc_RNA,733357,734565,-,ncRNA,cpbgf_3002945,lncRNA,None,None,
CP141120.1,mRNA,734641,736013,+,mRNA,cpbgf_3002950,Ribosomal RNA assembly KRR1,cgd3_2950,direct_name,
CP141120.1,mRNA,735667,743830,-,mRNA,cpbgf_3002960,Uncharacterized protein,cgd3_2960,direct_name,
CP141120.1,mRNA,744284,747916,+,mRNA,cpbgf_3002970,Uncharacterized protein,cgd3_2970,direct_name,
CP141120.1,lnc_RNA,744459,748085,-,ncRNA,cpbgf_3002975,lncRNA,None,None,
CP141120.1,mRNA,747531,751626,+,mRNA,cpbgf_3002980,WD40-repeat-containing protein,cgd3_2980,direct_name,
CP141120.1,mRNA,751216,754919,-,mRNA,cpbgf_3002990,Uncharacterized protein,cgd3_2990,direct_name,
CP141120.1,lnc_RNA,752373,755888,+,ncRNA,cpbgf_3002995,lncRNA,None,None,
CP141120.1,mRNA,754934,756644,-,mRNA,cpbgf_3003000,Rab-GTPase-TBC domain containing protein,cgd3_3000,direct_name,
CP141120.1,mRNA,756466,764403,-,mRNA,cpbgf_3003010,Uncharacterized protein,cgd3_3010,direct_name,
CP141120.1,lnc_RNA,756649,758401,+,ncRNA,cpbgf_3003015,lncRNA,None,None,
CP141120.1,snRNA,764178,764317,-,ncRNA,cpbgf_3003017,snRNA,None,None,
CP141120.1,lnc_RNA,764494,767848,+,ncRNA,cpbgf_3003019,lncRNA,None,None,
CP141120.1,mRNA,764546,765619,-,mRNA,cpbgf_3003020,Guanine nucleotide exchange factor/Initiation factor 2 subunit family,cgd3_3020,direct_name,
CP141120.1,mRNA,765819,767519,-,mRNA,cpbgf_3003030,Mitogen-activated protein kinase,cgd3_3030,direct_name,
CP141120.1,mRNA,767946,769413,+,mRNA,cpbgf_3003040,cAMP-dependent protein kinase,cgd3_3040,direct_name,
CP141120.1,mRNA,769066,770400,-,mRNA,cpbgf_3003050,Uncharacterized protein,cgd3_3050,direct_name,
CP141120.1,lnc_RNA,769956,772358,+,ncRNA,cpbgf_3003055,lncRNA,None,None,
CP141120.1,mRNA,770442,774634,-,mRNA,cpbgf_3003063,exportin 1,cgd3_3063,direct_name,
CP141120.1,mRNA,774530,776256,+,mRNA,cpbgf_3003070,hypothetical protein,cgd3_3070,direct_name,
CP141120.1,mRNA,775340,777960,-,mRNA,cpbgf_3003073,WD40 repeat/LIS1 homology motif,cgd3_3073,direct_name,
CP141120.1,mRNA,777999,781910,+,mRNA,cpbgf_3003076,Conserved oligomeric Golgi complex subunit 3,cgd3_3080,no_direct_name,gene split
CP141120.1,mRNA,778017,778900,-,mRNA,cpbgf_3003080,Trafficking protein particle complex subunit,cgd3_3080,direct_name,
CP141120.1,mRNA,781828,783809,-,mRNA,cpbgf_3003090,Kinesin motor domain containing protein,cgd3_3090,direct_name,
CP141120.1,mRNA,784068,785977,-,mRNA,cpbgf_3003100,Major Facilitator Superfamily,cgd3_3100,direct_name,
CP141120.1,mRNA,786131,787587,-,mRNA,cpbgf_3003110,Transcription factor TFIIH with vWA domain,cgd3_3110,direct_name,
CP141120.1,lnc_RNA,786147,787643,+,ncRNA,cpbgf_3003115,lncRNA,None,None,
CP141120.1,mRNA,787703,788790,-,mRNA,cpbgf_3003120,AOX/Alternative oxidase,cgd3_3120,direct_name,
CP141120.1,lnc_RNA,787769,788693,+,ncRNA,cpbgf_3003125,lncRNA,None,None,
CP141120.1,mRNA,788978,790216,-,mRNA,cpbgf_3003130,Armadillo-type fold protein,cgd3_3130,direct_name,
CP141120.1,mRNA,790238,790449,-,mRNA,cpbgf_3003136,Armadillo-type fold protein,cgd3_3130,no_direct_name,gene split
CP141120.1,mRNA,790645,793041,+,mRNA,cpbgf_3003140,Uncharacterized protein,cgd3_3140,direct_name,
CP141120.1,mRNA,793151,793952,-,mRNA,cpbgf_3003150,Rab5 like small Gtpase,cgd3_3150,direct_name,
CP141120.1,mRNA,794094,795309,-,mRNA,cpbgf_3003160,Uncharacterized protein,cgd3_3160,direct_name,
CP141120.1,mRNA,795352,796705,-,mRNA,cpbgf_3003170,Replication factor RFC3 AAA+ ATpase,cgd3_3170,direct_name,
CP141120.1,lnc_RNA,795491,796818,+,ncRNA,cpbgf_3003175,lncRNA,None,None,
CP141120.1,mRNA,797057,799509,+,mRNA,cpbgf_3003180,Ser/Thr protein kinase,cgd3_3180,direct_name,
CP141120.1,mRNA,799458,801857,-,mRNA,cpbgf_3003190,GCN5 like acetylase with bromodomain,cgd3_3190,direct_name,
CP141120.1,lnc_RNA,801934,802909,+,ncRNA,cpbgf_3003195,lncRNA,None,None,
CP141120.1,mRNA,801965,803719,-,mRNA,cpbgf_3003200,Deoxyribose-phosphate aldolase,cgd3_3200,direct_name,
CP141120.1,mRNA,803920,806637,-,mRNA,cpbgf_3003210,HAD-like/Lipin domain containing protein,cgd3_3210,direct_name,
CP141120.1,lnc_RNA,805374,806646,+,ncRNA,cpbgf_3003215,lncRNA,None,None,
CP141120.1,mRNA,807118,809228,+,mRNA,cpbgf_3003220,hypothetical protein,cgd3_3220,direct_name,
CP141120.1,mRNA,808063,812815,-,mRNA,cpbgf_3003230,Ser/thr protein kinase,cgd3_3230,direct_name,
CP141120.1,mRNA,812839,814846,+,mRNA,cpbgf_3003250,hypothetical protein,cgd3_3250,direct_name,
CP141120.1,mRNA,813407,815699,-,mRNA,cpbgf_3003260,CCAAT-binding factor (CBF)/MAK21 family protein,cgd3_3260,direct_name,
CP141120.1,mRNA,815750,817947,+,mRNA,cpbgf_3003280,Uncharacterized protein,cgd3_3280,direct_name,
CP141120.1,mRNA,815750,816390,+,mRNA,cpbgf_3003270,Adenylate kinase isoenzyme 6,cgd3_3270,direct_name,
CP141120.1,mRNA,817931,818434,-,mRNA,cpbgf_3003290,Uncharacterized protein,cgd3_3290,direct_name,
CP141120.1,mRNA,818834,819373,+,mRNA,cpbgf_3003300,SOH1 family protein,cgd3_3300,direct_name,
CP141120.1,mRNA,819706,821990,-,mRNA,cpbgf_3003310,Uncharacterized protein,cgd3_3310,direct_name,
CP141120.1,tRNA,822187,822265,-,tRNA,cpbgf_3003315,tRNA-Gly,None,None,
CP141120.1,mRNA,822383,823952,-,mRNA,cpbgf_3003320,phenylalanyl-tRNA synthetase,cgd3_3320,direct_name,
CP141120.1,lnc_RNA,822426,823371,+,ncRNA,cpbgf_3003325,lncRNA,None,None,
CP141120.1,mRNA,824354,827575,+,mRNA,cpbgf_3003330,Uncharacterized protein,cgd3_3330,direct_name,
CP141120.1,lnc_RNA,824449,828430,-,ncRNA,cpbgf_3003335,lncRNA,None,None,
CP141120.1,snRNA,828119,828430,-,ncRNA,cpbgf_3003337,snRNA,None,None,
CP141120.1,mRNA,828690,833103,-,mRNA,cpbgf_3003340,SECIS binding protein/pelota RNA binding domain containing protein,cgd3_3340,direct_name,
CP141120.1,snRNA,833210,833394,-,ncRNA,cpbgf_3003345,snRNA,None,None,
CP141120.1,snRNA,833408,833536,-,ncRNA,cpbgf_3003347,snRNA,None,None,
CP141120.1,mRNA,833854,835935,-,mRNA,cpbgf_3003350,Uncharacterized protein,cgd3_3350,direct_name,
CP141120.1,lnc_RNA,833867,835003,+,ncRNA,cpbgf_3003355,lncRNA,None,None,
CP141120.1,mRNA,836051,838686,+,mRNA,cpbgf_3003360,Diphthamide synthesis DPH1/DPH2,cgd3_3360,direct_name,
CP141120.1,mRNA,838694,844056,-,mRNA,cpbgf_3003370,Uncharacterized protein,cgd3_3370,direct_name,
CP141120.1,mRNA,844931,847115,+,mRNA,cpbgf_3003380,DEAD/DEAH box helicase,cgd3_3380,direct_name,
CP141120.1,mRNA,847022,850879,-,mRNA,cpbgf_3003390,RNA polymerase II-associated protein 1 C-terminal,cgd3_3390,direct_name,
CP141120.1,mRNA,851149,851690,+,mRNA,cpbgf_3003400,Uncharacterized protein,cgd3_3400,direct_name,
CP141120.1,mRNA,851885,857714,+,mRNA,cpbgf_3003410,Uncharacterized protein,cgd3_3410,direct_name,
CP141120.1,mRNA,856554,858059,-,mRNA,cpbgf_3003420,EF-hand/ transmembrane domain containing protein,cgd3_3420,direct_name,
CP141120.1,mRNA,858504,863813,-,mRNA,cpbgf_3003430,Amine oxidase,cgd3_3430,direct_name,
CP141120.1,mRNA,864380,866660,-,mRNA,cpbgf_3003440,Heat shock protein HSP70,cgd3_3440,direct_name,
CP141120.1,mRNA,866764,868042,+,mRNA,cpbgf_3003450,Uncharacterized protein,cgd3_3450,direct_name,
CP141120.1,mRNA,867862,869798,-,mRNA,cpbgf_3003460,DWNN domain containing protein,cgd3_3460,direct_name,
CP141120.1,mRNA,870302,871258,+,mRNA,cpbgf_3003470,hypothetical protein,cgd3_3470,direct_name,
CP141120.1,mRNA,870356,878892,-,mRNA,cpbgf_3003480,Large Sec7 domain containing protein,cgd3_3480,direct_name,
CP141120.1,mRNA,879668,881858,-,mRNA,cpbgf_3003490,Uncharacterized protein,cgd3_3490,direct_name,
CP141120.1,mRNA,881970,883240,+,mRNA,cpbgf_3003500,Nop12p nucleolar protein with RRM domain,cgd3_3500,direct_name,
CP141120.1,mRNA,883360,883853,+,mRNA,cpbgf_3003510,Uncharacterized protein,cgd3_3510,direct_name,
CP141120.1,mRNA,883903,887378,-,mRNA,cpbgf_3003520,Sodium/calcium exchanger protein,cgd3_3520,direct_name,
CP141120.1,mRNA,887508,888910,+,mRNA,cpbgf_3003533,C2HC5-type Zinc finger protein,cgd3_3533,direct_name,
CP141120.1,mRNA,888999,892783,+,mRNA,cpbgf_3003550,Trimeric LpxA-like protein,cgd3_3550,direct_name,
CP141120.1,mRNA,892724,894771,-,mRNA,cpbgf_3003560,CorA family mitochondrial membrane protein,cgd3_3560,direct_name,
CP141120.1,mRNA,895218,900198,+,mRNA,cpbgf_3003570,SAC3/GANP/THP3,cgd3_3570,direct_name,
CP141120.1,lnc_RNA,895555,897641,-,ncRNA,cpbgf_3003575,lncRNA,None,None,
CP141120.1,mRNA,900236,901647,-,mRNA,cpbgf_3003580,DRG-like OBG family Gtpase with RNA binding/TGS domain,cgd3_3580,direct_name,
CP141120.1,mRNA,901796,902601,-,mRNA,cpbgf_3003583,Uncharacterized protein,cgd3_3583,direct_name,
CP141120.1,lnc_RNA,902763,903907,+,ncRNA,cpbgf_3003585,lncRNA,None,None,
CP141120.1,mRNA,902806,904683,-,mRNA,cpbgf_3003590,GPI mannosyltransferase,cgd3_3590,direct_name,
CP141120.1,mRNA,905086,906666,-,mRNA,cpbgf_3003600,BTB/POZ domain/Kelch motif/Galactose oxidase central domain containing protein,cgd3_3600,direct_name,
CP141120.1,mRNA,907296,908818,+,mRNA,cpbgf_3003610,Aminopeptidase I zinc metalloprotease (M18),cgd3_3610,direct_name,
CP141120.1,lnc_RNA,907534,908940,-,ncRNA,cpbgf_3003615,lncRNA,None,None,
CP141120.1,mRNA,909048,914352,+,mRNA,cpbgf_3003620,Armadillo-type fold protein,cgd3_3620,direct_name,
CP141120.1,lnc_RNA,912876,913896,-,ncRNA,cpbgf_3003623,lncRNA,None,None,
CP141120.1,lnc_RNA,914764,916606,-,ncRNA,cpbgf_3003625,lncRNA,None,None,
CP141120.1,mRNA,914836,916431,+,mRNA,cpbgf_3003630,Uncharacterized protein,cgd3_3630,direct_name,
CP141120.1,mRNA,916524,918830,-,mRNA,cpbgf_3003640,Protein kinase-like domain containing protein,cgd3_3640,direct_name,
CP141120.1,mRNA,919121,921301,-,mRNA,cpbgf_3003650,Centrin like EF hand protein,cgd3_3650,direct_name,
CP141120.1,lnc_RNA,919202,920126,+,ncRNA,cpbgf_3003655,lncRNA,None,None,
CP141120.1,mRNA,921299,921908,-,mRNA,cpbgf_3003660,BolA protein,cgd3_3660,direct_name,
CP141120.1,mRNA,921990,923031,+,mRNA,cpbgf_3003670,Casein kinase II subunit beta,cgd3_3670,direct_name,
CP141120.1,lnc_RNA,922363,923259,-,ncRNA,cpbgf_3003675,lncRNA,None,None,
CP141120.1,mRNA,923345,925906,+,mRNA,cpbgf_3003680,EF-hand domain protein,cgd3_3680,direct_name,
CP141120.1,mRNA,924732,927085,-,mRNA,cpbgf_3003690,U5 snRNP,cgd3_3690,direct_name,
CP141120.1,mRNA,927662,930868,+,mRNA,cpbgf_3003700,Uncharacterized protein,cgd3_3700,direct_name,
CP141120.1,lnc_RNA,929540,931040,-,ncRNA,cpbgf_3003705,lncRNA,None,None,
CP141120.1,mRNA,931497,933427,+,mRNA,cpbgf_3003710,Uncharacterized protein,cgd3_3710,direct_name,
CP141120.1,mRNA,933655,934405,+,mRNA,cpbgf_3003720,Uncharacterized protein,cgd3_3720,direct_name,
CP141120.1,mRNA,934355,935033,-,mRNA,cpbgf_3003730,Cd27 binding protein (Siva),cgd3_3730,direct_name,
CP141120.1,mRNA,935259,939728,+,mRNA,cpbgf_3003740,p-type ATPase 2,cgd3_3740,direct_name,
CP141120.1,lnc_RNA,936526,939401,-,ncRNA,cpbgf_3003743,lncRNA,None,None,
CP141120.1,lnc_RNA,939493,940065,+,ncRNA,cpbgf_3003745,lncRNA,None,None,
CP141120.1,mRNA,940029,940623,-,mRNA,cpbgf_3003750,Multiprotein bridging factor 1,cgd3_3750,direct_name,
CP141120.1,mRNA,940767,941802,+,mRNA,cpbgf_3003760,EF-hand domain protein,cgd3_3760,direct_name,
CP141120.1,mRNA,942790,945273,+,mRNA,cpbgf_3003770,Hsp90,cgd3_3770,direct_name,
CP141120.1,mRNA,945432,947938,-,mRNA,cpbgf_3003780,AAA-type ATPase core,cgd3_3780,direct_name,
CP141120.1,mRNA,948100,949284,-,mRNA,cpbgf_3003790,60S ribosomal protein L19,cgd3_3790,direct_name,
CP141120.1,mRNA,950040,951556,+,mRNA,cpbgf_3003800,WD40 repeat protein,cgd3_3800,direct_name,
CP141120.1,mRNA,951484,951939,-,mRNA,cpbgf_3003810,Clathrin adaptor complex small chain,cgd3_3810,direct_name,
CP141120.1,mRNA,952311,955063,+,mRNA,cpbgf_3003820,DNA ligase,cgd3_3820,direct_name,
CP141120.1,mRNA,955168,957162,-,mRNA,cpbgf_3003830,Protein-tyrosine phosphatase-like protein with PUB domain,cgd3_3830,direct_name,
CP141120.1,mRNA,958478,961978,+,mRNA,cpbgf_3003840,Isoleucine-tRNA synthetase,cgd3_3840,direct_name,
CP141120.1,mRNA,962474,964379,+,mRNA,cpbgf_3003850,PUA/Pseudouridine synthase II N-terminal/Dyskerin-like/tRNA pseudouridylate synthase B C-terminal domain containing protein,cgd3_3850,direct_name,
CP141120.1,mRNA,964751,966526,+,mRNA,cpbgf_3003860,Kinetochore protein Nuf2,cgd3_3860,direct_name,
CP141120.1,lnc_RNA,966558,968351,-,ncRNA,cpbgf_3003865,lncRNA,None,None,
CP141120.1,mRNA,966773,968138,+,mRNA,cpbgf_3003870,Uncharacterized protein,cgd3_3870,direct_name,
CP141120.1,mRNA,968439,971707,+,mRNA,cpbgf_3003880,Snu114p Gtpase/U5 snRNP-specific protein,cgd3_3880,direct_name,
CP141120.1,lnc_RNA,968509,970409,-,ncRNA,cpbgf_3003885,lncRNA,None,None,
CP141120.1,mRNA,971767,972539,-,mRNA,cpbgf_3003890,60S ribosomal protein L30,cgd3_3890,direct_name,
CP141120.1,mRNA,972671,976429,+,mRNA,cpbgf_3003900,Uncharacterized protein,cgd3_3900,direct_name,
CP141120.1,mRNA,975734,978568,-,mRNA,cpbgf_3003910,Prolyl 4-hydroxylase alpha subunit,cgd3_3910,direct_name,
CP141120.1,mRNA,978739,980464,-,mRNA,cpbgf_3003920,DEAD-box RNA helicase,cgd3_3920,direct_name,
CP141120.1,mRNA,980990,982156,+,mRNA,cpbgf_3003930,60S ribosomal protein L27A,cgd3_3930,direct_name,
CP141120.1,lnc_RNA,981252,982287,-,ncRNA,cpbgf_3003935,lncRNA,None,None,
CP141120.1,mRNA,982650,984560,+,mRNA,cpbgf_3003940,membrane associated protein,cgd3_3940,direct_name,
CP141120.1,mRNA,984584,985643,-,mRNA,cpbgf_3003950,PUB/UBA-like domain containing protein,cgd3_3950,direct_name,
CP141120.1,mRNA,986154,989161,+,mRNA,cpbgf_3003960,Condensin complex subunit 2,cgd3_3960,direct_name,
CP141120.1,lnc_RNA,988443,989466,-,ncRNA,cpbgf_3003965,lncRNA,None,None,
CP141120.1,mRNA,989903,990706,+,mRNA,cpbgf_3003970,Yer007c-ap/MCT-1 like PUA RNA binding domain containing protein,cgd3_3970,direct_name,
CP141120.1,mRNA,990885,993354,+,mRNA,cpbgf_3003980,Uncharacterized protein,cgd3_3980,direct_name,
CP141120.1,mRNA,992095,995717,+,mRNA,cpbgf_3003990,Ubiquitin-conjugating enzyme E2-binding protein,cgd3_3990,direct_name,
CP141120.1,mRNA,995040,995701,+,mRNA,cpbgf_3004000,Uncharacterized protein,cgd3_4000,direct_name,
CP141120.1,mRNA,995444,996531,-,mRNA,cpbgf_3004010,CS domain containing protein,cgd3_4010,direct_name,
CP141120.1,mRNA,996762,997808,-,mRNA,cpbgf_3004020,CSN8/PSMD8/EIF3K,cgd3_4020,direct_name,
CP141120.1,mRNA,998955,999934,+,mRNA,cpbgf_3004030,Inhibitor of apoptosis-promoting Bax1-related protein,cgd3_4030,direct_name,
CP141120.1,lnc_RNA,998979,999975,-,ncRNA,cpbgf_3004035,lncRNA,None,None,
CP141120.1,mRNA,1000010,1001311,+,mRNA,cpbgf_3004040,Uncharacterized protein,cgd3_4040,direct_name,
CP141120.1,lnc_RNA,1000528,1001331,-,ncRNA,cpbgf_3004045,lncRNA,None,None,
CP141120.1,mRNA,1001528,1002735,+,mRNA,cpbgf_3004050,Cyclin,cgd3_4050,direct_name,
CP141120.1,mRNA,1002918,1007162,+,mRNA,cpbgf_3004060,Histone transcription regulator (HIR1)-like WD40 repeat containing protein,cgd3_4060,direct_name,
CP141120.1,lnc_RNA,1004794,1007009,-,ncRNA,cpbgf_3004065,lncRNA,None,None,
CP141120.1,mRNA,1007015,1009035,+,mRNA,cpbgf_3004070,Sugar/inositol transporter,cgd3_4070,direct_name,
CP141120.1,mRNA,1009004,1010351,-,mRNA,cpbgf_3004080,Thioredoxin-like/UBA-like domain containing protein,cgd3_4080,direct_name,
CP141120.1,lnc_RNA,1010563,1011814,+,ncRNA,cpbgf_3004085,lncRNA,None,None,
CP141120.1,mRNA,1010627,1019263,-,mRNA,cpbgf_3004090,UBR1-like ring finger treble clef domain containing protein,cgd3_4090,direct_name,
CP141120.1,mRNA,1019530,1020608,+,mRNA,cpbgf_3004100,Ribosomal protein S8e,cgd3_4100,direct_name,
CP141120.1,mRNA,1020800,1022979,+,mRNA,cpbgf_3004110,Transcription initiation factor TFIID subunit,cgd3_4110,direct_name,
CP141120.1,mRNA,1022593,1026629,+,mRNA,cpbgf_3004130,hypothetical protein,cgd3_4130,direct_name,
CP141120.1,mRNA,1022879,1023518,-,mRNA,cpbgf_3004120,hypothetical protein,cgd3_4120,direct_name,
CP141120.1,tRNA,1026812,1026910,-,tRNA,cpbgf_3004135,tRNA-Met,None,None,
CP141120.1,lnc_RNA,1026867,1032077,+,ncRNA,cpbgf_3004137,lncRNA,None,None,
CP141120.1,mRNA,1027038,1031732,-,mRNA,cpbgf_3004140,p-type Atpase A,cgd3_4140,direct_name,
CP141120.1,mRNA,1032047,1034587,-,mRNA,cpbgf_3004150,RNA recognition motif domain containing protein,cgd3_4150,direct_name,
CP141120.1,lnc_RNA,1032497,1034513,+,ncRNA,cpbgf_3004155,lncRNA,None,None,
CP141120.1,mRNA,1034729,1035994,+,mRNA,cpbgf_3004160,CCHC-type Zinc finger protein,cgd3_4160,direct_name,
CP141120.1,mRNA,1035914,1039897,-,mRNA,cpbgf_3004170,Secreted insulinase like peptidase,cgd3_4170,direct_name,
CP141120.1,mRNA,1040117,1043959,-,mRNA,cpbgf_3004180,Insulinase (Peptidase family M16),cgd3_4180,direct_name,
CP141120.1,lnc_RNA,1044067,1048715,+,ncRNA,cpbgf_3004185,lncRNA,None,None,
CP141120.1,mRNA,1044422,1047947,-,mRNA,cpbgf_3004190,Secreted insulinase like peptidase/M16 peptidase-like Metalloenzyme,cgd3_4190,direct_name,
CP141120.1,lnc_RNA,1048120,1051886,+,ncRNA,cpbgf_3004195,lncRNA,None,None,
CP141120.1,mRNA,1048445,1052894,-,mRNA,cpbgf_3004200,Secreted insulinase like peptidase/M16 peptidase-like Metalloenzyme,cgd3_4200,direct_name,
CP141120.1,mRNA,1052937,1057051,-,mRNA,cpbgf_3004210,Secreted insulinase like peptidase/M16 peptidase-like Metalloenzyme,cgd3_4210,direct_name,
CP141120.1,lnc_RNA,1052973,1057201,+,ncRNA,cpbgf_3004215,lncRNA,None,None,
CP141120.1,mRNA,1057085,1061508,-,mRNA,cpbgf_3004220,Secreted insulinase like peptidase/M16 peptidase-like Metalloenzyme,cgd3_4220,direct_name,
CP141120.1,mRNA,1061511,1063558,-,mRNA,cpbgf_3004230,Uncharacterized protein,cgd3_4230,direct_name,
CP141120.1,mRNA,1063674,1067230,-,mRNA,cpbgf_3004240,Insulinase (Peptidase family M16),cgd3_4240,direct_name,
CP141120.1,mRNA,1067367,1071303,-,mRNA,cpbgf_3004250,hypothetical protein,cgd3_4250,direct_name,
CP141120.1,lnc_RNA,1071343,1075535,+,ncRNA,cpbgf_3004255,lncRNA,None,None,
CP141120.1,mRNA,1071507,1075179,-,mRNA,cpbgf_3004260,insulinase like peptidase,cgd3_4260,direct_name,
CP141120.1,mRNA,1075125,1079014,-,mRNA,cpbgf_3004270,insulinase like peptidase,cgd3_4270,direct_name,
CP141120.1,lnc_RNA,1075324,1078365,+,ncRNA,cpbgf_3004273,lncRNA,None,None,
CP141120.1,lnc_RNA,1078957,1081367,+,ncRNA,cpbgf_3004275,lncRNA,None,None,
CP141120.1,mRNA,1079119,1083085,-,mRNA,cpbgf_3004280,Secreted insulinase like peptidase,cgd3_4280,direct_name,
CP141120.1,mRNA,1083165,1088187,+,mRNA,cpbgf_3004290,DNA polymerase,cgd3_4290,direct_name,
CP141120.1,mRNA,1088154,1088876,-,mRNA,cpbgf_3004300,t-SNARE coiled-coil homology domain containing protein,cgd3_4300,direct_name,
CP141120.1,mRNA,1088894,1091366,-,mRNA,cpbgf_3004310,Sexual stage-specific protein kinase,cgd3_4310,direct_name,
CP141120.1,snRNA,1091464,1091748,+,ncRNA,cpbgf_3004315,snRNA,None,None,
CP141120.1,mRNA,1091739,1092486,-,mRNA,cpbgf_3004320,RNA polymerase Rpb4,cgd3_4320,direct_name,
CP141120.1,mRNA,1092579,1094563,+,mRNA,cpbgf_3004330,Metallo-dependent phosphatase-like,cgd3_4330,direct_name,
CP141120.1,mRNA,1094778,1095714,+,mRNA,cpbgf_3004340,Uncharacterized protein,cgd3_4340,direct_name,
CP141120.1,mRNA,1095817,1097829,+,mRNA,cpbgf_3004350,Amino acid transporter,cgd3_4350,direct_name,
CP141120.1,mRNA,1097971,1099248,+,mRNA,cpbgf_3004360,FLGN gene family protein,cgd3_4360,direct_name,
CP141121.1,mRNA,887,1836,+,mRNA,cpbgf_4004510,hypothetical protein,cgd4_4503,no_direct_name,
CP141121.1,mRNA,2196,5118,-,mRNA,cpbgf_4004500,cysteine rich protein,cgd4_4500,direct_name,
CP141121.1,lnc_RNA,5183,7230,+,ncRNA,cpbgf_4004495,lncRNA,None,None,
CP141121.1,mRNA,6269,9820,-,mRNA,cpbgf_4004490,SKSR gene family protein,cgd4_4490,direct_name,
CP141121.1,mRNA,10165,11394,-,mRNA,cpbgf_4004480,secreted membrane-associated protein (FLGN gene family),cgd4_4480,direct_name,
CP141121.1,mRNA,12171,14539,-,mRNA,cpbgf_4004470,FLGN gene family protein,cgd4_4470,direct_name,
CP141121.1,mRNA,14567,16317,-,mRNA,cpbgf_4004460,Bifunctional dihydrofolate reductase/thymidylate synthase,cgd4_4460,direct_name,
CP141121.1,lnc_RNA,14687,15625,+,ncRNA,cpbgf_4004465,lncRNA,None,None,
CP141121.1,lnc_RNA,16356,18384,+,ncRNA,cpbgf_4004455,lncRNA,None,None,
CP141121.1,mRNA,16505,18427,-,mRNA,cpbgf_4004450,Transmembrane amino acid transporter protein,cgd4_4450,direct_name,
CP141121.1,mRNA,18585,22788,-,mRNA,cpbgf_4004440,ABC transporter,cgd4_4440,direct_name,
CP141121.1,mRNA,23035,24394,-,mRNA,cpbgf_4004420,OTU-like cysteine protease,cgd4_4423,no_direct_name,
CP141121.1,mRNA,24467,27637,+,mRNA,cpbgf_4004410,PHD domain containing protein,cgd4_4410,direct_name,
CP141121.1,mRNA,27767,29074,+,mRNA,cpbgf_4004400,Uncharacterized protein,cgd4_4400,direct_name,
CP141121.1,lnc_RNA,28234,29325,-,ncRNA,cpbgf_4004395,lncRNA,None,None,
CP141121.1,mRNA,29687,30506,+,mRNA,cpbgf_4004390,Uncharacterized protein,cgd4_4390,direct_name,
CP141121.1,mRNA,30602,31276,-,mRNA,cpbgf_4004380,Uncharacterized protein,cgd4_4380,direct_name,
CP141121.1,lnc_RNA,31566,32674,+,ncRNA,cpbgf_4004375,lncRNA,None,None,
CP141121.1,mRNA,31590,34097,-,mRNA,cpbgf_4004370,Uncharacterized protein,cgd4_4370,direct_name,
CP141121.1,mRNA,34724,36697,+,mRNA,cpbgf_4004360,Ring finger domain containing protein,cgd4_4360,direct_name,
CP141121.1,mRNA,37070,39610,+,mRNA,cpbgf_4004350,START-like domain containing protein,cgd4_4350,direct_name,
CP141121.1,lnc_RNA,39863,41126,+,ncRNA,cpbgf_4004345,lncRNA,None,None,
CP141121.1,mRNA,40128,41819,-,mRNA,cpbgf_4004340,Diacylglycerol kinase,cgd4_4340,direct_name,
CP141121.1,mRNA,42792,44577,-,mRNA,cpbgf_4004330,Uncharacterized protein,cgd4_4330,direct_name,
CP141121.1,mRNA,45806,48442,+,mRNA,cpbgf_4004320,ORC/CDC6 like AAA+ Atpase,cgd4_4320,direct_name,
CP141121.1,mRNA,48502,50142,-,mRNA,cpbgf_4004310,Ring finger domain containing protein,cgd4_4310,direct_name,
CP141121.1,mRNA,50217,52041,+,mRNA,cpbgf_4004300,hypothetical protein,cgd4_4300,direct_name,
CP141121.1,mRNA,52098,54410,-,mRNA,cpbgf_4004290,Beta adaptin,cgd4_4290,direct_name,
CP141121.1,lnc_RNA,54768,59266,+,ncRNA,cpbgf_4004275,lncRNA,None,None,
CP141121.1,mRNA,54830,59089,-,mRNA,cpbgf_4004280,putative gamma-tubulin complex 4,cgd4_4280,direct_name,
CP141121.1,mRNA,59331,60278,-,mRNA,cpbgf_4004270,Uncharacterized protein,cgd4_4270,direct_name,
CP141121.1,mRNA,60727,62742,+,mRNA,cpbgf_4004260,Armadillo-like helical protein,cgd4_4253,no_direct_name,
CP141121.1,lnc_RNA,61032,62891,-,ncRNA,cpbgf_4004245,lncRNA,None,None,
CP141121.1,mRNA,62998,66826,+,mRNA,cpbgf_4004240,Insulinase like peptidase,cgd4_4240,direct_name,
CP141121.1,mRNA,66801,69336,-,mRNA,cpbgf_4004230,DEAH-box subfamily ATP-dependent helicase,cgd4_4230,direct_name,
CP141121.1,mRNA,69432,75079,+,mRNA,cpbgf_4004220,WD40-repeat protein,cgd4_4220,direct_name,
CP141121.1,mRNA,74547,77629,-,mRNA,cpbgf_4004210,Uncharacterized protein,cgd4_4210,direct_name,
CP141121.1,mRNA,77685,79015,+,mRNA,cpbgf_4004200,Tetratricopeptide repeat,cgd4_4200,direct_name,
CP141121.1,mRNA,79110,82709,-,mRNA,cpbgf_4004160,Uncharacterized protein,cgd4_4160,direct_name,
CP141121.1,mRNA,83342,84354,-,mRNA,cpbgf_4004150,Inosine triphosphate pyrophosphatase-like,cgd4_4150,direct_name,
CP141121.1,mRNA,85822,90279,+,mRNA,cpbgf_4004140,Sel1-like repeat protein,cgd4_4140,direct_name,
CP141121.1,mRNA,90482,91768,-,mRNA,cpbgf_4004130,Maspardin/Alpha Beta hydrolase fold-containing protein,cgd4_4130,direct_name,
CP141121.1,lnc_RNA,92414,95637,+,ncRNA,cpbgf_4004125,lncRNA,None,None,
CP141121.1,mRNA,92730,95738,-,mRNA,cpbgf_4004120,Metacaspase-like protein,cgd4_4120,direct_name,
CP141121.1,mRNA,96502,97628,-,mRNA,cpbgf_4004110,Uncharacterized protein,cgd4_4110,direct_name,
CP141121.1,mRNA,98246,99390,+,mRNA,cpbgf_4004100,Coatomer epsilon subunit,cgd4_4100,direct_name,
CP141121.1,mRNA,100484,103675,+,mRNA,cpbgf_4004090,SEC14,cgd4_4090,direct_name,
CP141121.1,mRNA,104298,106123,-,mRNA,cpbgf_4004080,GDP dissociation inhibitor,cgd4_4080,direct_name,
CP141121.1,mRNA,106195,106509,-,mRNA,cpbgf_4004070,hypothetical protein,cgd4_4070,direct_name,
CP141121.1,mRNA,106625,109867,+,mRNA,cpbgf_4004060,B-box zinc finger domain containing protein,cgd4_4060,direct_name,
CP141121.1,mRNA,110052,112720,-,mRNA,cpbgf_4004050,MFS,cgd4_4050,direct_name,
CP141121.1,lnc_RNA,112859,114340,+,ncRNA,cpbgf_4004045,lncRNA,None,None,
CP141121.1,mRNA,113104,114884,-,mRNA,cpbgf_4004040,GTP binding/Guanine nucleotide-binding protein-like 3 N-terminal domain containing protein,cgd4_4040,direct_name,
CP141121.1,mRNA,115050,116171,-,mRNA,cpbgf_4004030,UBX/SEP domain containing protein,cgd4_4030,direct_name,
CP141121.1,mRNA,116239,117472,-,mRNA,cpbgf_4004020,Ribosomal protein S5,cgd4_4020,direct_name,
CP141121.1,lnc_RNA,117946,120107,+,ncRNA,cpbgf_4004015,lncRNA,None,None,
CP141121.1,mRNA,118203,121259,-,mRNA,cpbgf_4004010,hypothetical protein,cgd4_4010,direct_name,
CP141121.1,mRNA,121651,122174,-,mRNA,cpbgf_4004000,Diamine acetyltransferase,cgd4_4000,direct_name,
CP141121.1,mRNA,122272,124214,+,mRNA,cpbgf_4003990,Uncharacterized protein,cgd4_3990,direct_name,
CP141121.1,mRNA,124453,127205,-,mRNA,cpbgf_4003980,Vps51/Vps67,cgd4_3980,direct_name,
CP141121.1,mRNA,127728,130895,+,mRNA,cpbgf_4003970,Uncharacterized protein,cgd4_3970,direct_name,
CP141121.1,mRNA,131043,131701,-,mRNA,cpbgf_4003960,Uncharacterized protein,cgd4_3960,direct_name,
CP141121.1,mRNA,131976,135490,-,mRNA,cpbgf_4003950,RPN2/26s proteasome regulatory subunit,cgd4_3950,direct_name,
CP141121.1,lnc_RNA,133085,135389,+,ncRNA,cpbgf_4003955,lncRNA,None,None,
CP141121.1,mRNA,137080,137463,+,mRNA,cpbgf_4003940,Protein phosphatase inhibitor,cgd4_3940,direct_name,
CP141121.1,lnc_RNA,137605,138493,+,ncRNA,cpbgf_4003935,lncRNA,None,None,
CP141121.1,mRNA,137687,138474,-,mRNA,cpbgf_4003930,Archeo-eukaryotic exosomal RNAse,cgd4_3930,direct_name,
CP141121.1,mRNA,138600,140700,+,mRNA,cpbgf_4003920,DinB/family X-type DNA polymerase,cgd4_3920,direct_name,
CP141121.1,mRNA,140823,141688,-,mRNA,cpbgf_4001535,hypothetical protein,cgd3_1540,no_direct_name,chr_change
CP141121.1,mRNA,142334,143029,-,mRNA,cpbgf_4001537,hypothetical protein,cgd2_3750,no_direct_name,chr_change
CP141121.1,mRNA,143717,144711,+,mRNA,cpbgf_4001540,SRP40 C-terminal domain containing protein,cgd4_1540,direct_name,
CP141121.1,lnc_RNA,144317,144727,-,ncRNA,cpbgf_4001545,lncRNA,None,None,
CP141121.1,mRNA,144870,145809,+,mRNA,cpbgf_4001550,Target SNARE coiled-coil homology domain containing protein,cgd4_1543,no_direct_name,
CP141121.1,tRNA,145948,146019,-,tRNA,cpbgf_4001556,tRNA-Pro,None,None,
CP141121.1,tRNA,146564,146645,+,tRNA,cpbgf_4001555,tRNA-Pro,None,None,
CP141121.1,mRNA,146758,148006,-,mRNA,cpbgf_4001560,Uncharacterized protein,cgd4_1560,direct_name,
CP141121.1,mRNA,148244,150905,+,mRNA,cpbgf_4001570,SNU66/SART1 family,cgd4_1570,direct_name,
CP141121.1,snRNA,150123,150249,+,ncRNA,cpbgf_4001563,snRNA,None,None,
CP141121.1,snRNA,150496,150622,+,ncRNA,cpbgf_4001565,snRNA,None,None,
CP141121.1,mRNA,150833,154186,-,mRNA,cpbgf_4001580,Ribosomal RNA large subunit methyltransferase E,cgd4_1580,direct_name,
CP141121.1,lnc_RNA,154558,155160,-,ncRNA,cpbgf_4001585,lncRNA,None,None,
CP141121.1,mRNA,155846,163382,+,mRNA,cpbgf_4001590,Chromodomain-helicase-DNA-binding'multidomain chromatin protein with the following architecture: chromo-bromo-chromo-SNF2 ATpase,cgd4_1590,direct_name,
CP141121.1,mRNA,163518,167987,+,mRNA,cpbgf_4001600,Uncharacterized protein,cgd4_1600,direct_name,
CP141121.1,mRNA,168007,169812,-,mRNA,cpbgf_4001610,Serine/threonine protein kinase,cgd4_1610,direct_name,
CP141121.1,mRNA,170702,172414,-,mRNA,cpbgf_4001620,hypothetical protein,cgd4_1620,direct_name,
CP141121.1,snRNA,173110,173235,-,ncRNA,cpbgf_4001625,snRNA,None,None,
CP141121.1,mRNA,173717,174580,+,mRNA,cpbgf_4001630,Uncharacterized protein,cgd4_1630,direct_name,
CP141121.1,mRNA,174697,176810,+,mRNA,cpbgf_4001640,Uncharacterized protein,cgd4_1640,direct_name,
CP141121.1,mRNA,176831,177645,+,mRNA,cpbgf_4001650,Thioredoxin,cgd4_1650,direct_name,
CP141121.1,mRNA,177880,178371,-,mRNA,cpbgf_4001660,Small nuclear ribonucleoprotein E,cgd4_1660,direct_name,
CP141121.1,mRNA,178742,179341,-,mRNA,cpbgf_4001670,Uncharacterized protein,cgd4_1670,direct_name,
CP141121.1,lnc_RNA,179878,180610,+,ncRNA,cpbgf_4001675,lncRNA,None,None,
CP141121.1,mRNA,179909,180919,-,mRNA,cpbgf_4001680,Brl1/Brr6 domain containing protein,cgd4_1680,direct_name,
CP141121.1,mRNA,180990,185860,-,mRNA,cpbgf_4001690,Myosin motor domain containing protein,cgd4_1690,direct_name,
CP141121.1,mRNA,186280,188732,-,mRNA,cpbgf_4001700,Nucleolar GTP-binding protein 1,cgd4_1700,direct_name,
CP141121.1,lnc_RNA,186462,187196,+,ncRNA,cpbgf_4001695,lncRNA,None,None,
CP141121.1,mRNA,189104,193503,+,mRNA,cpbgf_4001710,Condensin subunit 1/Condensin-2 complex subunit D3,cgd4_1710,direct_name,
CP141121.1,mRNA,194013,195784,+,mRNA,cpbgf_4001730,Histone-like transcription factor (CBF/NF-Y) and archaeal histone,cgd4_1730,direct_name,
CP141121.1,mRNA,194929,198186,-,mRNA,cpbgf_4001735,AAA+ ATPase,cgd4_1730,no_direct_name,
CP141121.1,mRNA,198461,199837,+,mRNA,cpbgf_4001740,GPI inositol-deacylase PGAP1-like,cgd4_1740,direct_name,
CP141121.1,mRNA,200020,201433,+,mRNA,cpbgf_4001750,GPI inositol-deacylase PGAP1-like,cgd4_1750,direct_name,
CP141121.1,mRNA,201031,204069,-,mRNA,cpbgf_4001760,Tapt1 family,cgd4_1760,direct_name,
CP141121.1,mRNA,204244,205272,-,mRNA,cpbgf_4001770,Mitochondrial biogenesis protein AIM24,cgd4_1770,direct_name,
CP141121.1,mRNA,206002,207490,+,mRNA,cpbgf_4001780,Zinc finger%2CC3HC4 type (RING) containing protein,cgd4_1780,direct_name,
CP141121.1,mRNA,207678,208385,-,mRNA,cpbgf_4001790,Uncharacterized protein,cgd4_1790,direct_name,
CP141121.1,mRNA,208709,209356,-,mRNA,cpbgf_4001800,Uncharacterized protein,cgd4_1800,direct_name,
CP141121.1,mRNA,209557,210357,-,mRNA,cpbgf_4001810,Uncharacterized protein,cgd4_1810,direct_name,
CP141121.1,mRNA,210811,212950,+,mRNA,cpbgf_4001820,Uncharacterized protein,cgd4_1820,direct_name,
CP141121.1,mRNA,213247,213798,+,mRNA,cpbgf_4001830,Dynein light chain tctex1,cgd4_1830,direct_name,
CP141121.1,mRNA,213890,216557,-,mRNA,cpbgf_4001840,RNA helicase,cgd4_1840,direct_name,
CP141121.1,mRNA,216690,219282,+,mRNA,cpbgf_4001850,Endonuclease/exonuclease/phosphatase,cgd4_1850,direct_name,
CP141121.1,mRNA,219445,221557,+,mRNA,cpbgf_4001860,Uncharacterized protein,cgd4_1860,direct_name,
CP141121.1,lnc_RNA,219851,221326,-,ncRNA,cpbgf_4001855,lncRNA,None,None,
CP141121.1,mRNA,221576,222244,-,mRNA,cpbgf_4001870,Uncharacterized protein,cgd4_1870,direct_name,
CP141121.1,mRNA,222723,226412,+,mRNA,cpbgf_4001880,Uncharacterized protein,cgd4_1880,direct_name,
CP141121.1,lnc_RNA,225232,226583,-,ncRNA,cpbgf_4001885,lncRNA,None,None,
CP141121.1,mRNA,226700,230058,+,mRNA,cpbgf_4001890,Adenosine monophosphate deaminase 2,cgd4_1890,direct_name,
CP141121.1,mRNA,230104,231115,+,mRNA,cpbgf_4001900,Uncharacterized protein,cgd4_1900,direct_name,
CP141121.1,mRNA,231145,232925,-,mRNA,cpbgf_4001910,Alpha/Beta hydrolase fold-containing protein,cgd4_1910,direct_name,
CP141121.1,lnc_RNA,233042,235432,+,ncRNA,cpbgf_4001915,lncRNA,None,None,
CP141121.1,mRNA,233076,235789,-,mRNA,cpbgf_4001920,Endonuclease/exonuclease/phosphatase,cgd4_1920,direct_name,
CP141121.1,lnc_RNA,235844,236929,+,ncRNA,cpbgf_4001925,lncRNA,None,None,
CP141121.1,mRNA,235958,237468,-,mRNA,cpbgf_4001930,Origin recognition complex%2Csubunit 2,cgd4_1930,direct_name,
CP141121.1,mRNA,237604,238387,+,mRNA,cpbgf_4001940,Nucleoside diphosphate kinase,cgd4_1940,direct_name,
CP141121.1,mRNA,237709,239175,-,mRNA,cpbgf_4001950,RNAse PH domain containing protein,cgd4_1950,direct_name,
CP141121.1,mRNA,239224,240457,+,mRNA,cpbgf_4001960,THIF-type NAD/FAD binding fold containing protein,cgd4_1960,direct_name,
CP141121.1,mRNA,240508,241566,+,mRNA,cpbgf_4001970,putative transmembrane Protein,cgd4_1970,direct_name,
CP141121.1,mRNA,241529,242783,-,mRNA,cpbgf_4001980,Rab-GTPase-TBC domain containing protein,cgd4_1980,direct_name,
CP141121.1,mRNA,242854,244744,-,mRNA,cpbgf_4001990,Nucleolar%2CNop52,cgd4_1990,direct_name,
CP141121.1,mRNA,245044,246808,+,mRNA,cpbgf_4002000,Apicomplexan CP 15/60K like protein,cgd4_2000,direct_name,
CP141121.1,mRNA,246719,249012,+,mRNA,cpbgf_4002010,Cell division control protein 73 C-terminal domain containing protein,cgd4_2010,direct_name,
CP141121.1,mRNA,247839,250893,-,mRNA,cpbgf_4002020,Vacuolar import/degradation Vid27-related protein,cgd4_2020,direct_name,
CP141121.1,tRNA,250906,251003,-,tRNA,cpbgf_4002025,tRNA-Leu,None,None,
CP141121.1,mRNA,251094,251959,-,mRNA,cpbgf_4002030,Centromeric histone h3-like protein,cgd4_2030,direct_name,
CP141121.1,mRNA,252147,253119,+,mRNA,cpbgf_4002033,Autophagy protein Apg5,cgd4_2033,direct_name,
CP141121.1,mRNA,252994,253648,-,mRNA,cpbgf_4002040,Uncharacterized protein,cgd4_2040,direct_name,
CP141121.1,mRNA,253586,256799,-,mRNA,cpbgf_4002050,hypothetical protein,cgd4_2040,no_direct_name,
CP141121.1,mRNA,256793,258113,+,mRNA,cpbgf_4002060,RecA-like DNA recombination and repair protein,cgd4_2053,no_direct_name,
CP141121.1,mRNA,258197,259510,+,mRNA,cpbgf_4002070,Cyclin B like,cgd4_2070,direct_name,
CP141121.1,mRNA,259510,260660,-,mRNA,cpbgf_4002080,DHHC palmitoyltransferase,cgd4_2080,direct_name,
CP141121.1,mRNA,260845,262890,-,mRNA,cpbgf_4002090,SET domain containing protein,cgd4_2090,direct_name,
CP141121.1,mRNA,263323,263861,+,mRNA,cpbgf_4002093,hypothetical protein,cgd4_2093,direct_name,
CP141121.1,mRNA,264081,264550,+,mRNA,cpbgf_4002100,Glycosyl transferase family 1/GPI anchor biosynthesis related protein,cgd4_2100,direct_name,
CP141121.1,mRNA,264552,265440,-,mRNA,cpbgf_4002103,Uncharacterized protein,cgd4_2103,direct_name,
CP141121.1,mRNA,265538,267755,-,mRNA,cpbgf_4002110,Papain family cysteine protease,cgd4_2110,direct_name,
CP141121.1,mRNA,268141,269762,+,mRNA,cpbgf_4002120,PX domain containing protein,cgd4_2120,direct_name,
CP141121.1,lnc_RNA,269700,270930,+,ncRNA,cpbgf_4002135,lncRNA,None,None,
CP141121.1,mRNA,269820,270848,-,mRNA,cpbgf_4002130,Rab-GTPase-TBC domain containing protein,cgd4_2130,direct_name,
CP141121.1,mRNA,271134,272456,+,mRNA,cpbgf_4002140,Uncharacterized protein,cgd4_2140,direct_name,
CP141121.1,mRNA,272246,274592,-,mRNA,cpbgf_4002150,DNA replication factor CDT1 like protein,cgd4_2150,direct_name,
CP141121.1,lnc_RNA,272818,274271,+,ncRNA,cpbgf_4002145,lncRNA,None,None,
CP141121.1,mRNA,275037,276039,-,mRNA,cpbgf_4002160,Ribonuclease,cgd4_2160,direct_name,
CP141121.1,mRNA,276491,278821,+,mRNA,cpbgf_4002170,Uncharacterized protein,cgd4_2170,direct_name,
CP141121.1,mRNA,278830,282228,-,mRNA,cpbgf_4002180,Dpy-19/Dpy-19-like protein,cgd4_2180,direct_name,
CP141121.1,mRNA,282619,284271,-,mRNA,cpbgf_4002190,Aspartic peptidase A1 family,cgd4_2190,direct_name,
CP141121.1,mRNA,284307,288363,-,mRNA,cpbgf_4002200,RecF/RecN/SMC domain containing protein,cgd4_2200,direct_name,
CP141121.1,mRNA,288611,291415,+,mRNA,cpbgf_4002210,Adaptin N terminal domain containing protein,cgd4_2210,direct_name,
CP141121.1,mRNA,291363,291920,-,mRNA,cpbgf_4002220,Double-stranded DNA-binding domain containing protein,cgd4_2220,direct_name,
CP141121.1,mRNA,292296,294046,+,mRNA,cpbgf_4002230,Uncharacterized protein,cgd4_2230,direct_name,
CP141121.1,mRNA,294066,298134,-,mRNA,cpbgf_4002240,Uncharacterized protein,cgd4_2240,direct_name,
CP141121.1,mRNA,298227,299298,+,mRNA,cpbgf_4002250,DNA / pantothenate metabolism flavoprotein,cgd4_2250,direct_name,
CP141121.1,mRNA,300128,301249,-,mRNA,cpbgf_4002260,60S acidic ribosomal protein P0,cgd4_2260,direct_name,
CP141121.1,mRNA,301347,302733,+,mRNA,cpbgf_4002270,Short-chain dehydrogenase/reductase SDR,cgd4_2270,direct_name,
CP141121.1,mRNA,302717,303628,-,mRNA,cpbgf_4002280,Uncharacterized protein,cgd4_2280,direct_name,
CP141121.1,mRNA,303686,304574,+,mRNA,cpbgf_4002290,Anticodon-binding domain containing protein,cgd4_2290,direct_name,
CP141121.1,mRNA,304784,308462,+,mRNA,cpbgf_4002300,Ubiquitin-activating enzyme E1,cgd4_2300,direct_name,
CP141121.1,mRNA,308118,308821,-,mRNA,cpbgf_4002310,Uncharacterized protein,cgd4_2310,direct_name,
CP141121.1,mRNA,309341,311880,+,mRNA,cpbgf_4002320,PLAA/Doa1/Lub1/WD40/PUL domain containing protein,cgd4_2320,direct_name,
CP141121.1,mRNA,311843,312779,-,mRNA,cpbgf_4002330,Uncharacterized protein,cgd4_2330,direct_name,
CP141121.1,lnc_RNA,313128,314126,-,ncRNA,cpbgf_4002335,lncRNA,None,None,
CP141121.1,mRNA,313226,314313,+,mRNA,cpbgf_4002340,putative transmembrane Protein,cgd4_2340,direct_name,
CP141121.1,mRNA,314873,316178,+,mRNA,cpbgf_4002350,Ubiquilin,cgd4_2350,direct_name,
CP141121.1,mRNA,316000,317895,-,mRNA,cpbgf_4002360,Lysine--tRNA ligase,cgd4_2360,direct_name,
CP141121.1,mRNA,317739,320619,-,mRNA,cpbgf_4002370,Armadillo-type fold containing protein,cgd4_2370,direct_name,
CP141121.1,lnc_RNA,317841,319556,+,ncRNA,cpbgf_4002365,lncRNA,None,None,
CP141121.1,mRNA,320692,322107,+,mRNA,cpbgf_4002380,Vacuolar fusion protein Mon1,cgd4_2380,direct_name,
CP141121.1,lnc_RNA,321343,321919,-,ncRNA,cpbgf_4002375,lncRNA,None,None,
CP141121.1,tRNA,322174,322267,-,tRNA,cpbgf_4002385,tRNA-Tyr,None,None,
CP141121.1,mRNA,322298,325193,+,mRNA,cpbgf_4002390,Vacuolar protein sorting-associated protein 35,cgd4_2390,direct_name,
CP141121.1,lnc_RNA,322460,325939,-,ncRNA,cpbgf_4002405,lncRNA,None,None,
CP141121.1,mRNA,325230,325926,+,mRNA,cpbgf_4002400,60S ribosomal protein L31,cgd4_2400,direct_name,
CP141121.1,mRNA,326192,328278,+,mRNA,cpbgf_4002410,Uncharacterized protein,cgd4_2410,direct_name,
CP141121.1,mRNA,328173,330297,-,mRNA,cpbgf_4002420,Sushi/SCR/CCP domain containing protein,cgd4_2420,direct_name,
CP141121.1,lnc_RNA,329658,329989,+,ncRNA,cpbgf_4002415,lncRNA,None,None,
CP141121.1,mRNA,330463,333051,-,mRNA,cpbgf_4002430,Uncharacterized protein,cgd4_2430,direct_name,
CP141121.1,mRNA,333021,334283,-,mRNA,cpbgf_4002440,Uncharacterized protein,cgd4_2440,direct_name,
CP141121.1,mRNA,333862,334496,+,mRNA,cpbgf_4002450,Tubulin-specific chaperone C,cgd4_2450,direct_name,
CP141121.1,mRNA,334445,335424,-,mRNA,cpbgf_4002460,Uncharacterized protein,cgd4_2460,direct_name,
CP141121.1,mRNA,335481,338112,-,mRNA,cpbgf_4002470,Uncharacterized protein,cgd4_2470,direct_name,
CP141121.1,lnc_RNA,335556,336486,+,ncRNA,cpbgf_4002465,lncRNA,None,None,
CP141121.1,lnc_RNA,338232,338846,+,ncRNA,cpbgf_4002475,lncRNA,None,None,
CP141121.1,mRNA,338267,338934,-,mRNA,cpbgf_4002480,Uncharacterized protein,cgd4_2480,direct_name,
CP141121.1,mRNA,339240,339953,+,mRNA,cpbgf_4002490,Uncharacterized protein,cgd4_2490,direct_name,
CP141121.1,mRNA,340604,341107,+,mRNA,cpbgf_4002500,Uncharacterized protein,cgd4_2500,direct_name,
CP141121.1,mRNA,341197,342628,-,mRNA,cpbgf_4002510,Uncharacterized protein,cgd4_2510,direct_name,
CP141121.1,mRNA,342540,343564,-,mRNA,cpbgf_4002520,Uncharacterized protein,cgd4_2520,direct_name,
CP141121.1,lnc_RNA,342638,343513,+,ncRNA,cpbgf_4002515,lncRNA,None,None,
CP141121.1,mRNA,343613,344920,+,mRNA,cpbgf_4002530,Uncharacterized protein,cgd4_2530,direct_name,
CP141121.1,mRNA,345098,346520,+,mRNA,cpbgf_4002540,ClpA/B family/26S proteasome subunit P45,cgd4_2540,direct_name,
CP141121.1,lnc_RNA,345284,346380,-,ncRNA,cpbgf_4002535,lncRNA,None,None,
CP141121.1,mRNA,346469,347673,-,mRNA,cpbgf_4002550,Polyprenyl synthetase,cgd4_2550,direct_name,
CP141121.1,mRNA,347675,348090,-,mRNA,cpbgf_4002552,hypothetical protein,cgd4_2552,direct_name,
CP141121.1,mRNA,348135,349226,+,mRNA,cpbgf_4002560,Uncharacterized protein,cgd4_2560,direct_name,
CP141121.1,mRNA,348182,351878,-,mRNA,cpbgf_4002570,Phosphoinositide phospholipase C,cgd4_2570,direct_name,
CP141121.1,snRNA,351995,352243,+,ncRNA,cpbgf_4002573,snRNA,None,None,
CP141121.1,mRNA,352307,353967,+,mRNA,cpbgf_4002580,WD40 repeat-containing protein,cgd4_2580,direct_name,
CP141121.1,tRNA,353841,353928,+,tRNA,cpbgf_4002575,tRNA-Asn,None,None,
CP141121.1,mRNA,354135,356579,+,mRNA,cpbgf_4002590,Oxysterol-binding/PH domain containing protein,cgd4_2590,direct_name,
CP141121.1,mRNA,356418,357977,-,mRNA,cpbgf_4002600,Glycerophosphodiester phosphodiesterase-like protein,cgd4_2600,direct_name,
CP141121.1,mRNA,357706,358859,-,mRNA,cpbgf_4002610,UDP-glucose 4-epimerase,cgd4_2610,direct_name,
CP141121.1,lnc_RNA,358060,358862,+,ncRNA,cpbgf_4002615,lncRNA,None,None,
CP141121.1,mRNA,358951,359862,+,mRNA,cpbgf_4002620,hypothetical protein,cgd4_2620,direct_name,
CP141121.1,mRNA,359808,360886,-,mRNA,cpbgf_4002630,Uncharacterized protein,cgd4_2620,no_direct_name,
CP141121.1,mRNA,361186,362509,+,mRNA,cpbgf_4002640,Uncharacterized protein,cgd4_2633,no_direct_name,
CP141121.1,mRNA,362521,364541,+,mRNA,cpbgf_4002650,Nucleic acid-binding OB-fold-containing protein,cgd4_2650,direct_name,
CP141121.1,mRNA,364490,365830,-,mRNA,cpbgf_4002660,Programmed cell death protein 2 C-terminal domain containing protein,cgd4_2660,direct_name,
CP141121.1,mRNA,365908,376293,+,mRNA,cpbgf_4002670,Phosphatidylinositol 3- and 4-kinase/PIK-related kinase,cgd4_2670,direct_name,
CP141121.1,mRNA,375709,377126,-,mRNA,cpbgf_4002680,Bax inhibitor 1-related,cgd4_2680,direct_name,
CP141121.1,mRNA,377298,382730,-,mRNA,cpbgf_4002690,Sec7 domain containing protein,cgd4_2690,direct_name,
CP141121.1,mRNA,383133,383348,+,mRNA,cpbgf_4002693,IQ calmodulin-binding motif containing protein,cgd4_2693,direct_name,
CP141121.1,mRNA,383326,385419,+,mRNA,cpbgf_4002700,NADPH-cytochrome p450 reductase,cgd4_2700,direct_name,
CP141121.1,lnc_RNA,385251,385924,-,ncRNA,cpbgf_4002705,lncRNA,None,None,
CP141121.1,mRNA,385416,385953,+,mRNA,cpbgf_4002710,Like-Sm (LSM) domain containing protein,cgd4_2710,direct_name,
CP141121.1,mRNA,386072,390742,+,mRNA,cpbgf_4002720,p-type Atpase,cgd4_2720,direct_name,
CP141121.1,mRNA,391008,393971,+,mRNA,cpbgf_4002730,Uncharacterized protein,cgd4_2730,direct_name,
CP141121.1,mRNA,393951,394887,-,mRNA,cpbgf_4002740,Brix domain containing protein,cgd4_2740,direct_name,
CP141121.1,mRNA,394948,396455,+,mRNA,cpbgf_4002750,Anaphase-promoting complex subunit 4 WD40 domain containing protein,cgd4_2750,direct_name,
CP141121.1,mRNA,396406,396798,+,mRNA,cpbgf_4002760,Mitotic-spindle organizing protein 1,cgd4_2760,direct_name,
CP141121.1,mRNA,396956,398669,+,mRNA,cpbgf_4002770,Amino acid transporter,cgd4_2770,direct_name,
CP141121.1,mRNA,398374,399794,-,mRNA,cpbgf_4002780,DnaJ domain containing protein,cgd4_2780,direct_name,
CP141121.1,mRNA,399874,401355,+,mRNA,cpbgf_4002790,CDP-alcohol phosphatidyltransferase,cgd4_2790,direct_name,
CP141121.1,mRNA,401285,402894,-,mRNA,cpbgf_4002800,Uncharacterized protein,cgd4_2800,direct_name,
CP141121.1,mRNA,403421,407194,-,mRNA,cpbgf_4002810,Uncharacterized protein,cgd4_2810,direct_name,
CP141121.1,mRNA,407527,408519,+,mRNA,cpbgf_4002820,Uncharacterized protein,cgd4_2820,direct_name,
CP141121.1,mRNA,408849,409695,-,mRNA,cpbgf_4002830,hypothetical protein,cgd4_2830,direct_name,
CP141121.1,mRNA,409683,410639,+,mRNA,cpbgf_4002840,hypothetical protein,cgd4_2840,direct_name,
CP141121.1,mRNA,410704,412861,+,mRNA,cpbgf_4002850,DnaJ domain containing protein,cgd4_2850,direct_name,
CP141121.1,lnc_RNA,411840,413649,-,ncRNA,cpbgf_4002853,lncRNA,None,None,
CP141121.1,mRNA,413081,415342,+,mRNA,cpbgf_4002860,Tubulin alpha chain,cgd4_2860,direct_name,
CP141121.1,lnc_RNA,413613,415261,-,ncRNA,cpbgf_4002855,lncRNA,None,None,
CP141121.1,mRNA,415317,417350,+,mRNA,cpbgf_4002870,sugar transporter-like protein,cgd4_2870,direct_name,
CP141121.1,mRNA,416246,418196,-,mRNA,cpbgf_4002880,hypothetical protein,cgd4_2880,direct_name,
CP141121.1,mRNA,418246,420372,-,mRNA,cpbgf_4002890,Uncharacterized protein,cgd4_2890,direct_name,
CP141121.1,mRNA,418289,461024,+,mRNA,cpbgf_4002900,Polyketide synthase,cgd4_2900,direct_name,
CP141121.1,lnc_RNA,457567,461002,-,ncRNA,cpbgf_4002895,lncRNA,None,None,
CP141121.1,mRNA,461088,463614,+,mRNA,cpbgf_4002910,Peptidase M24,cgd4_2910,direct_name,
CP141121.1,mRNA,462607,465235,-,mRNA,cpbgf_4002920,Uncharacterized protein,cgd4_2920,direct_name,
CP141121.1,mRNA,465216,467451,+,mRNA,cpbgf_4002930,Vacuolar sorting protein VPS52/suppressor of actin Sac2-family protein,cgd4_2930,direct_name,
CP141121.1,lnc_RNA,465888,467395,-,ncRNA,cpbgf_4002925,lncRNA,None,None,
CP141121.1,tRNA,467421,467520,+,tRNA,cpbgf_4002937,tRNA-Val,None,None,
CP141121.1,mRNA,467621,468573,-,mRNA,cpbgf_4002940,Tetratricopeptide repeat,cgd4_2940,direct_name,
CP141121.1,mRNA,468853,470383,+,mRNA,cpbgf_4002950,AP2/ERF domain containing protein,cgd4_2950,direct_name,
CP141121.1,mRNA,470163,471256,-,mRNA,cpbgf_4002960,ERCC4/XP-G-type excision repair nuclease,cgd4_2960,direct_name,
CP141121.1,mRNA,471311,473206,-,mRNA,cpbgf_4002970,RAD1%2CNH2 terminal ERCC4-like helicase domain containing protein,cgd4_2970,direct_name,
CP141121.1,tRNA,473355,473429,-,tRNA,cpbgf_4002973,tRNA-Thr,None,None,
CP141121.1,tRNA,473676,473762,+,tRNA,cpbgf_4002975,tRNA-Ile,None,None,
CP141121.1,mRNA,473793,475584,-,mRNA,cpbgf_4002980,RhoGAP domain containing protein,cgd4_2980,direct_name,
CP141121.1,mRNA,475491,477129,+,mRNA,cpbgf_4002985,Glycosyl transferase,cgd4_2990,no_direct_name,
CP141121.1,mRNA,477050,479341,-,mRNA,cpbgf_4002990,Dbp1p,cgd4_2990,direct_name,
CP141121.1,mRNA,479413,480388,+,mRNA,cpbgf_4003000,hypothetical protein,cgd4_3000,direct_name,
CP141121.1,mRNA,480067,481006,-,mRNA,cpbgf_4003010,Uncharacterized protein,cgd4_3010,direct_name,
CP141121.1,mRNA,481005,482259,-,mRNA,cpbgf_4003020,Alpha/Beta hydrolase fold containing protein,cgd4_3020,direct_name,
CP141121.1,lnc_RNA,482273,483646,+,ncRNA,cpbgf_4003033,lncRNA,None,None,
CP141121.1,mRNA,482296,483561,-,mRNA,cpbgf_4003030,Alpha/Beta hydrolase fold containing protein,cgd4_3030,direct_name,
CP141121.1,lnc_RNA,483587,484601,+,ncRNA,cpbgf_4003035,lncRNA,None,None,
CP141121.1,mRNA,483592,485067,-,mRNA,cpbgf_4003040,NifS-like protein cysteine desulfurase/Pyridoxal phosphate-dependent transferase,cgd4_3040,direct_name,
CP141121.1,mRNA,485177,486384,-,mRNA,cpbgf_4003050,Phospholipase/carboxylesterase/thioesterase,cgd4_3050,direct_name,
CP141121.1,mRNA,486509,486901,-,mRNA,cpbgf_4003060,Uncharacterized protein,cgd4_3060,direct_name,
CP141121.1,mRNA,487008,487436,+,mRNA,cpbgf_4003070,Uncharacterized protein,cgd4_3070,direct_name,
CP141121.1,lnc_RNA,487781,488775,-,ncRNA,cpbgf_4003085,lncRNA,None,None,
CP141121.1,mRNA,487855,488506,+,mRNA,cpbgf_4003080,Ribosomal protein S27a with Zinc-binding domain/ubiquitin/Zinc-binding domain,cgd4_3080,direct_name,
CP141121.1,mRNA,488950,490870,+,mRNA,cpbgf_4003090,Oocyst wall protein 6,cgd4_3090,direct_name,
CP141121.1,mRNA,491083,496103,-,mRNA,cpbgf_4003100,Adenylyl cyclase class-3/4/guanylyl cyclase,cgd4_3100,direct_name,
CP141121.1,mRNA,496251,499446,-,mRNA,cpbgf_4003110,Sugar phosphate transporter domain containing protein,cgd4_3110,direct_name,
CP141121.1,mRNA,499344,500933,+,mRNA,cpbgf_4003120,Glycosyl transferase ALG6/ALG8,cgd4_3120,direct_name,
CP141121.1,mRNA,500889,501754,-,mRNA,cpbgf_4003130,Translation initiation factor IF6,cgd4_3130,direct_name,
CP141121.1,mRNA,501809,502938,+,mRNA,cpbgf_4003140,WD40 repeat protein,cgd4_3140,direct_name,
CP141121.1,mRNA,503014,505631,-,mRNA,cpbgf_4003150,Cullin family,cgd4_3150,direct_name,
CP141121.1,lnc_RNA,505810,508023,-,ncRNA,cpbgf_4003165,lncRNA,None,None,
CP141121.1,mRNA,506289,507186,+,mRNA,cpbgf_4003160,40S ribosomal protein S3a,cgd4_3160,direct_name,
CP141121.1,mRNA,507497,508329,+,mRNA,cpbgf_4003170,Uncharacterized protein,cgd4_3170,direct_name,
CP141121.1,mRNA,508213,509839,-,mRNA,cpbgf_4003180,DEAD/DEAH box helicase,cgd4_3180,direct_name,
CP141121.1,mRNA,509929,510592,+,mRNA,cpbgf_4003190,Small nuclear ribonucleoprotein,cgd4_3190,direct_name,
CP141121.1,mRNA,510354,511228,-,mRNA,cpbgf_4003193,hypothetical protein,cgd4_3193,direct_name,
CP141121.1,mRNA,511334,512104,+,mRNA,cpbgf_4003200,RNA polymerase Rpb3/Rpb11 dimerization domain containing protein,cgd4_3200,direct_name,
CP141121.1,mRNA,512201,512976,+,mRNA,cpbgf_4003210,Uncharacterized protein,cgd4_3210,direct_name,
CP141121.1,mRNA,512926,513867,-,mRNA,cpbgf_4003220,Histone H3,cgd4_3220,direct_name,
CP141121.1,mRNA,514490,516815,-,mRNA,cpbgf_4003230,Protein kinase-like domain containing protein,cgd4_3230,direct_name,
CP141121.1,mRNA,517454,519502,+,mRNA,cpbgf_4003240,hypothetical protein,cgd4_3240,direct_name,
CP141121.1,mRNA,518714,520771,-,mRNA,cpbgf_4003250,tRNA (guanine(26)-N(2))-dimethyltransferase,cgd4_3250,direct_name,
CP141121.1,mRNA,520854,521351,+,mRNA,cpbgf_4003260,DNA-directed RNA polymerase subunit N/Rpb10,cgd4_3260,direct_name,
CP141121.1,mRNA,521417,521827,-,mRNA,cpbgf_4003265,hypothetical protein,cgd5_2840,no_direct_name,chr_change
CP141121.1,mRNA,522326,524903,+,mRNA,cpbgf_4003270,Hsp70 protein,cgd4_3270,direct_name,
CP141121.1,mRNA,525272,527537,-,mRNA,cpbgf_4003280,NHR/GATA-type Zinc finger protein,cgd4_3280,direct_name,
CP141121.1,lnc_RNA,527656,528863,+,ncRNA,cpbgf_4003287,lncRNA,None,None,
CP141121.1,mRNA,528258,528593,-,mRNA,cpbgf_4003285,hypothetical protein,cgd3_720,no_direct_name,chr_change
CP141121.1,mRNA,528753,531030,-,mRNA,cpbgf_4003290,Articulin family protein/adjacent paralogous protein,cgd4_3290,direct_name,
CP141121.1,mRNA,531948,532999,+,mRNA,cpbgf_4003300,hypothetical protein,cgd4_3300,direct_name,
CP141121.1,mRNA,533040,534971,-,mRNA,cpbgf_4003310,Phosphoacetylglucosamine mutase,cgd4_3310,direct_name,
CP141121.1,mRNA,535319,535955,+,mRNA,cpbgf_4003313,Uncharacterized protein,cgd4_3313,direct_name,
CP141121.1,mRNA,535946,538314,-,mRNA,cpbgf_4003320,Nucleolar complex-associated protein 3,cgd4_3320,direct_name,
CP141121.1,mRNA,538902,541394,-,mRNA,cpbgf_4003330,Protein kinase/EF-hand domain containing protein,cgd4_3330,direct_name,
CP141121.1,lnc_RNA,541410,542290,+,ncRNA,cpbgf_4003333,lncRNA,None,None,
CP141121.1,mRNA,542456,545513,+,mRNA,cpbgf_4003340,Pleckstrin homology (PH) domain containing protein,cgd4_3340,direct_name,
CP141121.1,lnc_RNA,542467,544719,-,ncRNA,cpbgf_4003335,lncRNA,None,None,
CP141121.1,mRNA,545737,547489,-,mRNA,cpbgf_4003350,MOB kinase activator family,cgd4_3350,direct_name,
CP141121.1,mRNA,547901,549828,+,mRNA,cpbgf_4003360,Histone-binding protein RBBP4 N-terminal domain/WD40 repeat,cgd4_3360,direct_name,
CP141121.1,lnc_RNA,548219,549915,-,ncRNA,cpbgf_4003365,lncRNA,None,None,
CP141121.1,mRNA,549998,550762,+,mRNA,cpbgf_4003370,Uncharacterized protein,cgd4_3370,direct_name,
CP141121.1,mRNA,550762,552832,-,mRNA,cpbgf_4003380,Uncharacterized protein,cgd4_3380,direct_name,
CP141121.1,mRNA,551973,556093,+,mRNA,cpbgf_4003390,Neutral sphingomyelinase activation associated factor-like BEACH domain containing protein,cgd4_3390,direct_name,
CP141121.1,mRNA,554341,559101,-,mRNA,cpbgf_4003400,AMP-dependent synthetase/ligase,cgd4_3400,direct_name,
CP141121.1,mRNA,560512,565979,+,mRNA,cpbgf_4003410,RNA recognition motif/WW domain containing protein,cgd4_3410,direct_name,
CP141121.1,mRNA,564009,567816,-,mRNA,cpbgf_4003420,Vps53-like domain-containing protein,cgd4_3420,direct_name,
CP141121.1,mRNA,568376,575011,+,mRNA,cpbgf_4003430,Uncharacterized protein,cgd4_3430,direct_name,
CP141121.1,mRNA,575182,577569,-,mRNA,cpbgf_4003440,Uncharacterized protein,cgd4_3440,direct_name,
CP141121.1,mRNA,578777,587611,-,mRNA,cpbgf_4003450,Uncharacterized protein,cgd4_3450,direct_name,
CP141121.1,mRNA,588639,590972,+,mRNA,cpbgf_4003460,Uncharacterized protein,cgd4_3460,direct_name,
CP141121.1,lnc_RNA,589483,590802,-,ncRNA,cpbgf_4003455,lncRNA,None,None,
CP141121.1,mRNA,591343,593033,+,mRNA,cpbgf_4003470,Uncharacterized protein,cgd4_3470,direct_name,
CP141121.1,mRNA,593323,594676,+,mRNA,cpbgf_4003480,Uncharacterized protein,cgd4_3480,direct_name,
CP141121.1,mRNA,594703,596303,-,mRNA,cpbgf_4003490,Uncharacterized protein,cgd4_3490,direct_name,
CP141121.1,mRNA,596587,597837,+,mRNA,cpbgf_4003510,Uncharacterized protein,cgd4_3510,direct_name,
CP141121.1,mRNA,598069,601077,-,mRNA,cpbgf_4003520,Uncharacterized protein,cgd4_3520,direct_name,
CP141121.1,mRNA,601985,608250,-,mRNA,cpbgf_4003530,Uncharacterized protein,cgd4_3530,direct_name,
CP141121.1,mRNA,608878,609954,+,mRNA,cpbgf_4003540,Uncharacterized protein,cgd4_3540,direct_name,
CP141121.1,lnc_RNA,609068,610312,-,ncRNA,cpbgf_4003543,lncRNA,None,None,
CP141121.1,lnc_RNA,610515,613873,-,ncRNA,cpbgf_4003545,lncRNA,None,None,
CP141121.1,mRNA,610525,614518,+,mRNA,cpbgf_4003550,Secreted Kazal domain-containing protein,cgd4_3550,direct_name,
CP141121.1,mRNA,615309,617240,+,mRNA,cpbgf_4003560,Uncharacterized protein,cgd4_3560,direct_name,
CP141121.1,mRNA,617089,620647,-,mRNA,cpbgf_4003570,Protein kinase-like domain containing protein (HCD gene family),cgd4_3570,direct_name,
CP141121.1,mRNA,620246,623576,-,mRNA,cpbgf_4003580,Protein kinase-like domain containing protein (HCD gene family),cgd4_3580,direct_name,
CP141121.1,lnc_RNA,620997,623069,+,ncRNA,cpbgf_4003575,lncRNA,None,None,
CP141121.1,mRNA,623210,626620,+,mRNA,cpbgf_4003590,HCD gene family protein,cgd4_3590,direct_name,
CP141121.1,mRNA,626814,629975,-,mRNA,cpbgf_4003600,HCD gene family protein,cgd4_3600,direct_name,
CP141121.1,mRNA,630100,632228,+,mRNA,cpbgf_4003610,Uncharacterized protein,cgd4_3610,direct_name,
CP141121.1,mRNA,632513,633407,-,mRNA,cpbgf_4003620,Immunodominant antigen 23393226,cgd4_3620,direct_name,
CP141121.1,mRNA,633960,638070,+,mRNA,cpbgf_4003630,Uncharacterized protein,cgd4_3630,direct_name,
CP141121.1,lnc_RNA,635149,635594,-,ncRNA,cpbgf_4003623,lncRNA,None,None,
CP141121.1,lnc_RNA,635613,637495,-,ncRNA,cpbgf_4003625,lncRNA,None,None,
CP141121.1,mRNA,638533,639918,+,mRNA,cpbgf_4003640,Uncharacterized protein,cgd4_3640,direct_name,
CP141121.1,lnc_RNA,640469,641006,-,ncRNA,cpbgf_4003645,lncRNA,None,None,
CP141121.1,mRNA,640693,642300,+,mRNA,cpbgf_4003650,Uncharacterized protein,cgd4_3650,direct_name,
CP141121.1,mRNA,643044,643496,+,mRNA,cpbgf_4003660,Uncharacterized protein,cgd4_3660,direct_name,
CP141121.1,mRNA,644944,646797,+,mRNA,cpbgf_4003670,Uncharacterized protein,cgd4_3670,direct_name,
CP141121.1,lnc_RNA,644971,646651,-,ncRNA,cpbgf_4003665,lncRNA,None,None,
CP141121.1,lnc_RNA,647146,648217,-,ncRNA,cpbgf_4003675,lncRNA,None,None,
CP141121.1,mRNA,647155,648682,+,mRNA,cpbgf_4003680,Uncharacterized protein,cgd4_3680,direct_name,
CP141121.1,mRNA,650010,653435,+,mRNA,cpbgf_4003690,Large glycine-rich repeat low complexity protein,cgd4_3690,direct_name,
CP141121.1,mRNA,654693,655695,+,mRNA,cpbgf_4003700,Uncharacterized protein,cgd4_3700,direct_name,
CP141121.1,mRNA,655832,659505,-,mRNA,cpbgf_4003710,Ser/Thr protein kinase,cgd4_3710,direct_name,
CP141121.1,lnc_RNA,660111,661560,+,ncRNA,cpbgf_4003715,lncRNA,None,None,
CP141121.1,mRNA,660185,664209,-,mRNA,cpbgf_4003720,Tetratricopeptide repeat protein,cgd4_3720,direct_name,
CP141121.1,mRNA,665122,665801,-,mRNA,cpbgf_4003723,ATPase V0 complex subunit e1/e2,cgd4_3723,direct_name,
CP141121.1,mRNA,665883,667571,+,mRNA,cpbgf_4003730,Uncharacterized protein,cgd4_3730,direct_name,
CP141121.1,mRNA,667081,668755,-,mRNA,cpbgf_4003740,Ydr140wp-like HemK family methylase,cgd4_3740,direct_name,
CP141121.1,mRNA,669419,671579,+,mRNA,cpbgf_4003750,Uncharacterized protein,cgd4_3750,direct_name,
CP141121.1,lnc_RNA,669879,671566,-,ncRNA,cpbgf_4003745,lncRNA,None,None,
CP141121.1,lnc_RNA,671683,672787,+,ncRNA,cpbgf_4003755,lncRNA,None,None,
CP141121.1,mRNA,671978,673427,-,mRNA,cpbgf_4003760,Microsomal signal peptidase subunit(SPC12),cgd4_3760,direct_name,
CP141121.1,mRNA,673493,677320,+,mRNA,cpbgf_4003770,Eukaryotic translation initiation factor 3 subunit C,cgd4_3770,direct_name,
CP141121.1,mRNA,677192,677829,-,mRNA,cpbgf_4003780,Uncharacterized protein,cgd4_3780,direct_name,
CP141121.1,mRNA,678405,679406,+,mRNA,cpbgf_4003790,Uncharacterized protein,cgd4_3790,direct_name,
CP141121.1,mRNA,679510,680915,+,mRNA,cpbgf_4003800,Rrp8p like methyltransferase,cgd4_3800,direct_name,
CP141121.1,lnc_RNA,679940,680928,-,ncRNA,cpbgf_4003805,lncRNA,None,None,
CP141121.1,mRNA,681382,682896,+,mRNA,cpbgf_4003810,transcription factor IIE alpha subunit,cgd4_3810,direct_name,
CP141121.1,mRNA,682260,685734,-,mRNA,cpbgf_4003820,Uncharacterized protein,cgd4_3820,direct_name,
CP141121.1,mRNA,687046,692256,-,mRNA,cpbgf_4003830,Ankyrin repeat containing protein,cgd4_3830,direct_name,
CP141121.1,mRNA,693145,699748,-,mRNA,cpbgf_4003840,Ankyrin repeat containing protein,cgd4_3840,direct_name,
CP141121.1,mRNA,700178,702261,-,mRNA,cpbgf_4003850,T-complex protein 1 subunit gamma,cgd4_3850,direct_name,
CP141121.1,mRNA,702726,705092,+,mRNA,cpbgf_4003860,TCP-1/cpn60 chaperonin,cgd4_3860,direct_name,
CP141121.1,mRNA,705588,711794,+,mRNA,cpbgf_4003870,Uncharacterized protein,cgd4_3870,direct_name,
CP141121.1,mRNA,711789,713131,-,mRNA,cpbgf_4003880,Emap RNA binding domain protein,cgd4_3880,direct_name,
CP141121.1,mRNA,713640,714350,+,mRNA,cpbgf_4003890,Snare region anchored in the vesicle membrane C-terminus,cgd4_3890,direct_name,
CP141121.1,mRNA,714357,715913,-,mRNA,cpbgf_4003900,Rab-GTPase-TBC domain containing protein,cgd4_3900,direct_name,
CP141121.1,lnc_RNA,716524,717868,-,ncRNA,cpbgf_4003905,lncRNA,None,None,
CP141121.1,mRNA,717846,719367,-,mRNA,cpbgf_4003910,Uncharacterized protein,cgd4_3910,direct_name,
CP141121.1,mRNA,722833,725263,+,mRNA,cpbgf_4001530,Phospholipase/Carboxylesterase,cgd4_1530,direct_name,
CP141121.1,snRNA,724786,725287,-,ncRNA,cpbgf_4001525,snRNA,None,None,
CP141121.1,mRNA,725609,727232,-,mRNA,cpbgf_4001520,Ribosome biogenesis protein BRX1,cgd4_1520,direct_name,
CP141121.1,mRNA,727634,728474,+,mRNA,cpbgf_4001513,Uncharacterized protein,cgd4_1513,direct_name,
CP141121.1,lnc_RNA,728118,728379,-,ncRNA,cpbgf_4001515,lncRNA,None,None,
CP141121.1,mRNA,728448,729414,+,mRNA,cpbgf_4001510,Decaprenyl diphosphate synthase-like,cgd4_1510,direct_name,
CP141121.1,mRNA,728761,730043,-,mRNA,cpbgf_4001500,Uncharacterized protein,cgd4_1500,direct_name,
CP141121.1,mRNA,730189,731954,+,mRNA,cpbgf_4001490,DNA primase,cgd4_1490,direct_name,
CP141121.1,mRNA,731916,735447,-,mRNA,cpbgf_4001480,AAA-type ATPase/40S ribosome biogenesis Tsr1 and BMS1 C-terminal/AARP2CN (NUC121) domain-containing protein,cgd4_1480,direct_name,
CP141121.1,lnc_RNA,735548,738603,+,ncRNA,cpbgf_4001475,lncRNA,None,None,
CP141121.1,mRNA,735652,739090,-,mRNA,cpbgf_4001470,V-type proton ATPase subunit a,cgd4_1470,direct_name,
CP141121.1,mRNA,739046,740245,+,mRNA,cpbgf_4001460,Uncharacterized protein,cgd4_1460,direct_name,
CP141121.1,mRNA,740261,742957,-,mRNA,cpbgf_4001450,Uncharacterized protein,cgd4_1450,direct_name,
CP141121.1,mRNA,743520,744933,-,mRNA,cpbgf_4001440,hypothetical protein,cgd6_730,no_direct_name,chr_change
CP141121.1,lnc_RNA,743752,744667,+,ncRNA,cpbgf_4001445,lncRNA,None,None,
CP141121.1,mRNA,744970,746139,-,mRNA,cpbgf_4001430,TAP42-like protein,cgd4_1430,direct_name,
CP141121.1,mRNA,746762,748190,+,mRNA,cpbgf_4001420,N2227-like protein,cgd4_1420,direct_name,
CP141121.1,mRNA,748200,749029,-,mRNA,cpbgf_4001410,Uncharacterized protein,cgd4_1410,direct_name,
CP141121.1,mRNA,749160,751288,-,mRNA,cpbgf_4001400,Inorganic pyrophosphatase,cgd4_1400,direct_name,
CP141121.1,lnc_RNA,749581,750887,+,ncRNA,cpbgf_4001405,lncRNA,None,None,
CP141121.1,mRNA,752176,756809,+,mRNA,cpbgf_4001390,ABC transporter,cgd4_1390,direct_name,
CP141121.1,lnc_RNA,754544,757071,-,ncRNA,cpbgf_4001385,lncRNA,None,None,
CP141121.1,mRNA,757172,762014,+,mRNA,cpbgf_4001380,ABC transporter,cgd4_1380,direct_name,
CP141121.1,lnc_RNA,761315,762074,-,ncRNA,cpbgf_4001375,lncRNA,None,None,
CP141121.1,mRNA,762190,767076,+,mRNA,cpbgf_4001370,ABC transporter,cgd4_1370,direct_name,
CP141121.1,mRNA,767599,769659,+,mRNA,cpbgf_4001360,Zinc finger%2CC3HC4 type (RING) containing protein,cgd4_1360,direct_name,
CP141121.1,mRNA,769901,773176,-,mRNA,cpbgf_4001350,RCC1/WD40/YVTN/Zinc finger%2CRanBP2-type containing protein,cgd4_1350,direct_name,
CP141121.1,mRNA,773630,776059,+,mRNA,cpbgf_4001340,Bromodomain containing protein,cgd4_1340,direct_name,
CP141121.1,mRNA,776071,778556,-,mRNA,cpbgf_4001330,FAD binding/Ferric reductase NAD binding /Flavodoxin/nitric oxide synthase domain-containing protein,cgd4_1330,direct_name,
CP141121.1,mRNA,778994,781542,+,mRNA,cpbgf_4001320,Alpha/Beta hydrolase fold-containing protein,cgd4_1320,direct_name,
CP141121.1,mRNA,781917,783709,+,mRNA,cpbgf_4001310,Glycine zipper-containing protein,cgd4_1310,direct_name,
CP141121.1,mRNA,784501,786180,+,mRNA,cpbgf_4001290,Uncharacterized protein,cgd4_1300,no_direct_name,
CP141121.1,mRNA,785963,787256,-,mRNA,cpbgf_4001280,Replication termination factor 2,cgd4_1283,no_direct_name,
CP141121.1,lnc_RNA,786149,786923,+,ncRNA,cpbgf_4001285,lncRNA,None,None,
CP141121.1,mRNA,787346,788663,+,mRNA,cpbgf_4001270,Transcription factor TFIIIB%2CSANT domain containing protein,cgd4_1270,direct_name,
CP141121.1,mRNA,788477,788824,-,mRNA,cpbgf_4001260,tRNA intron endonuclease,cgd4_1260,direct_name,
CP141121.1,mRNA,788991,789351,-,mRNA,cpbgf_4001250,Uncharacterized protein,cgd4_1250,direct_name,
CP141121.1,mRNA,789984,793487,+,mRNA,cpbgf_4001240,Uncharacterized protein,cgd4_1240,direct_name,
CP141121.1,mRNA,793541,794239,+,mRNA,cpbgf_4001230,60S ribosomal protein L28,cgd4_1230,direct_name,
CP141121.1,mRNA,794619,795654,+,mRNA,cpbgf_4001220,Ribosomal biogenesis regulatory protein,cgd4_1220,direct_name,
CP141121.1,mRNA,795842,797432,+,mRNA,cpbgf_4001210,KH/SF1/BBP/Splicing factor 1%2Chelix-hairpin domain containing protein,cgd4_1210,direct_name,
CP141121.1,mRNA,797742,799197,+,mRNA,cpbgf_4001200,Ubiquitin fusion degradation protein UFD1,cgd4_1200,direct_name,
CP141121.1,mRNA,799064,799546,-,mRNA,cpbgf_4001190,Uncharacterized protein,cgd4_1190,direct_name,
CP141121.1,mRNA,799854,800186,+,mRNA,cpbgf_4001180,Uncharacterized protein,cgd4_1180,direct_name,
CP141121.1,mRNA,800441,802239,-,mRNA,cpbgf_4001170,26S proteasome subunit P45,cgd4_1170,direct_name,
CP141121.1,mRNA,802546,804671,+,mRNA,cpbgf_4001160,Ribosomal RNA large subunit methyltransferase RlmN/Cfr with Radical SAM domain,cgd4_1160,direct_name,
CP141121.1,mRNA,804697,805413,-,mRNA,cpbgf_4001150,Uncharacterized protein,cgd4_1150,direct_name,
CP141121.1,mRNA,805346,807062,+,mRNA,cpbgf_4001140,Metallo-beta-lactamase,cgd4_1140,direct_name,
CP141121.1,mRNA,807324,807787,+,mRNA,cpbgf_4001133,Uncharacterized protein,cgd4_1133,direct_name,
CP141121.1,mRNA,807882,809036,-,mRNA,cpbgf_4001130,Metallo-beta-lactamase,cgd4_1130,direct_name,
CP141121.1,mRNA,809372,810872,+,mRNA,cpbgf_4001120,WD40 repreat protein,cgd4_1120,direct_name,
CP141121.1,mRNA,811500,815329,+,mRNA,cpbgf_4001110,AP2/ERF domain containing protein,cgd4_1110,direct_name,
CP141121.1,lnc_RNA,815218,815627,-,ncRNA,cpbgf_4001107,lncRNA,None,None,
CP141121.1,mRNA,815219,816286,-,mRNA,cpbgf_4001105,hypothetical protein,cgd1_1130,no_direct_name,chr_change
CP141121.1,mRNA,816432,817201,+,mRNA,cpbgf_4001103,Uncharacterized protein,cgd4_1103,direct_name,
CP141121.1,mRNA,817326,818993,-,mRNA,cpbgf_4001100,START-like domain containing protein,cgd4_1100,direct_name,
CP141121.1,mRNA,819371,820237,-,mRNA,cpbgf_4001090,Pre-mRNA-splicing factor of RES complex,cgd4_1090,direct_name,
CP141121.1,mRNA,820313,822569,+,mRNA,cpbgf_4001080,Thioredoxin domain containing protein,cgd4_1080,direct_name,
CP141121.1,mRNA,822686,823486,-,mRNA,cpbgf_4001070,MYND finger domain containing protein,cgd4_1070,direct_name,
CP141121.1,mRNA,824292,826616,+,mRNA,cpbgf_4001040,WD40 repreat protein,cgd4_1040,direct_name,
CP141121.1,mRNA,826602,828075,-,mRNA,cpbgf_4001030,Eukaryotic translation initiation factor 3 subunit G,cgd4_1030,direct_name,
CP141121.1,lnc_RNA,826795,827671,+,ncRNA,cpbgf_4001035,lncRNA,None,None,
CP141121.1,mRNA,828620,831499,-,mRNA,cpbgf_4001020,Nucleolar pre-ribosomal-associated protein 1 C-terminal domain containing protein,cgd4_1020,direct_name,
CP141121.1,mRNA,832131,834374,-,mRNA,cpbgf_4001010,hypothetical protein,cgd4_1010,direct_name,
CP141121.1,mRNA,834478,836925,-,mRNA,cpbgf_4001000,Nucleolar pre-ribosomal-associated protein 1 C-terminal domain containing protein,cgd4_1000,direct_name,
CP141121.1,mRNA,837186,839681,-,mRNA,cpbgf_400990,Serine/threonine protein kinase,cgd4_990,direct_name,
CP141121.1,mRNA,840214,841837,+,mRNA,cpbgf_400980,Uncharacterized protein,cgd4_980,direct_name,
CP141121.1,mRNA,841834,844607,-,mRNA,cpbgf_400970,DNA replication licensing factor Mcm7,cgd4_970,direct_name,
CP141121.1,mRNA,844764,845723,+,mRNA,cpbgf_400960,Phosphomannomutase,cgd4_960,direct_name,
CP141121.1,mRNA,845725,847415,-,mRNA,cpbgf_400950,WD40-repeat-containing protein,cgd4_950,direct_name,
CP141121.1,mRNA,847604,848664,-,mRNA,cpbgf_400940,Uncharacterized protein,cgd4_940,direct_name,
CP141121.1,lnc_RNA,849602,851990,-,ncRNA,cpbgf_400925,lncRNA,None,None,
CP141121.1,mRNA,849625,851821,+,mRNA,cpbgf_400930,Pap1p poly A polymerase,cgd4_930,direct_name,
CP141121.1,mRNA,852105,854716,+,mRNA,cpbgf_400920,Histidine phosphatase superfamily clade-2,cgd4_920,direct_name,
CP141121.1,mRNA,855478,858162,+,mRNA,cpbgf_400910,Histidine phosphatase superfamily clade-2,cgd4_910,direct_name,
CP141121.1,lnc_RNA,857475,860996,+,ncRNA,cpbgf_400905,lncRNA,None,None,
CP141121.1,mRNA,857666,861144,-,mRNA,cpbgf_400900,WD40-repeat-containing protein,cgd4_900,direct_name,
CP141121.1,mRNA,861345,862135,+,mRNA,cpbgf_400890,Splicing factor 3B subunit 5/RDS3 complex subunit 10,cgd4_890,direct_name,
CP141121.1,lnc_RNA,861565,862420,-,ncRNA,cpbgf_400887,lncRNA,None,None,
CP141121.1,mRNA,862585,864982,+,mRNA,cpbgf_400880,ZZ finger/SANT/SWIRM domain containing protein,cgd4_880,direct_name,
CP141121.1,lnc_RNA,863335,864741,-,ncRNA,cpbgf_400885,lncRNA,None,None,
CP141121.1,mRNA,864958,868447,-,mRNA,cpbgf_400870,Uncharacterized protein,cgd4_870,direct_name,
CP141121.1,lnc_RNA,865299,868059,+,ncRNA,cpbgf_400875,lncRNA,None,None,
CP141121.1,mRNA,868571,872893,+,mRNA,cpbgf_400860,WWE domain containing protein,cgd4_860,direct_name,
CP141121.1,mRNA,873140,879751,+,mRNA,cpbgf_400850,putative Secreted Protein (CpLSP gene family),cgd4_850,direct_name,
CP141121.1,mRNA,880201,881191,+,mRNA,cpbgf_400840,60S ribosomal protein L24,cgd4_840,direct_name,
CP141121.1,lnc_RNA,880733,881269,-,ncRNA,cpbgf_400835,lncRNA,None,None,
CP141121.1,mRNA,881378,882513,+,mRNA,cpbgf_400830,Uncharacterized protein,cgd4_830,direct_name,
CP141121.1,mRNA,882484,884973,-,mRNA,cpbgf_400820,WD40-repeat-containing protein,cgd4_820,direct_name,
CP141121.1,lnc_RNA,883328,885346,+,ncRNA,cpbgf_400815,lncRNA,None,None,
CP141121.1,mRNA,885384,887195,+,mRNA,cpbgf_400810,UDP-N-acetylglucosamine pyrophosphorylase,cgd4_810,direct_name,
CP141121.1,lnc_RNA,886239,887484,-,ncRNA,cpbgf_400805,lncRNA,None,None,
CP141121.1,mRNA,888114,889624,+,mRNA,cpbgf_400800,Yip1p like integral membrane protein,cgd4_800,direct_name,
CP141121.1,mRNA,888430,890162,-,mRNA,cpbgf_400790,4F5-like/Zinc-binding domain-containing/At2g23090-like protein,cgd4_790,direct_name,
CP141121.1,mRNA,890275,895668,-,mRNA,cpbgf_400780,DNA topoisomerase 2,cgd4_780,direct_name,
CP141121.1,mRNA,896465,900784,-,mRNA,cpbgf_400770,Uncharacterized Protein,cgd4_770,direct_name,
CP141121.1,mRNA,901636,902444,+,mRNA,cpbgf_400760,Histone chaperone ASF1-like protein,cgd4_760,direct_name,
CP141121.1,lnc_RNA,901709,902519,-,ncRNA,cpbgf_400755,lncRNA,None,None,
CP141121.1,mRNA,902846,904547,+,mRNA,cpbgf_400750,Prefoldin alpha-like protein,cgd4_750,direct_name,
CP141121.1,mRNA,903874,906135,-,mRNA,cpbgf_400745,Signal peptide%2CKazal domain containing protein,cgd4_750,no_direct_name,
CP141121.1,mRNA,906281,907059,+,mRNA,cpbgf_400743,Ribonuclease P/MRP protein subunit,cgd4_743,direct_name,
CP141121.1,mRNA,907216,908107,+,mRNA,cpbgf_400740,Thioredoxin peroxidase-like protein,cgd4_740,direct_name,
CP141121.1,mRNA,907968,910202,-,mRNA,cpbgf_400730,Uncharacterized protein,cgd4_730,direct_name,
CP141121.1,mRNA,910400,911956,+,mRNA,cpbgf_400720,Nucleosome assembly protein (NAP),cgd4_720,direct_name,
CP141121.1,lnc_RNA,910493,911992,-,ncRNA,cpbgf_400715,lncRNA,None,None,
CP141121.1,mRNA,912068,912983,+,mRNA,cpbgf_400710,ABT1/ESF2%2CRNA recognition motif containing protein,cgd4_710,direct_name,
CP141121.1,mRNA,913174,914767,+,mRNA,cpbgf_400700,Uncharacterized protein,cgd4_700,direct_name,
CP141121.1,mRNA,915039,921227,-,mRNA,cpbgf_400690,Pyruvate:ferredoxin oxidoreductase/NADPH-cytochrome P450 reductase PNO,cgd4_690,direct_name,
CP141121.1,mRNA,922161,925000,+,mRNA,cpbgf_400680,Uncharacterized protein,cgd4_680,direct_name,
CP141121.1,lnc_RNA,924972,928185,-,ncRNA,cpbgf_400665,lncRNA,None,None,
CP141121.1,mRNA,925221,928067,+,mRNA,cpbgf_400670,Oocyst wall protein 3,cgd4_670,direct_name,
CP141121.1,mRNA,928275,929214,+,mRNA,cpbgf_400660,Ribosome biogenesis factor NIP7-like protein,cgd4_660,direct_name,
CP141121.1,mRNA,929433,936673,-,mRNA,cpbgf_400650,Bromodomain/Zinc finger%2CCCHC-type,cgd4_650,direct_name,
CP141121.1,mRNA,935613,942905,-,mRNA,cpbgf_400640,Fibronectin type III domain containing protein,cgd4_640,direct_name,
CP141121.1,lnc_RNA,939176,941132,+,ncRNA,cpbgf_400645,lncRNA,None,None,
CP141121.1,mRNA,943287,943883,+,mRNA,cpbgf_400630,XPA protein,cgd4_630,direct_name,
CP141121.1,mRNA,943743,944685,-,mRNA,cpbgf_400620,Peptidase S26A signal peptidase I,cgd4_620,direct_name,
CP141121.1,mRNA,944772,947339,+,mRNA,cpbgf_400610,Diphthamide synthase,cgd4_610,direct_name,
CP141121.1,mRNA,947657,950229,+,mRNA,cpbgf_400600,AP2/ERF domain containing protein,cgd4_600,direct_name,
CP141121.1,mRNA,950397,951233,-,mRNA,cpbgf_400590,Nuclear transport factor 2,cgd4_590,direct_name,
CP141121.1,lnc_RNA,951320,952088,+,ncRNA,cpbgf_400585,lncRNA,None,None,
CP141121.1,mRNA,952564,955488,+,mRNA,cpbgf_400580,Enhancer of polycomb-like protein,cgd4_580,direct_name,
CP141121.1,mRNA,956363,958099,-,mRNA,cpbgf_400570,Ubiquitin-conjugating enzyme,cgd4_570,direct_name,
CP141121.1,lnc_RNA,956620,958402,+,ncRNA,cpbgf_400565,lncRNA,None,None,
CP141121.1,mRNA,958590,959577,-,mRNA,cpbgf_400560,Uncharacterized protein,cgd4_560,direct_name,
CP141121.1,mRNA,960153,961349,+,mRNA,cpbgf_400550,Uncharacterized protein,cgd4_550,direct_name,
CP141121.1,mRNA,961409,963099,-,mRNA,cpbgf_400540,V-type proton ATPase subunit C,cgd4_540,direct_name,
CP141121.1,mRNA,963654,964990,+,mRNA,cpbgf_400530,26S proteasome regulatory subunit 5a with a vWA domain and two ubiquitin interacting motifs (UIM),cgd4_530,direct_name,
CP141121.1,mRNA,965145,966302,-,mRNA,cpbgf_400520,Uncharacterized protein,cgd4_520,direct_name,
CP141121.1,lnc_RNA,966565,967036,-,ncRNA,cpbgf_400515,lncRNA,None,None,
CP141121.1,mRNA,967784,974146,-,mRNA,cpbgf_400510,Helicase/SANT-associated domain containing protein,cgd4_510,direct_name,
CP141121.1,lnc_RNA,974411,975164,+,ncRNA,cpbgf_400505,lncRNA,None,None,
CP141121.1,mRNA,974732,977955,-,mRNA,cpbgf_400500,Oocyst wall protein 7,cgd4_500,direct_name,
CP141121.1,mRNA,978603,983521,-,mRNA,cpbgf_400490,Uncharacterized protein,cgd4_490,direct_name,
CP141121.1,mRNA,984234,988637,+,mRNA,cpbgf_400480,Uncharacterized protein,cgd4_480,direct_name,
CP141121.1,lnc_RNA,986515,988625,-,ncRNA,cpbgf_400485,lncRNA,None,None,
CP141121.1,mRNA,988789,989621,+,mRNA,cpbgf_400470,60S ribosomal protein L18,cgd4_470,direct_name,
CP141121.1,mRNA,989727,991359,-,mRNA,cpbgf_400460,Nucleoporin complex subunit 54,cgd4_460,direct_name,
CP141121.1,mRNA,992358,999628,+,mRNA,cpbgf_400450,Proteasome activator Blm10 mid region-containing protein,cgd4_450,direct_name,
CP141121.1,lnc_RNA,992389,993732,-,ncRNA,cpbgf_400455,lncRNA,None,None,
CP141121.1,lnc_RNA,997222,998161,-,ncRNA,cpbgf_400453,lncRNA,None,None,
CP141121.1,mRNA,999361,1003274,-,mRNA,cpbgf_400440,XPG%2CDNA excision repair protein%2Cflap endonuclease,cgd4_440,direct_name,
CP141121.1,mRNA,1003716,1005980,+,mRNA,cpbgf_400430,Origin recognition complex%2Csubunit 5,cgd4_430,direct_name,
CP141121.1,mRNA,1006054,1007185,-,mRNA,cpbgf_400420,Gdt1 family,cgd4_420,direct_name,
CP141121.1,mRNA,1007274,1008704,+,mRNA,cpbgf_400410,Deoxyhypusine hydroxylase,cgd4_410,direct_name,
CP141121.1,snRNA,1008772,1008905,+,ncRNA,cpbgf_400405,snRNA,None,None,
CP141121.1,snRNA,1008922,1009095,+,ncRNA,cpbgf_400403,snRNA,None,None,
CP141121.1,mRNA,1009227,1010726,-,mRNA,cpbgf_400400,Tetratricopeptide repeat-containing protein,cgd4_400,direct_name,
CP141121.1,mRNA,1011101,1012542,-,mRNA,cpbgf_400390,CDP-alcohol phosphatidyltransferase,cgd4_390,direct_name,
CP141121.1,lnc_RNA,1012432,1013457,+,ncRNA,cpbgf_400385,lncRNA,None,None,
CP141121.1,mRNA,1012613,1014802,-,mRNA,cpbgf_400380,Major facilitator superfamily domain containing protein,cgd4_380,direct_name,
CP141121.1,lnc_RNA,1015094,1016606,+,ncRNA,cpbgf_400375,lncRNA,None,None,
CP141121.1,mRNA,1015111,1017144,-,mRNA,cpbgf_400370,SET domain containing protein,cgd4_370,direct_name,
CP141121.1,mRNA,1017446,1020351,-,mRNA,cpbgf_400360,Tetratricopeptide repeat protein,cgd4_360,direct_name,
CP141121.1,lnc_RNA,1020421,1021703,+,ncRNA,cpbgf_400355,lncRNA,None,None,
CP141121.1,mRNA,1020508,1021757,-,mRNA,cpbgf_400350,Uncharacterized protein,cgd4_350,direct_name,
CP141121.1,lnc_RNA,1021876,1023793,-,ncRNA,cpbgf_400345,lncRNA,None,None,
CP141121.1,mRNA,1021989,1023812,+,mRNA,cpbgf_400340,Tubulin binding cofactor C-like domain containing protein,cgd4_340,direct_name,
CP141121.1,mRNA,1023882,1024579,+,mRNA,cpbgf_400330,Uncharacterized protein,cgd4_330,direct_name,
CP141121.1,mRNA,1024702,1025843,+,mRNA,cpbgf_400320,Uncharacterized protein,cgd4_320,direct_name,
CP141121.1,mRNA,1026268,1027296,+,mRNA,cpbgf_400310,Transcriptional activator NFYC/HAP5 subunit,cgd4_310,direct_name,
CP141121.1,mRNA,1027584,1029162,+,mRNA,cpbgf_400300,Alpha/Beta hydrolase,cgd4_300,direct_name,
CP141121.1,mRNA,1029242,1031692,-,mRNA,cpbgf_400290,Protein phosphatase 2A regulatory B subunit B56,cgd4_290,direct_name,
CP141121.1,lnc_RNA,1031746,1032787,+,ncRNA,cpbgf_400285,lncRNA,None,None,
CP141121.1,mRNA,1031794,1033578,-,mRNA,cpbgf_400280,E3 UFM1-protein ligase 1,cgd4_280,direct_name,
CP141121.1,mRNA,1033752,1034656,+,mRNA,cpbgf_400270,Tudor domain containing protein,cgd4_270,direct_name,
CP141121.1,mRNA,1034917,1039391,-,mRNA,cpbgf_400260,WD40-repeat-containing protein,cgd4_260,direct_name,
CP141121.1,lnc_RNA,1036158,1039186,+,ncRNA,cpbgf_400265,lncRNA,None,None,
CP141121.1,lnc_RNA,1039483,1040829,+,ncRNA,cpbgf_400255,lncRNA,None,None,
CP141121.1,mRNA,1039870,1041088,-,mRNA,cpbgf_400250,Proteasome subunit alpha type,cgd4_250,direct_name,
CP141121.1,mRNA,1041339,1042000,-,mRNA,cpbgf_400243,Cyclin-dependent kinase regulatory subunit,cgd4_243,direct_name,
CP141121.1,mRNA,1042380,1044106,-,mRNA,cpbgf_400240,Serine/threonine-protein kinase,cgd4_240,direct_name,
CP141121.1,mRNA,1045650,1047028,+,mRNA,cpbgf_400230,Uncharacterized protein,cgd4_230,direct_name,
CP141121.1,mRNA,1047073,1048151,-,mRNA,cpbgf_400220,Uncharacterized protein,cgd4_220,direct_name,
CP141121.1,mRNA,1048521,1049287,-,mRNA,cpbgf_400210,Ubiquitin-conjugating enzyme E2,cgd4_210,direct_name,
CP141121.1,mRNA,1049801,1055302,-,mRNA,cpbgf_400200,Uncharacterized Protein,cgd4_200,direct_name,
CP141121.1,mRNA,1055974,1062273,-,mRNA,cpbgf_400190,WD40 repreat protein,cgd4_190,direct_name,
CP141121.1,mRNA,1062576,1066999,+,mRNA,cpbgf_400180,Dos2-interacting transcription regulator of RNA-Pol-II,cgd4_180,direct_name,
CP141121.1,mRNA,1066950,1067433,-,mRNA,cpbgf_400170,Uncharacterized protein,cgd4_170,direct_name,
CP141121.1,mRNA,1067486,1068475,+,mRNA,cpbgf_400160,Uncharacterized protein,cgd4_160,direct_name,
CP141121.1,lnc_RNA,1067582,1068398,-,ncRNA,cpbgf_400165,lncRNA,None,None,
CP141121.1,mRNA,1068540,1069943,+,mRNA,cpbgf_400150,Pre-mRNA splicing protein Prp31-like protein,cgd4_150,direct_name,
CP141121.1,mRNA,1070310,1074456,+,mRNA,cpbgf_400140,Zinc finger%2CRING/FYVE/PHD-type domain containing protein,cgd4_140,direct_name,
CP141121.1,mRNA,1074286,1077061,-,mRNA,cpbgf_400130,RRM/KH domain containing protein,cgd4_130,direct_name,
CP141121.1,mRNA,1077510,1078174,+,mRNA,cpbgf_400120,Uncharacterized protein,cgd4_120,direct_name,
CP141121.1,mRNA,1078152,1079921,-,mRNA,cpbgf_400115,Histone-binding protein RBBP4 N-terminal domain containing protein,cgd4_120,no_direct_name,
CP141121.1,mRNA,1080165,1082159,-,mRNA,cpbgf_400110,Winged helix-turn-helix DNA-binding domain containing protein,cgd4_110,direct_name,
CP141121.1,mRNA,1082132,1083192,-,mRNA,cpbgf_400100,Mitochondrial carrier protein,cgd4_100,direct_name,
CP141121.1,mRNA,1083344,1084393,+,mRNA,cpbgf_40090,Ribosomal RNA-processing protein 7 with RNA recognition motif domain,cgd4_90,direct_name,
CP141121.1,mRNA,1084298,1087056,-,mRNA,cpbgf_40080,Sac1p family protein,cgd4_80,direct_name,
CP141121.1,mRNA,1087139,1089577,+,mRNA,cpbgf_40070,SUI1/PUA domain containing protein,cgd4_70,direct_name,
CP141121.1,mRNA,1089330,1089895,-,mRNA,cpbgf_40060,Uncharacterized protein,cgd4_60,direct_name,
CP141121.1,mRNA,1090679,1093826,+,mRNA,cpbgf_40050,Growth factor receptor cysteine-rich/Laminin EGF domain containing protein,cgd4_50,direct_name,
CP141121.1,mRNA,1093759,1095928,-,mRNA,cpbgf_40040,Ubiquitin-like modifier-activating enzyme Apg7,cgd4_40,direct_name,
CP141121.1,lnc_RNA,1096007,1098350,+,ncRNA,cpbgf_40033,lncRNA,None,None,
CP141121.1,mRNA,1096116,1098104,-,mRNA,cpbgf_40035,Uncharacterized protein,cgd4_32,no_direct_name,
CP141121.1,mRNA,1098278,1099811,-,mRNA,cpbgf_40030,Uncharacterized protein,cgd4_30,direct_name,
CP141121.1,mRNA,1100521,1101041,+,mRNA,cpbgf_40023,hypothetical protein,cgd4_23,direct_name,
CP141121.1,mRNA,1101800,1103191,-,mRNA,cpbgf_40020,Uncharacterized protein,cgd4_20,direct_name,
CP141121.1,lnc_RNA,1103958,1105443,-,ncRNA,cpbgf_40015,lncRNA,None,None,
CP141121.1,mRNA,1105533,1106182,+,mRNA,cpbgf_40010,Uncharacterized protein,cgd4_10,direct_name,
CP141122.1,mRNA,599,1483,+,mRNA,cpbgf_5005500,Uncharacterized protein,cgd6_5500,no_direct_name,
CP141122.1,mRNA,2093,2797,-,mRNA,cpbgf_5005490,MEDLE gene family protein,cgd6_5490,no_direct_name,
CP141122.1,mRNA,3324,4013,-,mRNA,cpbgf_5005480,MEDLE gene family protein,cgd6_5480,no_direct_name,
CP141122.1,mRNA,5919,6737,+,mRNA,cpbgf_5005470,Uncharacterized protein,cgd6_5470,no_direct_name,
CP141122.1,mRNA,16718,18007,-,mRNA,cpbgf_5005460,putative Secreted Protein (FLGN gene family),cgd6_5460,no_direct_name,chr_change
CP141122.1,lnc_RNA,22491,23208,-,ncRNA,cpbgf_5005455,lncRNA,None,None,
CP141122.1,lnc_RNA,24984,26968,+,ncRNA,cpbgf_5005,lncRNA,None,None,
CP141122.1,mRNA,25000,27092,-,mRNA,cpbgf_50010,putative Secreted Protein,cgd5_10,direct_name,
CP141122.1,lnc_RNA,27398,28668,+,ncRNA,cpbgf_50015,lncRNA,None,None,
CP141122.1,mRNA,27638,30032,-,mRNA,cpbgf_50020,putative Secreted Protein,cgd5_20,direct_name,
CP141122.1,mRNA,30649,37310,-,mRNA,cpbgf_50040,Uncharacterized protein,cgd5_40,direct_name,
CP141122.1,lnc_RNA,33271,36513,+,ncRNA,cpbgf_50043,lncRNA,None,None,
CP141122.1,lnc_RNA,37451,38810,+,ncRNA,cpbgf_50045,lncRNA,None,None,
CP141122.1,mRNA,37852,40136,-,mRNA,cpbgf_50050,putative Secreted Protein,cgd5_50,direct_name,
CP141122.1,mRNA,40570,41316,+,mRNA,cpbgf_50060,Centrin like protein with 4x EF hands,cgd5_60,direct_name,
CP141122.1,mRNA,41386,45343,-,mRNA,cpbgf_50070,Phosphoenolpyruvate carboxylase,cgd5_70,direct_name,
CP141122.1,mRNA,46748,48223,-,mRNA,cpbgf_50080,Uncharacterized protein,cgd5_80,direct_name,
CP141122.1,lnc_RNA,49423,51786,-,ncRNA,cpbgf_50085,lncRNA,None,None,
CP141122.1,mRNA,49797,51767,+,mRNA,cpbgf_50090,Uncharacterized protein,cgd5_90,direct_name,
CP141122.1,mRNA,51877,55273,+,mRNA,cpbgf_500100,RRPp/PMC2 like exosome 3'-5' exoribonuclease subunit/RNAseD domain and an HRDc domain containing protein,cgd5_100,direct_name,
CP141122.1,lnc_RNA,55350,56685,+,ncRNA,cpbgf_500105,lncRNA,None,None,
CP141122.1,mRNA,55429,58078,-,mRNA,cpbgf_500110,Pre-mRNA splicing factor component Cdc5p/Cef1with SANT/Myb domain,cgd5_110,direct_name,
CP141122.1,mRNA,58124,59349,+,mRNA,cpbgf_500120,tRNA methyltransferase TRMD/TRM10-type domain containing protein,cgd5_120,direct_name,
CP141122.1,mRNA,60086,65851,+,mRNA,cpbgf_500130,Ferlin like type II membrane associated protein with 5 C2 domains,cgd5_130,direct_name,
CP141122.1,mRNA,65889,66634,-,mRNA,cpbgf_500140,Arf GTPase activating protein,cgd5_140,direct_name,
CP141122.1,mRNA,66947,70039,+,mRNA,cpbgf_500150,HARP like SWI/SNF ATpase,cgd5_150,direct_name,
CP141122.1,lnc_RNA,68972,70245,-,ncRNA,cpbgf_500155,lncRNA,None,None,
CP141122.1,mRNA,70353,71175,-,mRNA,cpbgf_500160,hypothetical protein,cgd5_160,direct_name,
CP141122.1,mRNA,71360,75781,+,mRNA,cpbgf_500170,Uncharacterized protein,cgd5_170,direct_name,
CP141122.1,mRNA,76022,76821,+,mRNA,cpbgf_500180,Rdx type Selenoprotein,cgd5_180,direct_name,
CP141122.1,mRNA,77702,78782,+,mRNA,cpbgf_500190,OB-fold nucleic acid binding domain containing protein,cgd5_190,direct_name,
CP141122.1,mRNA,78803,79144,-,mRNA,cpbgf_500200,Uncharacterized protein,cgd5_200,direct_name,
CP141122.1,mRNA,79516,82773,+,mRNA,cpbgf_500210,Uncharacterized protein,cgd5_210,direct_name,
CP141122.1,mRNA,82881,85536,-,mRNA,cpbgf_500220,Uncharacterized protein,cgd5_220,direct_name,
CP141122.1,mRNA,86027,87486,-,mRNA,cpbgf_500230,Uncharacterized protein,cgd5_230,direct_name,
CP141122.1,mRNA,87780,88732,-,mRNA,cpbgf_500240,G-patch domain containing protein,cgd5_240,direct_name,
CP141122.1,lnc_RNA,88829,89893,+,ncRNA,cpbgf_500245,lncRNA,None,None,
CP141122.1,mRNA,88856,91435,-,mRNA,cpbgf_500250,Serine/threonine protein kinase,cgd5_250,direct_name,
CP141122.1,mRNA,91995,92790,-,mRNA,cpbgf_500253,hypothetical protein,cgd5_253,direct_name,
CP141122.1,mRNA,94604,98404,+,mRNA,cpbgf_500270,Tetratricopeptide-like helical domain containing protein,cgd5_270,direct_name,
CP141122.1,mRNA,98434,100463,-,mRNA,cpbgf_500280,Major facilitator superfamily domain containing protein,cgd5_280,direct_name,
CP141122.1,mRNA,102795,105452,-,mRNA,cpbgf_500310,PolyPPase VTC4 like,cgd5_310,direct_name,
CP141122.1,mRNA,105740,107379,-,mRNA,cpbgf_500320,Phospholipase/carboxylesterase/thioesterase,cgd5_320,direct_name,
CP141122.1,mRNA,108014,111517,-,mRNA,cpbgf_500330,Uncharacterized protein,cgd5_330,direct_name,
CP141122.1,mRNA,111864,112916,+,mRNA,cpbgf_500340,putative Secreted Protein,cgd5_340,direct_name,
CP141122.1,mRNA,111949,113853,+,mRNA,cpbgf_500350,Uncharacterized protein,cgd5_350,direct_name,
CP141122.1,lnc_RNA,113925,114785,-,ncRNA,cpbgf_500353,lncRNA,None,None,
CP141122.1,lnc_RNA,114118,114547,+,ncRNA,cpbgf_500355,lncRNA,None,None,
CP141122.1,snRNA,114874,115284,+,ncRNA,cpbgf_500357,snRNA,None,None,
CP141122.1,mRNA,115330,116526,-,mRNA,cpbgf_500360,CDC50/LEM3 protein,cgd5_360,direct_name,
CP141122.1,mRNA,116975,118873,+,mRNA,cpbgf_500370,Uncharacterized protein,cgd5_370,direct_name,
CP141122.1,mRNA,118029,119650,-,mRNA,cpbgf_500380,Uncharacterized protein,cgd5_380,direct_name,
CP141122.1,mRNA,119784,123947,-,mRNA,cpbgf_500390,Winged helix-turn-helix DNA-binding domain containing protein,cgd5_390,direct_name,
CP141122.1,snRNA,120298,120463,-,ncRNA,cpbgf_500395,snRNA,None,None,
CP141122.1,mRNA,124043,127642,+,mRNA,cpbgf_500400,Histone-lysine N-methyltransferase,cgd5_400,direct_name,
CP141122.1,mRNA,127697,128880,-,mRNA,cpbgf_500410,Rad51,cgd5_410,direct_name,
CP141122.1,mRNA,130267,134565,+,mRNA,cpbgf_500420,Uncharacterized protein,cgd5_420,direct_name,
CP141122.1,mRNA,134608,135625,-,mRNA,cpbgf_500430,hypothetical protein,cgd5_430,direct_name,
CP141122.1,mRNA,135856,136867,-,mRNA,cpbgf_500440,Adenylate cyclase-associated CAP,cgd5_440,direct_name,
CP141122.1,lnc_RNA,136276,136744,+,ncRNA,cpbgf_500445,lncRNA,None,None,
CP141122.1,lnc_RNA,137486,138378,+,ncRNA,cpbgf_500447,lncRNA,None,None,
CP141122.1,mRNA,137507,138903,-,mRNA,cpbgf_500450,RING-type Zinc finger protein,cgd5_450,direct_name,
CP141122.1,mRNA,139106,139782,+,mRNA,cpbgf_500460,hypothetical protein,cgd5_460,direct_name,
CP141122.1,mRNA,139765,140850,-,mRNA,cpbgf_500466,Peptidase S9%2Cprolyl oligopeptidase,cgd5_460,no_direct_name,
CP141122.1,mRNA,140861,141394,-,mRNA,cpbgf_500470,Uncharacterized protein,cgd5_470,direct_name,
CP141122.1,mRNA,141904,143029,+,mRNA,cpbgf_500480,26S proteasome complex ubiquitin receptor subunit Rpn13,cgd5_480,direct_name,
CP141122.1,mRNA,142242,143926,-,mRNA,cpbgf_500490,Glycerophosphodiester phosphodiesterase domain containing protein,cgd5_490,direct_name,
CP141122.1,mRNA,143998,145560,+,mRNA,cpbgf_500500,tRNA (Guanine-1)-methyltransferase,cgd5_500,direct_name,
CP141122.1,mRNA,144923,150085,-,mRNA,cpbgf_500510,Symplekin/Pta1,cgd5_510,direct_name,
CP141122.1,mRNA,150790,152224,+,mRNA,cpbgf_500520,tRNA(Ile)-lysidine/2-thiocytidine synthase,cgd5_520,direct_name,
CP141122.1,tRNA,152314,152416,+,tRNA,cpbgf_500525,tRNA-Thr,None,None,
CP141122.1,mRNA,152749,153990,-,mRNA,cpbgf_500530,ATPase V1 complex subunit D,cgd5_530,direct_name,
CP141122.1,mRNA,154279,156268,+,mRNA,cpbgf_500540,Uncharacterized protein,cgd5_540,direct_name,
CP141122.1,mRNA,156577,159584,+,mRNA,cpbgf_500550,Integrator complex subunit 9-like protein,cgd5_550,direct_name,
CP141122.1,mRNA,159823,162469,-,mRNA,cpbgf_500560,MYND-type Zinc finger protein,cgd5_560,direct_name,
CP141122.1,mRNA,162647,167290,+,mRNA,cpbgf_500570,Uncharacterized protein,cgd5_570,direct_name,
CP141122.1,mRNA,166307,167151,-,mRNA,cpbgf_500580,Uncharacterized protein,cgd5_580,direct_name,
CP141122.1,mRNA,167220,169405,+,mRNA,cpbgf_500600,Actin,cgd5_600,direct_name,
CP141122.1,mRNA,168160,172752,-,mRNA,cpbgf_500610,Methionyl/Valyl/Leucyl/Isoleucyl-tRNA synthetase,cgd5_610,direct_name,
CP141122.1,snRNA,169464,169647,-,ncRNA,cpbgf_500615,snRNA,None,None,
CP141122.1,mRNA,172806,173809,+,mRNA,cpbgf_500620,Alanine racemase N-terminal,cgd5_620,direct_name,
CP141122.1,mRNA,173704,175171,-,mRNA,cpbgf_500630,Bromodomain/Ankyrin repeat containing domain,cgd5_630,direct_name,
CP141122.1,mRNA,175301,176901,+,mRNA,cpbgf_500640,Inner membrane complex protein,cgd5_640,direct_name,
CP141122.1,mRNA,177074,179428,+,mRNA,cpbgf_500650,START-like domain containing protein,cgd5_650,direct_name,
CP141122.1,mRNA,179775,180526,+,mRNA,cpbgf_500660,Thioredoxin domain containing protein,cgd5_660,direct_name,
CP141122.1,mRNA,180396,182055,-,mRNA,cpbgf_500670,RuvB-like helicase,cgd5_670,direct_name,
CP141122.1,lnc_RNA,182142,184113,+,ncRNA,cpbgf_500675,lncRNA,None,None,
CP141122.1,mRNA,182347,183758,-,mRNA,cpbgf_500680,WD40-repeat-containing protein,cgd5_680,direct_name,
CP141122.1,mRNA,183940,186719,-,mRNA,cpbgf_500690,Glycosyl transferase family 2,cgd5_690,direct_name,
CP141122.1,mRNA,186896,189649,-,mRNA,cpbgf_500700,RNA recognition motif domain containing protein,cgd5_700,direct_name,
CP141122.1,lnc_RNA,189758,191822,+,ncRNA,cpbgf_500705,lncRNA,None,None,
CP141122.1,mRNA,190307,191619,-,mRNA,cpbgf_500710,Yif1 family protein,cgd5_710,direct_name,
CP141122.1,mRNA,192150,194105,+,mRNA,cpbgf_500720,Choline/ethanolamine kinase,cgd5_720,direct_name,
CP141122.1,lnc_RNA,192154,194291,-,ncRNA,cpbgf_500725,lncRNA,None,None,
CP141122.1,mRNA,194400,201841,+,mRNA,cpbgf_500730,DNA-directed RNA polymerase subunit,cgd5_730,direct_name,
CP141122.1,mRNA,201730,203486,-,mRNA,cpbgf_500740,WD40-repeat-containing protein,cgd5_740,direct_name,
CP141122.1,mRNA,203095,205722,+,mRNA,cpbgf_500743,Uncharacterized protein,cgd5_743,direct_name,
CP141122.1,mRNA,205760,207822,+,mRNA,cpbgf_500750,Malic oxidoreductase,cgd5_750,direct_name,
CP141122.1,mRNA,207788,211138,-,mRNA,cpbgf_500770,Uncharacterized protein,cgd5_770,direct_name,
CP141122.1,lnc_RNA,211552,213101,+,ncRNA,cpbgf_500775,lncRNA,None,None,
CP141122.1,mRNA,211635,215357,-,mRNA,cpbgf_500780,C2 domain containing protein,cgd5_780,direct_name,
CP141122.1,mRNA,215385,216468,-,mRNA,cpbgf_500783,Uncharacterized protein,cgd5_783,direct_name,
CP141122.1,mRNA,216935,218581,+,mRNA,cpbgf_500790,Glycosyltransferase family 92,cgd5_790,direct_name,
CP141122.1,mRNA,218540,220454,-,mRNA,cpbgf_500800,Uncharacterized protein,cgd5_800,direct_name,
CP141122.1,lnc_RNA,220510,222342,+,ncRNA,cpbgf_500805,lncRNA,None,None,
CP141122.1,mRNA,220517,227533,-,mRNA,cpbgf_500810,Leucine-rich repeat containing protein,cgd5_810,direct_name,
CP141122.1,mRNA,227748,229751,+,mRNA,cpbgf_500820,Serine/threonine-protein kinase with EF hand,cgd5_820,direct_name,
CP141122.1,lnc_RNA,228268,229918,-,ncRNA,cpbgf_500825,lncRNA,None,None,
CP141122.1,mRNA,230369,233139,-,mRNA,cpbgf_500830,Signal Peptide Uncharacterized transmembrane Protein,cgd5_830,direct_name,
CP141122.1,mRNA,233727,235171,+,mRNA,cpbgf_500840,PP2C like phosphatase,cgd5_840,direct_name,
CP141122.1,lnc_RNA,234316,235160,-,ncRNA,cpbgf_500845,lncRNA,None,None,
CP141122.1,mRNA,235246,235791,+,mRNA,cpbgf_500850,V-type proton ATPase subunit F,cgd5_850,direct_name,
CP141122.1,mRNA,235808,236404,-,mRNA,cpbgf_500860,Uncharacterized protein,cgd5_860,direct_name,
CP141122.1,lnc_RNA,236755,238257,+,ncRNA,cpbgf_500865,lncRNA,None,None,
CP141122.1,mRNA,237022,237902,-,mRNA,cpbgf_500870,SNARE,cgd5_870,direct_name,
CP141122.1,mRNA,237943,239350,-,mRNA,cpbgf_500880,TsaA-like domain containing protein,cgd5_880,direct_name,
CP141122.1,mRNA,239388,239837,-,mRNA,cpbgf_500886,hypothetical protein,cgd5_1720,no_direct_name,
CP141122.1,mRNA,239957,242815,+,mRNA,cpbgf_500890,Conserved oligomeric Golgi complex subunit 5,cgd5_890,direct_name,
CP141122.1,lnc_RNA,241028,242752,-,ncRNA,cpbgf_500895,lncRNA,None,None,
CP141122.1,mRNA,242847,244834,+,mRNA,cpbgf_500900,Flagellum site-determining protein YlxH/ Fe-S cluster assembling factor NBP35,cgd5_900,direct_name,
CP141122.1,mRNA,244817,245902,-,mRNA,cpbgf_500910,Uncharacterized protein,cgd5_910,direct_name,
CP141122.1,mRNA,246083,248899,-,mRNA,cpbgf_500920,Pre-mRNA-processing factor 6/Prp1/STA1,cgd5_920,direct_name,
CP141122.1,mRNA,248586,249780,-,mRNA,cpbgf_500923,Uncharacterized protein,cgd5_923,direct_name,
CP141122.1,mRNA,248983,251327,+,mRNA,cpbgf_500930,Prefoldin subunit 3,cgd5_930,direct_name,
CP141122.1,mRNA,250486,251182,-,mRNA,cpbgf_500940,Histone H2A,cgd5_940,direct_name,
CP141122.1,mRNA,251293,253598,+,mRNA,cpbgf_500950,Csn12p/Rpn3p family protein component of the COP9 signalsome,cgd5_950,direct_name,
CP141122.1,mRNA,252445,253707,-,mRNA,cpbgf_500960,Oxr1p like TLDc domain containing protein,cgd5_960,direct_name,
CP141122.1,lnc_RNA,253607,254941,+,ncRNA,cpbgf_500965,lncRNA,None,None,
CP141122.1,mRNA,253840,254732,-,mRNA,cpbgf_500970,60S ribosomal protein L13A,cgd5_970,direct_name,
CP141122.1,mRNA,254826,255626,-,mRNA,cpbgf_500990,Uncharacterized protein,cgd5_990,direct_name,
CP141122.1,mRNA,254850,261678,+,mRNA,cpbgf_5001000,B-block binding subunit of TFIIIC,cgd5_1000,direct_name,
CP141122.1,mRNA,261655,264123,-,mRNA,cpbgf_5001005,Uncharacterized protein,cgd5_1000,no_direct_name,
CP141122.1,mRNA,265012,269061,-,mRNA,cpbgf_5001020,Magnesium transporter NIPA,cgd5_1020,direct_name,
CP141122.1,mRNA,265107,267422,+,mRNA,cpbgf_5001010,Uncharacterized protein,cgd5_1010,direct_name,
CP141122.1,mRNA,269085,270593,-,mRNA,cpbgf_5001030,Uncharacterized protein,cgd5_1030,direct_name,
CP141122.1,mRNA,270632,273310,-,mRNA,cpbgf_5001060,hypothetical protein,cgd5_1060,direct_name,
CP141122.1,mRNA,270675,271322,-,mRNA,cpbgf_5001040,Arf GTPase activating protein,cgd5_1040,direct_name,
CP141122.1,lnc_RNA,270964,272180,+,ncRNA,cpbgf_5001075,lncRNA,None,None,
CP141122.1,mRNA,273360,274417,+,mRNA,cpbgf_5001080,Zinc finger C3H1-type domain containing protein,cgd5_1080,direct_name,
CP141122.1,lnc_RNA,274272,275895,-,ncRNA,cpbgf_5001083,lncRNA,None,None,
CP141122.1,mRNA,274369,275861,+,mRNA,cpbgf_5001084,Phospholipid/glycerol acyltransferase,cgd5_1080,no_direct_name,
CP141122.1,snRNA,275939,276190,+,ncRNA,cpbgf_5001085,snRNA,None,None,
CP141122.1,lnc_RNA,275979,277009,+,ncRNA,cpbgf_5001087,lncRNA,None,None,
CP141122.1,mRNA,276164,277279,-,mRNA,cpbgf_5001090,Uncharacterized protein,cgd5_1090,direct_name,
CP141122.1,mRNA,277468,278958,+,mRNA,cpbgf_5001100,Uncharacterized protein,cgd5_1100,direct_name,
CP141122.1,mRNA,278848,280032,-,mRNA,cpbgf_5001110,C2H2 finger domain containing protein,cgd5_1110,direct_name,
CP141122.1,mRNA,279932,282519,+,mRNA,cpbgf_5001120,DNMAP1/SANT/Myb-like domain containing protein,cgd5_1120,direct_name,
CP141122.1,mRNA,281693,283212,-,mRNA,cpbgf_5001130,Pre-mRNA processing factor 4 (PRP4)-like,cgd5_1130,direct_name,
CP141122.1,mRNA,283377,284816,+,mRNA,cpbgf_5001140,Cinnamyl-alcohol dehydrogenase-like nucleoside diphosphate sugar epimerase,cgd5_1140,direct_name,
CP141122.1,mRNA,284752,285999,-,mRNA,cpbgf_5001150,Transcription factor IIS domain containing protein,cgd5_1150,direct_name,
CP141122.1,mRNA,285991,287552,+,mRNA,cpbgf_5001160,SKP1/BTB/POZ domain containing protein,cgd5_1160,direct_name,
CP141122.1,mRNA,287643,289892,-,mRNA,cpbgf_5001170,Metallo-beta-lactamase with Zn-dependent metallo-hydrolase RNA specificity domain,cgd5_1170,direct_name,
CP141122.1,mRNA,289973,292532,+,mRNA,cpbgf_5001180,DNA topoisomerase,cgd5_1180,direct_name,
CP141122.1,lnc_RNA,291748,292485,-,ncRNA,cpbgf_5001185,lncRNA,None,None,
CP141122.1,mRNA,292536,293749,+,mRNA,cpbgf_5001190,RNA recognition motif domain containing protein,cgd5_1190,direct_name,
CP141122.1,mRNA,293771,295859,+,mRNA,cpbgf_5001200,Zinc finger%2CRING/FYVE/PHD-type domain containing protein,cgd5_1200,direct_name,
CP141122.1,mRNA,295834,297198,-,mRNA,cpbgf_5001210,Uncharacterized protein,cgd5_1210,direct_name,
CP141122.1,mRNA,297211,299709,-,mRNA,cpbgf_5001220,Uncharacterized protein,cgd5_1220,direct_name,
CP141122.1,mRNA,299754,301203,+,mRNA,cpbgf_5001230,Uncharacterized protein,cgd5_1230,direct_name,
CP141122.1,mRNA,300455,302799,-,mRNA,cpbgf_5001240,40S ribosome biogenesis protein Tsr1 and BMS1,cgd5_1240,direct_name,
CP141122.1,mRNA,302648,305570,-,mRNA,cpbgf_5001250,Dymeclin,cgd5_1250,direct_name,
CP141122.1,mRNA,305721,306617,-,mRNA,cpbgf_5001260,Palmitoyltransferase DHHC domain containing protein,cgd5_1260,direct_name,
CP141122.1,mRNA,306829,308114,+,mRNA,cpbgf_5001270,Translocation protein Sec62,cgd5_1270,direct_name,
CP141122.1,mRNA,307832,310782,-,mRNA,cpbgf_5001280,Tetratricopeptide repeat containing protein,cgd5_1280,direct_name,
CP141122.1,mRNA,310347,313888,-,mRNA,cpbgf_5001290,Uncharacterized protein,cgd5_1290,direct_name,
CP141122.1,lnc_RNA,310798,313705,+,ncRNA,cpbgf_5001295,lncRNA,None,None,
CP141122.1,mRNA,313852,314788,-,mRNA,cpbgf_5001310,CS domain containing protein,cgd5_1310,direct_name,
CP141122.1,lnc_RNA,314739,316303,-,ncRNA,cpbgf_5001315,lncRNA,None,None,
CP141122.1,mRNA,314826,316344,+,mRNA,cpbgf_5001320,Actin-like protein,cgd5_1320,direct_name,
CP141122.1,mRNA,316392,317249,+,mRNA,cpbgf_5001330,RRM domain containing protein,cgd5_1330,direct_name,
CP141122.1,mRNA,317277,318544,+,mRNA,cpbgf_5001350,3-oxo-5-alpha-steroid 4-dehydrogenase C-terminal domain containing protein,cgd5_1350,direct_name,
CP141122.1,mRNA,318564,324629,-,mRNA,cpbgf_5001360,Superfamily I helicase,cgd5_1360,direct_name,
CP141122.1,mRNA,324678,325588,+,mRNA,cpbgf_5001363,Synaptobrevin,cgd5_1363,direct_name,
CP141122.1,mRNA,325579,326843,+,mRNA,cpbgf_5001370,Uncharacterized protein,cgd5_1370,direct_name,
CP141122.1,mRNA,326728,328112,-,mRNA,cpbgf_5001380,Zinc finger C3H1-type domain containing protein,cgd5_1380,direct_name,
CP141122.1,mRNA,328203,329242,+,mRNA,cpbgf_5001390,PRELI/MSF1 domain containing protein,cgd5_1390,direct_name,
CP141122.1,mRNA,329121,330221,-,mRNA,cpbgf_5001400,Uncharacterized protein,cgd5_1400,direct_name,
CP141122.1,mRNA,330217,332246,+,mRNA,cpbgf_5001410,Transcription factor 25,cgd5_1410,direct_name,
CP141122.1,mRNA,332779,335552,-,mRNA,cpbgf_5001423,putative Secreted Protein (HCD gene family),cgd5_1423,direct_name,
CP141122.1,mRNA,335925,340797,+,mRNA,cpbgf_5001440,putative Secreted Protein (CpLSP gene family),cgd5_1440,direct_name,
CP141122.1,mRNA,340325,342192,-,mRNA,cpbgf_5001450,Uncharacterized protein,cgd5_1450,direct_name,
CP141122.1,mRNA,342296,345397,+,mRNA,cpbgf_5001460,Uncharacterized protein,cgd5_1460,direct_name,
CP141122.1,mRNA,344498,345198,-,mRNA,cpbgf_5001470,Nucleoside diphosphate kinase,cgd5_1470,direct_name,
CP141122.1,mRNA,345350,349538,+,mRNA,cpbgf_5001480,putative Secreted Protein,cgd5_1480,direct_name,
CP141122.1,mRNA,349162,357356,+,mRNA,cpbgf_5001490,putative Secreted Protein,cgd5_1490,direct_name,
CP141122.1,mRNA,357365,358573,+,mRNA,cpbgf_5001500,Uncharacterized protein,cgd5_1500,direct_name,
CP141122.1,mRNA,358419,360824,-,mRNA,cpbgf_5001510,Uncharacterized protein,cgd5_1510,direct_name,
CP141122.1,mRNA,361074,361839,-,mRNA,cpbgf_5001520,Uncharacterized protein,cgd5_1520,direct_name,
CP141122.1,mRNA,362427,363243,-,mRNA,cpbgf_5001530,Uncharacterized protein,cgd5_1530,direct_name,
CP141122.1,mRNA,363203,364778,-,mRNA,cpbgf_5001540,Uncharacterized protein,cgd5_1540,direct_name,
CP141122.1,mRNA,364821,365275,+,mRNA,cpbgf_5001550,Uncharacterized protein,cgd5_1550,direct_name,
CP141122.1,mRNA,365289,366128,-,mRNA,cpbgf_5001560,Uncharacterized protein,cgd5_1560,direct_name,
CP141122.1,mRNA,366090,366922,+,mRNA,cpbgf_5001570,YIP1 protein like transporter GTpase interacting factor,cgd5_1570,direct_name,
CP141122.1,mRNA,367005,368577,+,mRNA,cpbgf_5001580,Ribosomal protein L3,cgd5_1580,direct_name,
CP141122.1,snoRNA,367357,367519,+,ncRNA,cpbgf_5001585,snoRNA,None,None,
CP141122.1,mRNA,368618,369751,-,mRNA,cpbgf_5001590,Uncharacterized protein,cgd5_1590,direct_name,
CP141122.1,mRNA,369838,370959,-,mRNA,cpbgf_5001600,Initiation factor 2B-related,cgd5_1600,direct_name,
CP141122.1,mRNA,369860,371997,+,mRNA,cpbgf_5001610,Uncharacterized protein,cgd5_1610,direct_name,
CP141122.1,mRNA,371951,374812,+,mRNA,cpbgf_5001620,CW-type Zinc finger protein,cgd5_1620,direct_name,
CP141122.1,lnc_RNA,374070,374833,-,ncRNA,cpbgf_5001625,lncRNA,None,None,
CP141122.1,mRNA,374876,376846,+,mRNA,cpbgf_5001630,Amino acid transporter,cgd5_1630,direct_name,
CP141122.1,mRNA,376298,377840,-,mRNA,cpbgf_5001640,hypothetical protein,cgd5_1640,direct_name,
CP141122.1,mRNA,378274,379058,+,mRNA,cpbgf_5001660,DJ-1/PfpI,cgd5_1660,direct_name,
CP141122.1,mRNA,379016,381280,+,mRNA,cpbgf_5001663,Uncharacterized protein,cgd5_1663,direct_name,
CP141122.1,lnc_RNA,379755,381259,-,ncRNA,cpbgf_5001665,lncRNA,None,None,
CP141122.1,mRNA,381367,381939,+,mRNA,cpbgf_5001670,Uncharacterized protein,cgd5_1670,direct_name,
CP141122.1,mRNA,382146,386225,+,mRNA,cpbgf_5001680,TOG domain containing protein,cgd5_1680,direct_name,
CP141122.1,mRNA,386124,387920,-,mRNA,cpbgf_5001690,Cactin-like protein,cgd5_1690,direct_name,
CP141122.1,mRNA,387925,389019,+,mRNA,cpbgf_5001700,TsaA-like domain containing protein,cgd5_1700,direct_name,
CP141122.1,mRNA,389691,391857,+,mRNA,cpbgf_5001710,CTP synthase,cgd5_1710,direct_name,
CP141122.1,mRNA,391876,392772,+,mRNA,cpbgf_5001720,Uncharacterized protein,cgd5_1720,direct_name,
CP141122.1,mRNA,392513,393690,-,mRNA,cpbgf_5001730,16S rRNA methyltransferase RsmB/F,cgd5_1730,direct_name,
CP141122.1,mRNA,393697,395125,-,mRNA,cpbgf_5001740,Pre-mRNA-splicing factor 3,cgd5_1740,direct_name,
CP141122.1,mRNA,395179,396831,+,mRNA,cpbgf_5001750,HORMA domain containing protein,cgd5_1750,direct_name,
CP141122.1,mRNA,396561,397172,-,mRNA,cpbgf_5001760,H/ACA ribonucleoprotein complex subunit,cgd5_1760,direct_name,
CP141122.1,mRNA,397242,398250,-,mRNA,cpbgf_5001770,RAB/RAS GTpase,cgd5_1770,direct_name,
CP141122.1,lnc_RNA,397488,398361,+,ncRNA,cpbgf_5001775,lncRNA,None,None,
CP141122.1,mRNA,398721,403123,+,mRNA,cpbgf_5001780,Fibronectin-binding protein A N-terminus domain containing protein,cgd5_1780,direct_name,
CP141122.1,mRNA,403217,404394,+,mRNA,cpbgf_5001790,Pre-mRNA-splicing factor Isy1,cgd5_1790,direct_name,
CP141122.1,lnc_RNA,404326,405857,-,ncRNA,cpbgf_5001795,lncRNA,None,None,
CP141122.1,mRNA,404445,407006,+,mRNA,cpbgf_5001800,Uncharacterized protein,cgd5_1800,direct_name,
CP141122.1,mRNA,406966,408085,+,mRNA,cpbgf_5001810,t-SNARE coiled-coil homology domain containing protein,cgd5_1810,direct_name,
CP141122.1,mRNA,407781,408962,-,mRNA,cpbgf_5001820,Proteasome alpha-subunit,cgd5_1820,direct_name,
CP141122.1,mRNA,409021,409532,+,mRNA,cpbgf_5001823,DNA/RNA-binding protein Alba-like protein,cgd5_1823,direct_name,
CP141122.1,mRNA,409599,410780,+,mRNA,cpbgf_5001830,Zinc finger C3H1-type domain containing protein,cgd5_1830,direct_name,
CP141122.1,mRNA,410346,412750,-,mRNA,cpbgf_5001840,Vir superfamily protein,cgd5_1840,direct_name,
CP141122.1,lnc_RNA,412819,415014,+,ncRNA,cpbgf_5001845,lncRNA,None,None,
CP141122.1,mRNA,412872,415037,-,mRNA,cpbgf_5001850,GPI1/PIG-Q like N-acetylglucosaminyl-phosphatidylinositol transferase involved in GIP anchor biosynthesis,cgd5_1850,direct_name,
CP141122.1,mRNA,415113,417520,+,mRNA,cpbgf_5001870,Las1-like,cgd5_1870,direct_name,
CP141122.1,mRNA,417235,418518,-,mRNA,cpbgf_5001880,LETM1/MRS7 family protein,cgd5_1880,direct_name,
CP141122.1,mRNA,418395,420185,-,mRNA,cpbgf_5001890,T-complex protein 1 subunit delta,cgd5_1890,direct_name,
CP141122.1,mRNA,420297,421520,+,mRNA,cpbgf_5001900,Uncharacterized protein,cgd5_1900,direct_name,
CP141122.1,mRNA,421364,422745,-,mRNA,cpbgf_5001910,Ras like GTPase,cgd5_1910,direct_name,
CP141122.1,mRNA,422816,424460,+,mRNA,cpbgf_5001920,EF-hand domain containing protein,cgd5_1920,direct_name,
CP141122.1,lnc_RNA,423748,424700,-,ncRNA,cpbgf_5001925,lncRNA,None,None,
CP141122.1,mRNA,424365,426944,-,mRNA,cpbgf_5001930,Pleckstrin homology (PH) domain containing protein,cgd5_1930,direct_name,
CP141122.1,mRNA,426750,434487,-,mRNA,cpbgf_5001940,Uncharacterized protein,cgd5_1940,direct_name,
CP141122.1,mRNA,435044,435922,+,mRNA,cpbgf_5001950,CAAX amino terminal protease,cgd5_1950,direct_name,
CP141122.1,mRNA,435933,437425,-,mRNA,cpbgf_5001960,Enolase,cgd5_1960,direct_name,
CP141122.1,lnc_RNA,437439,439552,+,ncRNA,cpbgf_5001965,lncRNA,None,None,
CP141122.1,mRNA,437590,438093,-,mRNA,cpbgf_5001970,PH domain containing protein,cgd5_1970,direct_name,
CP141122.1,mRNA,438254,441833,-,mRNA,cpbgf_5001990,Uncharacterized protein,cgd5_1990,direct_name,
CP141122.1,mRNA,440381,444698,-,mRNA,cpbgf_5001993,Peptidase family M60 domain containing protein,cgd5_1993,direct_name,
CP141122.1,mRNA,444270,446854,-,mRNA,cpbgf_5002000,RIO kinase,cgd5_2000,direct_name,
CP141122.1,snRNA,444341,444680,-,ncRNA,cpbgf_5002005,snRNA,None,None,
CP141122.1,mRNA,446895,449100,+,mRNA,cpbgf_5002010,AAA+ ATPase domain containing protein,cgd5_2010,direct_name,
CP141122.1,mRNA,449277,450846,+,mRNA,cpbgf_5002020,Cysteine-rich secretory protein,cgd5_2020,direct_name,
CP141122.1,mRNA,450965,451570,+,mRNA,cpbgf_5002030,Galactose-binding domain-like containing protein,cgd5_2030,direct_name,
CP141122.1,mRNA,451515,452555,-,mRNA,cpbgf_5002040,Glycosyl transferase family 2,cgd5_2040,direct_name,
CP141122.1,mRNA,452886,455378,+,mRNA,cpbgf_5002050,SMAD/FHA/Forkhead-associated (FHA) domain containing protein,cgd5_2050,direct_name,
CP141122.1,mRNA,455453,457483,-,mRNA,cpbgf_5002060,Uncharacterized protein,cgd5_2060,direct_name,
CP141122.1,lnc_RNA,456385,457445,+,ncRNA,cpbgf_5002063,lncRNA,None,None,
CP141122.1,lnc_RNA,457717,460551,+,ncRNA,cpbgf_5002065,lncRNA,None,None,
CP141122.1,mRNA,458011,464762,-,mRNA,cpbgf_5002070,SPAC694.02 SKI family SFII helicase,cgd5_2070,direct_name,
CP141122.1,mRNA,465142,470893,+,mRNA,cpbgf_5002080,SCC2/Zinc finger%2CRING/FYVE/PHD-type domain containing protein,cgd5_2080,direct_name,
CP141122.1,mRNA,471392,473437,+,mRNA,cpbgf_5002090,Fes/CIP4,cgd5_2090,direct_name,
CP141122.1,mRNA,472747,475180,-,mRNA,cpbgf_5002100,C-5 cytosine-specific DNA methylase,cgd5_2100,direct_name,
CP141122.1,mRNA,475240,476295,+,mRNA,cpbgf_5002110,Transcription elongation factor 1,cgd5_2110,direct_name,
CP141122.1,mRNA,476188,477366,-,mRNA,cpbgf_5002120,Ubiquitin-conjugating enzyme/RWD-like protein,cgd5_2120,direct_name,
CP141122.1,mRNA,477419,480770,-,mRNA,cpbgf_5002130,Regulator of chromosome condensation 1/beta-lactamase-inhibitor protein II,cgd5_2130,direct_name,
CP141122.1,lnc_RNA,479186,480879,+,ncRNA,cpbgf_5002135,lncRNA,None,None,
CP141122.1,mRNA,481265,483691,-,mRNA,cpbgf_5002140,CCHC-type Zinc finger protein,cgd5_2140,direct_name,
CP141122.1,mRNA,483783,485209,+,mRNA,cpbgf_5002150,ZIP Zinc transporter,cgd5_2150,direct_name,
CP141122.1,mRNA,485471,486307,+,mRNA,cpbgf_5002160,EF-hand domain containing protein,cgd5_2160,direct_name,
CP141122.1,snRNA,486161,486272,-,ncRNA,cpbgf_5002165,snRNA,None,None,
CP141122.1,mRNA,487031,487653,+,mRNA,cpbgf_5002170,hypothetical protein,cgd5_2170,direct_name,
CP141122.1,mRNA,487591,488139,-,mRNA,cpbgf_5002176,Uncharacterized protein,cgd5_2170,no_direct_name,
CP141122.1,mRNA,488434,493682,-,mRNA,cpbgf_5002180,Uncharacterized protein,cgd5_2180,direct_name,
CP141122.1,mRNA,494160,495699,+,mRNA,cpbgf_5002190,DNA/RNA non-specific endonuclease,cgd5_2190,direct_name,
CP141122.1,lnc_RNA,495606,495931,-,ncRNA,cpbgf_5002195,lncRNA,None,None,
CP141122.1,mRNA,496133,498573,+,mRNA,cpbgf_5002200,RRM domain containing protein,cgd5_2200,direct_name,
CP141122.1,lnc_RNA,496604,498015,-,ncRNA,cpbgf_5002205,lncRNA,None,None,
CP141122.1,mRNA,499112,499927,+,mRNA,cpbgf_5002210,40S ribosomal protein S13,cgd5_2210,direct_name,
CP141122.1,mRNA,500006,500872,-,mRNA,cpbgf_5002220,Small nuclear ribonucleoprotein D1/ SM domain containing protein,cgd5_2220,direct_name,
CP141122.1,mRNA,500980,502518,+,mRNA,cpbgf_5002230,Transmembrane Thioredoxin domain containting protein,cgd5_2230,direct_name,
CP141122.1,mRNA,502259,504444,-,mRNA,cpbgf_5002240,Glycosyl transferase family 4,cgd5_2240,direct_name,
CP141122.1,mRNA,504230,509074,-,mRNA,cpbgf_5002250,Uncharacterized protein,cgd5_2250,direct_name,
CP141122.1,mRNA,509738,511125,-,mRNA,cpbgf_5002260,Uncharacterized protein,cgd5_2260,direct_name,
CP141122.1,lnc_RNA,510057,510691,+,ncRNA,cpbgf_5002265,lncRNA,None,None,
CP141122.1,mRNA,511979,513897,+,mRNA,cpbgf_5002270,Serine/threonine protein kinase,cgd5_2270,direct_name,
CP141122.1,mRNA,513213,513842,-,mRNA,cpbgf_5002280,Uncharacterized protein,cgd5_2280,direct_name,
CP141122.1,mRNA,513912,515117,-,mRNA,cpbgf_5002290,Uncharacterized protein,cgd5_2290,direct_name,
CP141122.1,mRNA,515330,515900,+,mRNA,cpbgf_5002300,DAD/Ost2,cgd5_2300,direct_name,
CP141122.1,mRNA,516665,521476,+,mRNA,cpbgf_5002310,Sin3 like paired amphipathic helix containing protein,cgd5_2310,direct_name,
CP141122.1,lnc_RNA,518595,521514,-,ncRNA,cpbgf_5002313,lncRNA,None,None,
CP141122.1,tRNA,521582,521692,+,tRNA,cpbgf_5002315,tRNA-Arg,None,None,
CP141122.1,tRNA,521753,521854,+,tRNA,cpbgf_5002317,tRNA-Arg,None,None,
CP141122.1,mRNA,521878,525183,+,mRNA,cpbgf_5002320,Prohibitin with Band 7 domain,cgd5_2320,direct_name,
CP141122.1,mRNA,523141,525020,-,mRNA,cpbgf_5002330,Actin,cgd5_2330,direct_name,
CP141122.1,mRNA,525231,527267,+,mRNA,cpbgf_5002343,SET domain containing protein,cgd5_2343,direct_name,
CP141122.1,mRNA,527156,529338,-,mRNA,cpbgf_5002346,hypothetical protein,cgd5_2343,no_direct_name,
CP141122.1,mRNA,527834,529330,+,mRNA,cpbgf_5002350,Peptidase C19%2Cubiquitin carboxyl-terminal hydrolase,cgd5_2350,direct_name,
CP141122.1,lnc_RNA,528759,529333,-,ncRNA,cpbgf_5002355,lncRNA,None,None,
CP141122.1,mRNA,529674,530423,+,mRNA,cpbgf_5002360,PDZ domain containing protein,cgd5_2360,direct_name,
CP141122.1,mRNA,530435,531003,-,mRNA,cpbgf_5002370,60S acidic ribosomal protein L12/LP1-like protein,cgd5_2370,direct_name,
CP141122.1,lnc_RNA,531283,532072,+,ncRNA,cpbgf_5002375,lncRNA,None,None,
CP141122.1,mRNA,531342,532616,-,mRNA,cpbgf_5002380,Uncharacterized Protein,cgd5_2380,direct_name,
CP141122.1,mRNA,533344,535122,+,mRNA,cpbgf_5002390,GCD10p RNA methylase,cgd5_2390,direct_name,
CP141122.1,mRNA,535318,538693,+,mRNA,cpbgf_5002410,UbiB domain containing protein,cgd5_2410,direct_name,
CP141122.1,mRNA,538824,542946,-,mRNA,cpbgf_5002420,Uncharacterized protein,cgd5_2420,direct_name,
CP141122.1,mRNA,545027,545567,+,mRNA,cpbgf_5002430,Prefoldin alpha-like protein,cgd5_2430,direct_name,
CP141122.1,mRNA,545915,548281,+,mRNA,cpbgf_5002440,tRNA-dihydrouridine synthase,cgd5_2440,direct_name,
CP141122.1,mRNA,548774,552253,+,mRNA,cpbgf_5002450,Uncharacterized protein,cgd5_2450,direct_name,
CP141122.1,mRNA,552457,555573,-,mRNA,cpbgf_5002460,RRM domain containing protein,cgd5_2460,direct_name,
CP141122.1,mRNA,555616,557015,+,mRNA,cpbgf_5002470,tRNA (adenine(58)-N(1))-methyltransferase,cgd5_2470,direct_name,
CP141122.1,mRNA,557275,557701,+,mRNA,cpbgf_5002473,hypothetical protein,cgd5_2473,direct_name,
CP141122.1,mRNA,558348,561572,+,mRNA,cpbgf_5002480,Ubiquitin-2 like Rad60 SUMO-like,cgd5_2480,direct_name,
CP141122.1,mRNA,562217,563389,+,mRNA,cpbgf_5002490,Uncharacterized protein,cgd5_2490,direct_name,
CP141122.1,mRNA,563433,568705,-,mRNA,cpbgf_5002500,Peptidase C19%2Cubiquitin carboxyl-terminal hydrolase,cgd5_2500,direct_name,
CP141122.1,mRNA,568962,570207,-,mRNA,cpbgf_5002510,Serine/threonine-protein kinase,cgd5_2510,direct_name,
CP141122.1,mRNA,570455,571387,+,mRNA,cpbgf_5002520,Mediator complex subunit Med6,cgd5_2520,direct_name,
CP141122.1,mRNA,571910,574609,+,mRNA,cpbgf_5002530,CECR6/TMEM121 family,cgd5_2530,direct_name,
CP141122.1,lnc_RNA,572112,574505,-,ncRNA,cpbgf_5002533,lncRNA,None,None,
CP141122.1,snRNA,574960,575074,+,ncRNA,cpbgf_5002535,snRNA,None,None,
CP141122.1,mRNA,575358,579026,+,mRNA,cpbgf_5002540,WD40-repeat-containing protein,cgd5_2540,direct_name,
CP141122.1,mRNA,579255,581232,+,mRNA,cpbgf_5002550,Ribosomal protein L40e,cgd5_2550,direct_name,
CP141122.1,lnc_RNA,580397,581216,-,ncRNA,cpbgf_5002555,lncRNA,None,None,
CP141122.1,mRNA,581378,583831,+,mRNA,cpbgf_5002560,DNA mismatch repair protein mutL/hexB/PMS1 ATPase,cgd5_2560,direct_name,
CP141122.1,mRNA,583830,585275,-,mRNA,cpbgf_5002570,Uncharacterized protein,cgd5_2570,direct_name,
CP141122.1,mRNA,585816,586517,-,mRNA,cpbgf_5002580,C2H2-type Zinc finger protein,cgd5_2580,direct_name,
CP141122.1,lnc_RNA,587245,588888,-,ncRNA,cpbgf_5002585,lncRNA,None,None,
CP141122.1,mRNA,587462,588550,+,mRNA,cpbgf_5002590,Glycosyltransferase 2-like,cgd5_2590,direct_name,
CP141122.1,snRNA,588690,588954,-,ncRNA,cpbgf_5002595,snRNA,None,None,
CP141122.1,mRNA,589402,591300,-,mRNA,cpbgf_5002600,leucine aminopeptidase,cgd5_2600,direct_name,
CP141122.1,mRNA,591371,593229,+,mRNA,cpbgf_5002610,Phosphoglycerate/bisphosphoglycerate mutase,cgd5_2610,direct_name,
CP141122.1,mRNA,592882,595445,-,mRNA,cpbgf_5002620,Pumilio RNA-binding repeat containing protein,cgd5_2620,direct_name,
CP141122.1,mRNA,595549,596901,+,mRNA,cpbgf_5002630,60S ribosomal protein L7-B Rp17bp L30 RNA binding domain,cgd5_2630,direct_name,
CP141122.1,lnc_RNA,595904,600732,-,ncRNA,cpbgf_5002635,lncRNA,None,None,
CP141122.1,mRNA,597237,600714,+,mRNA,cpbgf_5002640,Zinc finger RanBP2-type domain containing protein,cgd5_2640,direct_name,
CP141122.1,mRNA,600793,601691,+,mRNA,cpbgf_5002650,Uncharacterized protein,cgd5_2650,direct_name,
CP141122.1,mRNA,601836,605657,+,mRNA,cpbgf_5002660,Peptidase M16 C-terminal domain containing protein,cgd5_2660,direct_name,
CP141122.1,lnc_RNA,602637,605765,-,ncRNA,cpbgf_5002665,lncRNA,None,None,
CP141122.1,mRNA,605981,607201,+,mRNA,cpbgf_5002670,Alcohol dehydrogenase,cgd5_2670,direct_name,
CP141122.1,mRNA,607747,611526,+,mRNA,cpbgf_5002680,Uncharacterized protein,cgd5_2680,direct_name,
CP141122.1,mRNA,611848,614036,+,mRNA,cpbgf_5002690,Uncharacterized protein,cgd5_2690,direct_name,
CP141122.1,mRNA,614654,616061,+,mRNA,cpbgf_5002700,Uncharacterized protein,cgd5_2700,direct_name,
CP141122.1,mRNA,615583,617290,-,mRNA,cpbgf_5002710,Uncharacterized protein,cgd5_2710,direct_name,
CP141122.1,mRNA,617700,623706,+,mRNA,cpbgf_5002720,putative Secreted Protein,cgd5_2720,direct_name,
CP141122.1,lnc_RNA,622315,623667,-,ncRNA,cpbgf_5002725,lncRNA,None,None,
CP141122.1,mRNA,624154,626446,+,mRNA,cpbgf_5002730,Uncharacterized protein,cgd5_2730,direct_name,
CP141122.1,mRNA,626766,628536,+,mRNA,cpbgf_5002740,putative Secreted Protein (WYLE gene family),cgd5_2740,direct_name,
CP141122.1,mRNA,628732,632828,+,mRNA,cpbgf_5002750,WH2 domain containing protein,cgd5_2750,direct_name,
CP141122.1,mRNA,632778,634206,-,mRNA,cpbgf_5002760,Uncharacterized protein,cgd5_2760,direct_name,
CP141122.1,mRNA,634974,635759,+,mRNA,cpbgf_5002770,ARF/SAR type Small GTPase superfamily ARF/SAR type,cgd5_2770,direct_name,
CP141122.1,mRNA,635912,636817,+,mRNA,cpbgf_5002780,Plectin/S10 domain containing protein,cgd5_2780,direct_name,
CP141122.1,mRNA,636668,638692,-,mRNA,cpbgf_5002790,Katanin p60/fidgetin family with AAA ATpase,cgd5_2790,direct_name,
CP141122.1,mRNA,638876,640346,-,mRNA,cpbgf_5002800,Actin depolymerizing factor,cgd5_2800,direct_name,
CP141122.1,lnc_RNA,639095,640208,+,ncRNA,cpbgf_5002805,lncRNA,None,None,
CP141122.1,mRNA,640823,642834,+,mRNA,cpbgf_5002810,ULP1 like chllamydin domain containing protease,cgd5_2810,direct_name,
CP141122.1,mRNA,642888,643520,-,mRNA,cpbgf_5002820,Uncharacterized protein,cgd5_2820,direct_name,
CP141122.1,mRNA,644601,651482,+,mRNA,cpbgf_5002830,Chorein/VPS13 like protein involved in vacuolar transport,cgd5_2830,direct_name,
CP141122.1,mRNA,651660,659597,+,mRNA,cpbgf_5002840,Vacuolar protein sorting-associated protein 13 C-terminal domain containing protein,cgd5_2840,direct_name,
CP141122.1,mRNA,659981,661648,+,mRNA,cpbgf_5002843,DDH domain containing protein,cgd5_2843,direct_name,
CP141122.1,mRNA,661596,663701,-,mRNA,cpbgf_5002850,Uncharacterized protein,cgd5_2850,direct_name,
CP141122.1,mRNA,664221,667576,-,mRNA,cpbgf_5002860,Uncharacterized protein,cgd5_2860,direct_name,
CP141122.1,mRNA,668234,669499,+,mRNA,cpbgf_5002870,Zinc finger C3H1-type domain containing protein,cgd5_2870,direct_name,
CP141122.1,mRNA,669458,671661,-,mRNA,cpbgf_5002880,C1p1p GTpase Pre-mRNA cleavaage complex protein,cgd5_2880,direct_name,
CP141122.1,lnc_RNA,672136,673424,-,ncRNA,cpbgf_5002885,lncRNA,None,None,
CP141122.1,mRNA,672200,673292,+,mRNA,cpbgf_5002890,Uncharacterized protein,cgd5_2890,direct_name,
CP141122.1,mRNA,673902,675292,+,mRNA,cpbgf_5002900,Protein phosphatase C2 (PP2c) domain containing protein,cgd5_2900,direct_name,
CP141122.1,mRNA,675575,677098,-,mRNA,cpbgf_5002910,Alpha amylase,cgd5_2910,direct_name,
CP141122.1,mRNA,677407,680441,+,mRNA,cpbgf_5002920,SNF2-related N-terminal/Helicase superfamily 1/2 ATP-binding domain containing protein,cgd5_2920,direct_name,
CP141122.1,lnc_RNA,679650,680348,-,ncRNA,cpbgf_5002925,lncRNA,None,None,
CP141122.1,mRNA,680443,684831,+,mRNA,cpbgf_5002930,DNA polymerase V,cgd5_2930,direct_name,
CP141122.1,mRNA,685044,685877,+,mRNA,cpbgf_5002940,Forkhead associated domain (FHA) containing protein,cgd5_2940,direct_name,
CP141122.1,mRNA,685860,687631,-,mRNA,cpbgf_5002950,DNAj domain containing protein,cgd5_2950,direct_name,
CP141122.1,mRNA,688101,696617,+,mRNA,cpbgf_5002963,U5snrp Brr2 SFII RNA helicase (sec63 and the second part of the RNA),cgd5_2963,direct_name,
CP141122.1,lnc_RNA,688123,694103,-,ncRNA,cpbgf_5002965,lncRNA,None,None,
CP141122.1,snRNA,691994,692095,+,ncRNA,cpbgf_5002966,snRNA,None,None,
CP141122.1,snRNA,692442,692660,+,ncRNA,cpbgf_5002967,snRNA,None,None,
CP141122.1,mRNA,696647,699329,-,mRNA,cpbgf_5002990,Armadillo-like helical protein,cgd5_2990,direct_name,
CP141122.1,mRNA,699473,700534,-,mRNA,cpbgf_5003000,CS domain containing protein,cgd5_3000,direct_name,
CP141122.1,mRNA,700646,702862,+,mRNA,cpbgf_5003010,Plus-3 domain containing protein,cgd5_3010,direct_name,
CP141122.1,mRNA,703219,705735,+,mRNA,cpbgf_5003020,WD40 repeat protein,cgd5_3020,direct_name,
CP141122.1,mRNA,705953,706530,+,mRNA,cpbgf_5003030,Uncharacterized protein,cgd5_3030,direct_name,
CP141122.1,mRNA,706504,707293,-,mRNA,cpbgf_5003040,40S ribosomal protein S7,cgd5_3040,direct_name,
CP141122.1,mRNA,708038,709021,+,mRNA,cpbgf_5003050,Doublecortin/p25-alpha domain containing protein,cgd5_3050,direct_name,
CP141122.1,mRNA,709363,710366,-,mRNA,cpbgf_5003060,Uncharacterized protein,cgd5_3060,direct_name,
CP141122.1,mRNA,710653,713536,+,mRNA,cpbgf_5003073,Carboxylic ester hydrolase,cgd5_3073,direct_name,
CP141122.1,mRNA,713647,714465,-,mRNA,cpbgf_5003090,N-acetyltransferase subunit ARD1,cgd5_3090,direct_name,
CP141122.1,mRNA,714482,720806,+,mRNA,cpbgf_5003100,Cullin,cgd5_3100,direct_name,
CP141122.1,lnc_RNA,714975,718305,-,ncRNA,cpbgf_5003105,lncRNA,None,None,
CP141122.1,mRNA,721443,722609,+,mRNA,cpbgf_5004500,Vacuolar protein sorting-associated protein 13,cgd5_4500,direct_name,
CP141122.1,mRNA,722799,730872,+,mRNA,cpbgf_5004490,WD40 repreat protein,cgd5_4490,direct_name,
CP141122.1,mRNA,730965,737726,+,mRNA,cpbgf_5004480,Vacuolar protein sorting-associated protein 13/Autophagy-related proteinl,cgd5_4480,direct_name,
CP141122.1,lnc_RNA,738081,739473,+,ncRNA,cpbgf_5004470,lncRNA,None,None,
CP141122.1,mRNA,738137,740107,-,mRNA,cpbgf_5004460,Thrombospondin type-1 (TSP1) repeat/EGF-like domain containing protein,cgd5_4460,direct_name,
CP141122.1,mRNA,741156,745673,-,mRNA,cpbgf_5004450,Uncharacterized protein,cgd5_4450,direct_name,
CP141122.1,lnc_RNA,745914,746587,-,ncRNA,cpbgf_5004445,lncRNA,None,None,
CP141122.1,mRNA,745925,746622,+,mRNA,cpbgf_5004440,Thymidine kinase,cgd5_4440,direct_name,
CP141122.1,mRNA,746689,750288,+,mRNA,cpbgf_5004430,WD40-repeat-containing protein,cgd5_4430,direct_name,
CP141122.1,mRNA,750056,751846,-,mRNA,cpbgf_5004420,S-adenosyl-L-methionine-dependent methyltransferase,cgd5_4420,direct_name,
CP141122.1,mRNA,751921,753272,+,mRNA,cpbgf_5004410,rRNA-processing protein Efg1,cgd5_4410,direct_name,
CP141122.1,mRNA,753074,755527,-,mRNA,cpbgf_5004400,Arginine-tRNA ligase,cgd5_4400,direct_name,
CP141122.1,mRNA,755976,758366,-,mRNA,cpbgf_5004390,Serine/threonine protein kinase,cgd5_4390,direct_name,
CP141122.1,mRNA,759645,760326,+,mRNA,cpbgf_5004380,RmlC-like jelly roll fold containing protein,cgd5_4380,direct_name,
CP141122.1,mRNA,759880,763028,-,mRNA,cpbgf_5004370,Peptidase S9 prolyl oligopeptidase,cgd5_4370,direct_name,
CP141122.1,mRNA,763317,767575,-,mRNA,cpbgf_5004360,Uncharacterized Protein,cgd5_4360,direct_name,
CP141122.1,lnc_RNA,764925,767078,+,ncRNA,cpbgf_5004355,lncRNA,None,None,
CP141122.1,lnc_RNA,767773,769159,+,ncRNA,cpbgf_5004353,lncRNA,None,None,
CP141122.1,mRNA,768036,771426,-,mRNA,cpbgf_5004350,Uncharacterized protein,cgd5_4350,direct_name,
CP141122.1,mRNA,771521,772739,+,mRNA,cpbgf_5004340,Uncharacterized protein,cgd5_4340,direct_name,
CP141122.1,mRNA,771853,772813,-,mRNA,cpbgf_5004330,Protein-lysine N-methyltransferase Efm4,cgd5_4330,direct_name,
CP141122.1,mRNA,772914,773443,-,mRNA,cpbgf_5004320,Frataxin like protein,cgd5_4320,direct_name,
CP141122.1,mRNA,773531,777675,+,mRNA,cpbgf_5004310,Uncharacterized protein,cgd5_4310,direct_name,
CP141122.1,mRNA,775346,777985,-,mRNA,cpbgf_5004300,Uncharacterized protein,cgd5_4300,direct_name,
CP141122.1,mRNA,778268,782377,+,mRNA,cpbgf_5004290,Swi/SNf2 RAD26,cgd5_4290,direct_name,
CP141122.1,mRNA,781988,783615,-,mRNA,cpbgf_5004280,Uncharacterized protein,cgd5_4280,direct_name,
CP141122.1,mRNA,783762,785354,+,mRNA,cpbgf_5004270,Uncharacterized protein,cgd5_4270,direct_name,
CP141122.1,mRNA,785570,787395,+,mRNA,cpbgf_5004260,WD40-repeat-containing protein,cgd5_4260,direct_name,
CP141122.1,mRNA,787330,790641,-,mRNA,cpbgf_5004250,Uncharacterized protein,cgd5_4250,direct_name,
CP141122.1,mRNA,791540,794200,+,mRNA,cpbgf_5004240,Calponin homology domain containing protein,cgd5_4240,direct_name,
CP141122.1,mRNA,795074,798163,+,mRNA,cpbgf_5004230,EGF-like domain containing protein,cgd5_4230,direct_name,
CP141122.1,lnc_RNA,795391,795896,-,ncRNA,cpbgf_5004227,lncRNA,None,None,
CP141122.1,lnc_RNA,796823,798334,-,ncRNA,cpbgf_5004225,lncRNA,None,None,
CP141122.1,mRNA,798854,801033,+,mRNA,cpbgf_5004220,Trimeric LpxA-like,cgd5_4220,direct_name,
CP141122.1,mRNA,801293,802541,-,mRNA,cpbgf_5004210,Proteasome subunit beta type,cgd5_4210,direct_name,
CP141122.1,mRNA,803140,803475,+,mRNA,cpbgf_5004200,Transcription initiation factor IIA,cgd5_4200,direct_name,
CP141122.1,mRNA,803645,805923,-,mRNA,cpbgf_5004190,Uncharacterized protein,cgd5_4190,direct_name,
CP141122.1,mRNA,806465,808407,-,mRNA,cpbgf_5004180,Sec1-like protein,cgd5_4180,direct_name,
CP141122.1,mRNA,808964,810342,-,mRNA,cpbgf_5004176,hypothetical protein,cgd5_650,no_direct_name,
CP141122.1,mRNA,810599,811346,+,mRNA,cpbgf_5004173,GINS complex subunit Psf1,cgd5_4173,direct_name,
CP141122.1,mRNA,811864,814059,+,mRNA,cpbgf_5004170,PP2C like protein phosphatase,cgd5_4170,direct_name,
CP141122.1,mRNA,814642,818689,+,mRNA,cpbgf_5004150,Uncharacterized protein,cgd5_4150,direct_name,
CP141122.1,mRNA,819060,819884,-,mRNA,cpbgf_5004140,Uncharacterized protein,cgd5_4140,direct_name,
CP141122.1,mRNA,820624,821397,-,mRNA,cpbgf_5004130,Uncharacterized protein,cgd5_4130,direct_name,
CP141122.1,mRNA,821794,822384,+,mRNA,cpbgf_5004120,Uncharacterized protein,cgd5_4120,direct_name,
CP141122.1,mRNA,823161,823863,+,mRNA,cpbgf_5004110,EF-hand domain containing protein,cgd5_4110,direct_name,
CP141122.1,mRNA,824324,826538,-,mRNA,cpbgf_5004100,Uncharacterized protein,cgd5_4100,direct_name,
CP141122.1,mRNA,826668,830977,-,mRNA,cpbgf_5004090,DHR1/Ecm16p/kurz HrpA family SFII helicase,cgd5_4090,direct_name,
CP141122.1,snRNA,831387,831592,+,ncRNA,cpbgf_5004085,snRNA,None,None,
CP141122.1,mRNA,831951,833306,-,mRNA,cpbgf_5004080,Articulin family protein,cgd5_4080,direct_name,
CP141122.1,mRNA,834690,835863,+,mRNA,cpbgf_5004070,Serine/threonine-protein phosphatase,cgd5_4070,direct_name,
CP141122.1,mRNA,836065,836661,-,mRNA,cpbgf_5004060,U1 small nuclear ribonucleoprotein C with U1 zinc finger,cgd5_4060,direct_name,
CP141122.1,lnc_RNA,836780,837966,+,ncRNA,cpbgf_5004055,lncRNA,None,None,
CP141122.1,mRNA,836825,837744,-,mRNA,cpbgf_5004050,Uncharacterized protein,cgd5_4050,direct_name,
CP141122.1,mRNA,838552,841050,+,mRNA,cpbgf_5004040,Uncharacterized protein,cgd5_4040,direct_name,
CP141122.1,mRNA,841321,842934,-,mRNA,cpbgf_5004030,Uncharacterized protein,cgd5_4030,direct_name,
CP141122.1,mRNA,843164,844481,+,mRNA,cpbgf_5004020,Uncharacterized protein,cgd5_4020,direct_name,
CP141122.1,mRNA,844252,848413,-,mRNA,cpbgf_5004000,Uncharacterized protein,cgd5_4000,direct_name,
CP141122.1,mRNA,848919,851133,-,mRNA,cpbgf_5003990,Zinc finger%2CRING/FYVE/PHD-type domain containing protein,cgd5_3990,direct_name,
CP141122.1,mRNA,852045,853781,+,mRNA,cpbgf_5003980,Uncharacterized protein,cgd5_3980,direct_name,
CP141122.1,mRNA,854172,856274,-,mRNA,cpbgf_5003963,Zinc finger%2CC3HC4 type (RING) containing protein,cgd5_3963,direct_name,
CP141122.1,lnc_RNA,856440,856971,-,ncRNA,cpbgf_5003975,lncRNA,None,None,
CP141122.1,lnc_RNA,857188,858136,-,ncRNA,cpbgf_5003973,lncRNA,None,None,
CP141122.1,mRNA,857645,859685,+,mRNA,cpbgf_5003970,Secreted Alpha/Beta hydrolase,cgd5_3970,direct_name,
CP141122.1,mRNA,858881,859447,-,mRNA,cpbgf_5003960,hypothetical protein,cgd5_3960,direct_name,
CP141122.1,mRNA,859573,860513,-,mRNA,cpbgf_5003950,Ran-binding protein,cgd5_3950,direct_name,
CP141122.1,mRNA,860888,863399,-,mRNA,cpbgf_5003940,Aspartic peptidase domain containing protein,cgd5_3940,direct_name,
CP141122.1,snoRNA,862167,862265,-,ncRNA,cpbgf_5003935,snoRNA,None,None,
CP141122.1,mRNA,864057,864629,+,mRNA,cpbgf_5003930,Uncharacterized protein,cgd5_3930,direct_name,
CP141122.1,mRNA,864729,865824,-,mRNA,cpbgf_5003920,Calmodulin-like protein,cgd5_3920,direct_name,
CP141122.1,mRNA,865912,867468,-,mRNA,cpbgf_5003910,PH domain-like protein,cgd5_3910,direct_name,
CP141122.1,mRNA,867837,870994,-,mRNA,cpbgf_5003900,putative transmembrane Protein,cgd5_3900,direct_name,
CP141122.1,mRNA,871692,872666,+,mRNA,cpbgf_5003890,mRNA-decapping enzyme subunit 1,cgd5_3890,direct_name,
CP141122.1,mRNA,872671,873927,-,mRNA,cpbgf_5003880,Uncharacterized protein,cgd5_3880,direct_name,
CP141122.1,mRNA,874074,877377,+,mRNA,cpbgf_5003860,Uncharacterized protein,cgd5_3860,direct_name,
CP141122.1,mRNA,877897,880785,-,mRNA,cpbgf_5003850,Adapter-protein complex 1 gamma subunit,cgd5_3850,direct_name,
CP141122.1,mRNA,881454,881951,-,mRNA,cpbgf_5003836,hypothetical protein,cgd5_1020,no_direct_name,
CP141122.1,mRNA,882401,883375,+,mRNA,cpbgf_5003840,BSD domain containing protein,cgd5_3840,direct_name,
CP141122.1,mRNA,883407,884959,+,mRNA,cpbgf_5003830,Uncharacterized protein,cgd5_3830,direct_name,
CP141122.1,mRNA,883756,886854,-,mRNA,cpbgf_5003823,Chromatin target of PRMT1 protein-like protein,cgd5_3823,direct_name,
CP141122.1,mRNA,887425,888756,-,mRNA,cpbgf_5003820,Vacuole membrane protein%2CVMP1 like integral membrane protein,cgd5_3820,direct_name,
CP141122.1,mRNA,890177,891220,+,mRNA,cpbgf_5003810,Uncharacterized protein,cgd5_3810,direct_name,
CP141122.1,mRNA,891267,893291,-,mRNA,cpbgf_5003800,Armadillo-like helical protein,cgd5_3800,direct_name,
CP141122.1,mRNA,893388,894239,+,mRNA,cpbgf_5003790,Snf7 family,cgd5_3790,direct_name,
CP141122.1,lnc_RNA,893809,894310,-,ncRNA,cpbgf_5003785,lncRNA,None,None,
CP141122.1,mRNA,893847,895378,-,mRNA,cpbgf_5003780,HIT-type Zinc finger protein,cgd5_3780,direct_name,
CP141122.1,mRNA,895470,897672,+,mRNA,cpbgf_5003770,SAM Mtases/PrmA,cgd5_3770,direct_name,
CP141122.1,lnc_RNA,896020,897691,-,ncRNA,cpbgf_5003765,lncRNA,None,None,
CP141122.1,mRNA,897650,898268,-,mRNA,cpbgf_5003760,Uncharacterized protein,cgd5_3760,direct_name,
CP141122.1,mRNA,898545,899763,-,mRNA,cpbgf_5003750,Trimeric LpxA-like protein with Hexapeptide repeat,cgd5_3750,direct_name,
CP141122.1,mRNA,900043,900683,+,mRNA,cpbgf_5003740,50S ribosomal protein L7e/L30e/S12e/Gadd45,cgd5_3740,direct_name,
CP141122.1,mRNA,900842,903108,+,mRNA,cpbgf_5003730,Ankyrin repeat-containing protein,cgd5_3730,direct_name,
CP141122.1,mRNA,902435,903123,-,mRNA,cpbgf_5003720,30S ribosomal protein S17e,cgd5_3720,direct_name,
CP141122.1,mRNA,903579,904336,+,mRNA,cpbgf_5003710,Sm-like protein Lsm1,cgd5_3710,direct_name,
CP141122.1,mRNA,904896,906896,+,mRNA,cpbgf_5003700,Sec1-like protein,cgd5_3700,direct_name,
CP141122.1,mRNA,907230,908538,+,mRNA,cpbgf_5003690,TRAM/LAG1/CLN8 homology domain containing protein,cgd5_3690,direct_name,
CP141122.1,mRNA,908465,910058,-,mRNA,cpbgf_5003680,WD40-repeat-containing protein,cgd5_3680,direct_name,
CP141122.1,mRNA,910086,911769,+,mRNA,cpbgf_5003670,Uncharacterized protein,cgd5_3670,direct_name,
CP141122.1,mRNA,911023,912097,-,mRNA,cpbgf_5003660,Mitochondrial import protein TIM15,cgd5_3660,direct_name,
CP141122.1,mRNA,912452,913721,+,mRNA,cpbgf_5003650,PH domain-like protein,cgd5_3650,direct_name,
CP141122.1,mRNA,913671,914895,-,mRNA,cpbgf_5003640,Uncharacterized protein,cgd5_3640,direct_name,
CP141122.1,mRNA,914998,916093,-,mRNA,cpbgf_5003630,Thymidylate kinase,cgd5_3630,direct_name,
CP141122.1,mRNA,916184,919289,+,mRNA,cpbgf_5003620,BRCT domain containing protein,cgd5_3620,direct_name,
CP141122.1,mRNA,919763,921922,+,mRNA,cpbgf_5003610,Uncharacterized protein,cgd5_3610,direct_name,
CP141122.1,mRNA,922012,922752,-,mRNA,cpbgf_5005510,hypothetical protein,cgd2_2960,no_direct_name,chr_change
CP141122.1,mRNA,923419,924441,+,mRNA,cpbgf_5005520,hypothetical protein,cgd8_3420,no_direct_name,chr_change
CP141122.1,mRNA,924578,925234,+,mRNA,cpbgf_5005530,hypothetical protein,cgd6_1110,no_direct_name,chr_change
CP141122.1,mRNA,925181,931260,-,mRNA,cpbgf_5005540,hypothetical protein,cgd7_2530,no_direct_name,chr_change
CP141122.1,mRNA,936386,945327,-,mRNA,cpbgf_5003110,ATPase%2Cdynein-related%2CAAA domain containing protein,cgd5_3110,direct_name,
CP141122.1,snRNA,945454,945575,+,ncRNA,cpbgf_5003113,snRNA,None,None,
CP141122.1,snRNA,945894,946040,-,ncRNA,cpbgf_5003115,snRNA,None,None,
CP141122.1,mRNA,946150,948246,+,mRNA,cpbgf_5003120,U6 snRNA phosphodiesterase Usb1,cgd5_3120,direct_name,
CP141122.1,mRNA,946426,962054,-,mRNA,cpbgf_5003130,EF-hand domain containing protein,cgd5_3130,direct_name,
CP141122.1,lnc_RNA,957721,961824,+,ncRNA,cpbgf_5003135,lncRNA,None,None,
CP141122.1,mRNA,962405,969717,-,mRNA,cpbgf_5003140,Glycosyl transferase%2Cfamily 1,cgd5_3140,direct_name,
CP141122.1,tRNA,972894,972977,+,tRNA,cpbgf_5003145,tRNA-Asp,None,None,
CP141122.1,mRNA,973166,974782,-,mRNA,cpbgf_5003160,Actin,cgd5_3160,direct_name,
CP141122.1,mRNA,976122,976507,+,mRNA,cpbgf_5003170,Histone H2B,cgd5_3170,direct_name,
CP141122.1,mRNA,976749,979459,-,mRNA,cpbgf_5003190,Serine/threonine protein kinase,cgd5_3190,direct_name,
CP141122.1,mRNA,980678,982729,+,mRNA,cpbgf_5003200,AMP-dependent synthetase/ligase,cgd5_3200,direct_name,
CP141122.1,mRNA,983385,987161,+,mRNA,cpbgf_5003210,Uncharacterized protein,cgd5_3210,direct_name,
CP141122.1,mRNA,987991,988923,+,mRNA,cpbgf_5003220,Proteasome subunit beta7 NTN hydrolase fold containing protein,cgd5_3220,direct_name,
CP141122.1,mRNA,989377,990042,-,mRNA,cpbgf_5003230,Manganese/iron superoxide dismutase,cgd5_3230,direct_name,
CP141122.1,tRNA,990842,990927,+,tRNA,cpbgf_5003235,tRNA-Thr,None,None,
CP141122.1,mRNA,990974,993216,-,mRNA,cpbgf_5003260,Glycosyl transferase%2Cfamily 8,cgd5_3260,direct_name,
CP141122.1,mRNA,993782,994618,+,mRNA,cpbgf_5003270,RRM domain containing protein,cgd5_3270,direct_name,
CP141122.1,mRNA,994739,995347,-,mRNA,cpbgf_5003280,RRM domain containing protein,cgd5_3280,direct_name,
CP141122.1,mRNA,996378,996962,+,mRNA,cpbgf_5003290,hypothetical protein,cgd5_3290,direct_name,
CP141122.1,mRNA,996861,997851,-,mRNA,cpbgf_5003294,Transcription elongation factor TFIIS,cgd5_3290,no_direct_name,
CP141122.1,mRNA,998030,998444,-,mRNA,cpbgf_5003296,hypothetical protein,cgd8_1300,no_direct_name,chr_change
CP141122.1,lnc_RNA,998524,999579,+,ncRNA,cpbgf_5003297,lncRNA,None,None,
CP141122.1,mRNA,998573,1005201,-,mRNA,cpbgf_5003300,Zinc finger%2CRING/FYVE/PHD-type domain containing protein,cgd5_3300,direct_name,
CP141122.1,mRNA,1005369,1007069,+,mRNA,cpbgf_5003310,WD40 repeat protein,cgd5_3310,direct_name,
CP141122.1,mRNA,1007161,1007490,-,mRNA,cpbgf_5003320,Uncharacterized protein,cgd5_3320,direct_name,
CP141122.1,mRNA,1007722,1008599,-,mRNA,cpbgf_5003330,Derlin,cgd5_3330,direct_name,
CP141122.1,mRNA,1008944,1010268,-,mRNA,cpbgf_5003340,vacuolar ATP synthase subunit d,cgd5_3340,direct_name,
CP141122.1,mRNA,1011041,1012075,+,mRNA,cpbgf_5003350,Cyclophilin peptidyl-prolyl cis-trans isomerase,cgd5_3350,direct_name,
CP141122.1,snRNA,1011661,1011821,+,ncRNA,cpbgf_5003355,snRNA,None,None,
CP141122.1,mRNA,1011978,1012789,-,mRNA,cpbgf_5003360,Adenylate kinase,cgd5_3360,direct_name,
CP141122.1,mRNA,1013244,1016398,+,mRNA,cpbgf_5003370,Uncharacterized protein,cgd5_3370,direct_name,
CP141122.1,mRNA,1017280,1019121,+,mRNA,cpbgf_5003380,Signal peptide%2CKazal domain containing protein,cgd5_3380,direct_name,
CP141122.1,mRNA,1019418,1030523,+,mRNA,cpbgf_5003390,Uncharacterized protein,cgd5_3390,direct_name,
CP141122.1,mRNA,1030547,1032383,-,mRNA,cpbgf_5003400,Insulinase (Peptidase family M16),cgd5_3400,direct_name,
CP141122.1,mRNA,1032491,1034779,+,mRNA,cpbgf_5003410,Triose-phosphate Transporter family,cgd5_3410,direct_name,
CP141122.1,lnc_RNA,1032984,1034293,-,ncRNA,cpbgf_5003415,lncRNA,None,None,
CP141122.1,mRNA,1034568,1046554,+,mRNA,cpbgf_5003420,TSP1/LNR (Lin-12/Notch) repeat containing protein,cgd5_3420,direct_name,
CP141122.1,mRNA,1046668,1048715,-,mRNA,cpbgf_5003430,DNAJ comain containing protein,cgd5_3430,direct_name,
CP141122.1,mRNA,1048428,1048739,+,mRNA,cpbgf_5003440,Uncharacterized protein,cgd5_3440,direct_name,
CP141122.1,mRNA,1048856,1049762,+,mRNA,cpbgf_5003450,Nascent polypeptide-associated complex subunit alpha,cgd5_3450,direct_name,
CP141122.1,lnc_RNA,1048992,1050032,-,ncRNA,cpbgf_5003455,lncRNA,None,None,
CP141122.1,mRNA,1050080,1053895,+,mRNA,cpbgf_5003460,5'-Nucleotidase/apyrase,cgd5_3460,direct_name,
CP141122.1,mRNA,1052455,1053795,-,mRNA,cpbgf_5003470,DTW domain containing protein,cgd5_3470,direct_name,
CP141122.1,mRNA,1053965,1055383,+,mRNA,cpbgf_5003480,Thioesterase/HotDog domain containing protein,cgd5_3480,direct_name,
CP141122.1,mRNA,1055557,1056707,+,mRNA,cpbgf_5003490,Biotin-protein ligase N-terminal domain containing protein,cgd5_3490,direct_name,
CP141122.1,mRNA,1056836,1058405,-,mRNA,cpbgf_5003500,Major facilitator superfamily domain containing protein,cgd5_3500,direct_name,
CP141122.1,mRNA,1058882,1059698,+,mRNA,cpbgf_5003510,GrpE nucleotide exchange factor,cgd5_3510,direct_name,
CP141122.1,mRNA,1059677,1060270,+,mRNA,cpbgf_5003520,Chaperone/DNAj domain containing protein,cgd5_3520,direct_name,
CP141122.1,mRNA,1060430,1060960,+,mRNA,cpbgf_5003530,DnaJ domain containing protein,cgd5_3530,direct_name,
CP141122.1,mRNA,1061301,1061815,-,mRNA,cpbgf_5003533,hypothetical protein,cgd5_3533,direct_name,
CP141122.1,mRNA,1061917,1064124,+,mRNA,cpbgf_5003540,Transcription factor TFIIB with cyclin-like domain,cgd5_3540,direct_name,
CP141122.1,mRNA,1064265,1065874,+,mRNA,cpbgf_5003550,Glycolipid transfer protein (GLTP),cgd5_3550,direct_name,
CP141122.1,mRNA,1065035,1067512,-,mRNA,cpbgf_5003560,SAM-dependent methyltransferase RsmB/NOP2-type,cgd5_3560,direct_name,
CP141122.1,mRNA,1067583,1072697,+,mRNA,cpbgf_5003570,Secreted GGC gene family protein,cgd5_3570,direct_name,
CP141122.1,lnc_RNA,1067819,1071415,-,ncRNA,cpbgf_5003575,lncRNA,None,None,
CP141122.1,mRNA,1072912,1074263,-,mRNA,cpbgf_5003580,SbmA/BacA-like family (ABC transporter),cgd5_3580,direct_name,
CP141122.1,mRNA,1074299,1075719,+,mRNA,cpbgf_5003590,SbmA/BacA-like family (ABC transporter),cgd5_3590,direct_name,
CP141122.1,mRNA,1076182,1077555,+,mRNA,cpbgf_5003600,putative Secreted Protein (FLGN gene family),cgd5_3600,direct_name,
CP141122.1,lnc_RNA,1077695,1079599,-,ncRNA,cpbgf_5003601,lncRNA,None,None,
CP141122.1,mRNA,1079703,1083832,+,mRNA,cpbgf_5003603,Uncharacterized protein,cgd5_3603,direct_name,
CP141123.1,lnc_RNA,666,1941,+,ncRNA,cpbgf_6003,lncRNA,None,None,
CP141123.1,lnc_RNA,1744,2438,-,ncRNA,cpbgf_6005,lncRNA,None,None,
CP141123.1,mRNA,4657,5865,-,mRNA,cpbgf_60010,Uncharacterized protein,cgd6_10,direct_name,
CP141123.1,lnc_RNA,5209,7494,+,ncRNA,cpbgf_60015,lncRNA,None,None,
CP141123.1,mRNA,8373,9695,-,mRNA,cpbgf_60020,IMP dehydrogenase/GMP reductase,cgd6_20,direct_name,
CP141123.1,lnc_RNA,9970,11405,+,ncRNA,cpbgf_60025,lncRNA,None,None,
CP141123.1,mRNA,10589,11610,-,mRNA,cpbgf_60030,Uncharacterized protein,cgd6_30,direct_name,
CP141123.1,mRNA,11997,12826,-,mRNA,cpbgf_60040,Uncharacterized protein,cgd6_40,direct_name,
CP141123.1,lnc_RNA,13077,13966,+,ncRNA,cpbgf_60045,lncRNA,None,None,
CP141123.1,mRNA,13144,15466,-,mRNA,cpbgf_60050,Uncharacterized protein,cgd6_50,direct_name,
CP141123.1,mRNA,16800,22404,+,mRNA,cpbgf_60060,Uncharacterized protein,cgd6_60,direct_name,
CP141123.1,lnc_RNA,19342,22263,-,ncRNA,cpbgf_60065,lncRNA,None,None,
CP141123.1,mRNA,22297,23938,-,mRNA,cpbgf_60070,CAAX prenyl protease 1,cgd6_70,direct_name,
CP141123.1,lnc_RNA,24003,25697,+,ncRNA,cpbgf_60075,lncRNA,None,None,
CP141123.1,mRNA,24027,25607,-,mRNA,cpbgf_60080,Histone deacetylase,cgd6_80,direct_name,
CP141123.1,mRNA,25890,28559,-,mRNA,cpbgf_60090,Mechanosensitive ion channel,cgd6_90,direct_name,
CP141123.1,mRNA,28656,29994,+,mRNA,cpbgf_600100,Leucine-rich repeat protein,cgd6_100,direct_name,
CP141123.1,mRNA,30039,30943,-,mRNA,cpbgf_600110,Malectin,cgd6_110,direct_name,
CP141123.1,mRNA,31409,33231,+,mRNA,cpbgf_600120,Disulfide-isomerase%2Csignal peptide plus ER retention motif,cgd6_120,direct_name,
CP141123.1,lnc_RNA,31534,33122,-,ncRNA,cpbgf_600125,lncRNA,None,None,
CP141123.1,mRNA,33208,36490,-,mRNA,cpbgf_600130,Cation/H+ exchanger (CPA1),cgd6_130,direct_name,
CP141123.1,mRNA,37004,40092,+,mRNA,cpbgf_600140,Cation/H+ exchanger (CPA1),cgd6_140,direct_name,
CP141123.1,mRNA,40222,41590,+,mRNA,cpbgf_600150,Uncharacterized protein,cgd6_150,direct_name,
CP141123.1,lnc_RNA,41432,41760,-,ncRNA,cpbgf_600155,lncRNA,None,None,
CP141123.1,mRNA,41881,44168,+,mRNA,cpbgf_600160,Uncharacterized protein,cgd6_160,direct_name,
CP141123.1,mRNA,44311,45362,-,mRNA,cpbgf_600170,Synaptobrevin-like protein,cgd6_170,direct_name,
CP141123.1,mRNA,45549,47221,-,mRNA,cpbgf_600180,Transcription factor IIA beta-barrel,cgd6_180,direct_name,
CP141123.1,mRNA,48133,50012,+,mRNA,cpbgf_600190,Pleckstrin homology domain containing protein,cgd6_190,direct_name,
CP141123.1,mRNA,50207,51790,-,mRNA,cpbgf_600200,Oocyst wall protein 8,cgd6_200,direct_name,
CP141123.1,mRNA,52216,55767,-,mRNA,cpbgf_600210,Oocyst wall protein 9,cgd6_210,direct_name,
CP141123.1,mRNA,55975,57011,-,mRNA,cpbgf_600220,Spp2/MOS2%2CG-patch domain containing protein,cgd6_220,direct_name,
CP141123.1,mRNA,57100,58575,+,mRNA,cpbgf_600230,Atg6/Beclin,cgd6_230,direct_name,
CP141123.1,mRNA,58855,62246,-,mRNA,cpbgf_600240,DNA replication licensing factor MCM6-like AAA Atpase,cgd6_240,direct_name,
CP141123.1,mRNA,62620,63937,+,mRNA,cpbgf_600250,TatD family protein,cgd6_250,direct_name,
CP141123.1,mRNA,64248,65751,+,mRNA,cpbgf_600260,Diacylglycerol acyltransferase,cgd6_260,direct_name,
CP141123.1,mRNA,65865,70060,-,mRNA,cpbgf_600273,Coatomer beta subunit,cgd6_273,direct_name,
CP141123.1,mRNA,70558,72411,-,mRNA,cpbgf_600290,Uncharacterized protein,cgd6_290,direct_name,
CP141123.1,mRNA,72818,74408,-,mRNA,cpbgf_600300,Uncharacterized protein,cgd6_300,direct_name,
CP141123.1,mRNA,74787,76890,+,mRNA,cpbgf_600310,Uncharacterized protein,cgd6_310,direct_name,
CP141123.1,lnc_RNA,76222,76879,-,ncRNA,cpbgf_600311,lncRNA,None,None,
CP141123.1,mRNA,77179,78439,+,mRNA,cpbgf_600313,Uncharacterized protein,cgd6_313,direct_name,
CP141123.1,mRNA,78963,81924,+,mRNA,cpbgf_600320,Magnesium transporter NIPA,cgd6_320,direct_name,
CP141123.1,mRNA,81579,83240,-,mRNA,cpbgf_600330,PH domain containing protein,cgd6_330,direct_name,
CP141123.1,lnc_RNA,83448,84017,-,ncRNA,cpbgf_600335,lncRNA,None,None,
CP141123.1,mRNA,83470,84229,+,mRNA,cpbgf_600340,Uncharacterized protein,cgd6_340,direct_name,
CP141123.1,mRNA,84313,85572,-,mRNA,cpbgf_600360,WD40/YVTN repeat protein,cgd6_360,direct_name,
CP141123.1,mRNA,86392,87105,-,mRNA,cpbgf_600380,Golgi apparatus membrane protein TVP15,cgd6_380,direct_name,
CP141123.1,mRNA,87324,90098,-,mRNA,cpbgf_600390,Uncharacterized protein,cgd6_390,direct_name,
CP141123.1,mRNA,90657,92108,-,mRNA,cpbgf_600400,Pre-mRNA polyadenylation factor,cgd6_400,direct_name,
CP141123.1,mRNA,92580,94321,+,mRNA,cpbgf_600410,Sgn1p-like RRM domain containing protein,cgd6_410,direct_name,
CP141123.1,mRNA,94867,96000,-,mRNA,cpbgf_600420,Uncharacterized protein,cgd6_420,direct_name,
CP141123.1,mRNA,96884,97419,+,mRNA,cpbgf_600430,Uncharacterized protein,cgd6_430,direct_name,
CP141123.1,lnc_RNA,97117,98983,-,ncRNA,cpbgf_600435,lncRNA,None,None,
CP141123.1,mRNA,97551,99151,+,mRNA,cpbgf_600440,PP2Cc like protein phosphatase,cgd6_440,direct_name,
CP141123.1,mRNA,99187,101405,-,mRNA,cpbgf_600460,Uncharacterized protein,cgd6_460,direct_name,
CP141123.1,mRNA,101629,103212,-,mRNA,cpbgf_600470,Acetyl-coenzyme A transporter 1,cgd6_470,direct_name,
CP141123.1,lnc_RNA,101988,103314,+,ncRNA,cpbgf_600475,lncRNA,None,None,
CP141123.1,mRNA,103872,105098,+,mRNA,cpbgf_600480,Uncharacterized protein,cgd6_480,direct_name,
CP141123.1,mRNA,105190,107004,-,mRNA,cpbgf_600490,Zinc ZIP transporter protein,cgd6_490,direct_name,
CP141123.1,mRNA,108508,114410,+,mRNA,cpbgf_600500,Phosphodiesterase,cgd6_500,direct_name,
CP141123.1,mRNA,114307,115560,-,mRNA,cpbgf_600510,Synaptobrevin/VAMP-like protein,cgd6_510,direct_name,
CP141123.1,lnc_RNA,116589,117647,-,ncRNA,cpbgf_600515,lncRNA,None,None,
CP141123.1,mRNA,117119,120448,+,mRNA,cpbgf_600520,Serine/threonine-protein kinase,cgd6_520,direct_name,
CP141123.1,mRNA,120556,122982,-,mRNA,cpbgf_600530,Uncharacterized Protein,cgd6_530,direct_name,
CP141123.1,mRNA,123103,125977,-,mRNA,cpbgf_600540,Serine/threonine-protein kinase,cgd6_540,direct_name,
CP141123.1,mRNA,126746,128386,+,mRNA,cpbgf_600550,Pch2p like AAA ATpase,cgd6_550,direct_name,
CP141123.1,mRNA,128759,132014,+,mRNA,cpbgf_600560,Alanyl-tRNA synthetase,cgd6_560,direct_name,
CP141123.1,mRNA,132197,133013,-,mRNA,cpbgf_600570,60S ribosomal protein L23,cgd6_570,direct_name,
CP141123.1,mRNA,134084,137720,+,mRNA,cpbgf_600580,CPFS2 Metallo-beta-lactamase,cgd6_580,direct_name,
CP141123.1,mRNA,137928,141960,+,mRNA,cpbgf_600590,Vacuolar membrane-associated protein Iml1,cgd6_590,direct_name,
CP141123.1,mRNA,142710,143746,+,mRNA,cpbgf_600600,Uncharacterized protein,cgd6_600,direct_name,
CP141123.1,mRNA,143681,145943,-,mRNA,cpbgf_600610,ATP synthase subunit alpha,cgd6_610,direct_name,
CP141123.1,lnc_RNA,144676,145527,+,ncRNA,cpbgf_600615,lncRNA,None,None,
CP141123.1,mRNA,146113,147512,-,mRNA,cpbgf_600620,Casein kinase II,cgd6_620,direct_name,
CP141123.1,lnc_RNA,146282,146805,+,ncRNA,cpbgf_600625,lncRNA,None,None,
CP141123.1,mRNA,148548,149618,+,mRNA,cpbgf_600630,Vesicle transport protein,cgd6_630,direct_name,
CP141123.1,mRNA,149361,152105,-,mRNA,cpbgf_600640,Uncharacterized protein,cgd6_640,direct_name,
CP141123.1,mRNA,152684,155389,-,mRNA,cpbgf_600650,Non-specific serine/threonine protein kinase,cgd6_650,direct_name,
CP141123.1,mRNA,156273,158219,+,mRNA,cpbgf_600660,Secreted pepsinogen like aspartyl protease,cgd6_660,direct_name,
CP141123.1,mRNA,158281,163104,-,mRNA,cpbgf_600670,Aspartic acid and asparagine hydroxylation/Peptidase C11%2Cclostripain domain contining protein,cgd6_670,direct_name,
CP141123.1,mRNA,163515,168680,+,mRNA,cpbgf_600680,C2 domain containing protein,cgd6_680,direct_name,
CP141123.1,lnc_RNA,165355,165795,-,ncRNA,cpbgf_600685,lncRNA,None,None,
CP141123.1,mRNA,168891,169949,-,mRNA,cpbgf_600690,Ribonucleotide reductase small subunit,cgd6_690,direct_name,
CP141123.1,mRNA,170770,172003,+,mRNA,cpbgf_600700,Ribonucleotide reductase small subunit,cgd6_700,direct_name,
CP141123.1,mRNA,172287,174072,-,mRNA,cpbgf_600710,putative Secreted Protein,cgd6_710,direct_name,
CP141123.1,mRNA,176228,179494,+,mRNA,cpbgf_600720,P-type ATPase A domain containing protein,cgd6_720,direct_name,
CP141123.1,lnc_RNA,176801,178000,-,ncRNA,cpbgf_600725,lncRNA,None,None,
CP141123.1,mRNA,179619,185484,-,mRNA,cpbgf_600730,Condensin subunit 1/Condensin-2 complex subunit D3,cgd6_730,direct_name,
CP141123.1,mRNA,186583,187926,+,mRNA,cpbgf_600740,Uncharacterized protein,cgd6_740,direct_name,
CP141123.1,mRNA,188370,189392,+,mRNA,cpbgf_600750,Protein phosphatase-1 regulatory subunit 7 alpha2,cgd6_750,direct_name,
CP141123.1,mRNA,189750,192722,-,mRNA,cpbgf_600760,Peptidase S54 rhomboid,cgd6_760,direct_name,
CP141123.1,mRNA,193684,194446,-,mRNA,cpbgf_600763,Anaphase-promoting complex APC subunit CDC26,cgd6_763,direct_name,
CP141123.1,mRNA,194586,195712,-,mRNA,cpbgf_600770,Uncharacterized protein,cgd6_770,direct_name,
CP141123.1,lnc_RNA,194590,195572,+,ncRNA,cpbgf_600775,lncRNA,None,None,
CP141123.1,mRNA,196177,198267,-,mRNA,cpbgf_600780,Thrombospondin type-1 (TSP1) repeat/EGF-like domain containing protein,cgd6_780,direct_name,
CP141123.1,lnc_RNA,196293,196541,+,ncRNA,cpbgf_600783,lncRNA,None,None,
CP141123.1,lnc_RNA,197256,198182,+,ncRNA,cpbgf_600785,lncRNA,None,None,
CP141123.1,lnc_RNA,198387,200429,-,ncRNA,cpbgf_600787,lncRNA,None,None,
CP141123.1,mRNA,198854,200336,+,mRNA,cpbgf_600800,Thrombospondin type-1 (TSP1) repeat/EGF-like domain containing protein,cgd6_800,direct_name,
CP141123.1,mRNA,200547,202142,+,mRNA,cpbgf_600810,BRCT/SMAD/FHA containing protein,cgd6_810,direct_name,
CP141123.1,mRNA,202735,203649,+,mRNA,cpbgf_600820,putative Secreted Protein,cgd6_820,direct_name,
CP141123.1,mRNA,203879,213954,-,mRNA,cpbgf_600830,Pleckstrin homology domain containing protein,cgd6_830,direct_name,
CP141123.1,mRNA,214150,215743,+,mRNA,cpbgf_600840,Peptidase A22B%2Csignal peptide peptidase,cgd6_840,direct_name,
CP141123.1,lnc_RNA,214340,215778,-,ncRNA,cpbgf_600845,lncRNA,None,None,
CP141123.1,mRNA,216022,217581,+,mRNA,cpbgf_600850,Thioredoxin,cgd6_850,direct_name,
CP141123.1,lnc_RNA,216364,218882,-,ncRNA,cpbgf_600855,lncRNA,None,None,
CP141123.1,mRNA,217455,218592,+,mRNA,cpbgf_600860,Uncharacterized protein,cgd6_860,direct_name,
CP141123.1,lnc_RNA,219081,220245,-,ncRNA,cpbgf_600865,lncRNA,None,None,
CP141123.1,mRNA,219196,220089,+,mRNA,cpbgf_600870,Uncharacterized protein,cgd6_870,direct_name,
CP141123.1,lnc_RNA,220331,221410,-,ncRNA,cpbgf_600871,lncRNA,None,None,
CP141123.1,snRNA,220344,220525,-,ncRNA,cpbgf_600872,snRNA,None,None,
CP141123.1,snRNA,220748,221107,-,ncRNA,cpbgf_600873,snRNA,None,None,
CP141123.1,tRNA,221494,221603,-,tRNA,cpbgf_600874,tRNA-Val,None,None,
CP141123.1,lnc_RNA,221640,222114,+,ncRNA,cpbgf_600875,lncRNA,None,None,
CP141123.1,lnc_RNA,221644,222104,-,ncRNA,cpbgf_600876,lncRNA,None,None,
CP141123.1,mRNA,222543,228583,+,mRNA,cpbgf_600880,Gdb1p glycogen debranching enzyme,cgd6_880,direct_name,
CP141123.1,lnc_RNA,227463,228593,-,ncRNA,cpbgf_600885,lncRNA,None,None,
CP141123.1,mRNA,228749,229790,+,mRNA,cpbgf_600890,Uncharacterized protein,cgd6_890,direct_name,
CP141123.1,mRNA,229565,232134,-,mRNA,cpbgf_600900,Peptidase C78%2Cubiquitin fold modifier-specific peptidase 1/ 2,cgd6_900,direct_name,
CP141123.1,mRNA,232521,232925,-,mRNA,cpbgf_600910,Sec20,cgd6_910,direct_name,
CP141123.1,mRNA,233091,234891,+,mRNA,cpbgf_600920,26s protease regulatory subunit P45,cgd6_920,direct_name,
CP141123.1,mRNA,235451,236872,-,mRNA,cpbgf_600930,rRNA adenine N(6)-methyltransferase,cgd6_930,direct_name,
CP141123.1,mRNA,237034,238994,+,mRNA,cpbgf_600940,Pescadillo-like protein,cgd6_940,direct_name,
CP141123.1,mRNA,239134,241113,+,mRNA,cpbgf_600950,CRAL-TRIO lipid biding/Sec14d domain containing protein,cgd6_950,direct_name,
CP141123.1,lnc_RNA,239766,240948,-,ncRNA,cpbgf_600955,lncRNA,None,None,
CP141123.1,mRNA,241509,243887,-,mRNA,cpbgf_600960,Cysteinyl-tRNA synthetase,cgd6_960,direct_name,
CP141123.1,snRNA,242151,242471,-,ncRNA,cpbgf_600965,snRNA,None,None,
CP141123.1,mRNA,244073,245721,+,mRNA,cpbgf_600970,Serine/threonine-protein kinase,cgd6_970,direct_name,
CP141123.1,mRNA,245026,247132,-,mRNA,cpbgf_600980,SET domain containing protein,cgd6_980,direct_name,
CP141123.1,mRNA,247507,248352,+,mRNA,cpbgf_600990,U1 snrp70 RRM domain containing protein,cgd6_990,direct_name,
CP141123.1,mRNA,248876,249847,+,mRNA,cpbgf_6001000,Uncharacterized protein,cgd6_1000,direct_name,
CP141123.1,lnc_RNA,250015,252573,+,ncRNA,cpbgf_6001005,lncRNA,None,None,
CP141123.1,mRNA,250059,252206,-,mRNA,cpbgf_6001010,PP2C like protein phosphatase,cgd6_1010,direct_name,
CP141123.1,mRNA,253190,254209,+,mRNA,cpbgf_6001020,Translation initiation factor if-4E,cgd6_1020,direct_name,
CP141123.1,mRNA,254263,256781,-,mRNA,cpbgf_6001030,Uncharacterized protein,cgd6_1030,direct_name,
CP141123.1,mRNA,256573,257821,-,mRNA,cpbgf_6001040,RNAse P Rpr2/Rpp21 subunit domain containing protein,cgd6_1040,direct_name,
CP141123.1,mRNA,258160,259505,+,mRNA,cpbgf_6001050,Iron-sulfur cluster assembly protein,cgd6_1050,direct_name,
CP141123.1,mRNA,259889,261565,-,mRNA,cpbgf_6001060,Protein with spectrin repeats%2CCG12008-like,cgd6_1060,direct_name,
CP141123.1,mRNA,262708,263425,+,mRNA,cpbgf_6001070,Uncharacterized protein,cgd6_1070,direct_name,
CP141123.1,mRNA,263458,264869,-,mRNA,cpbgf_6001080,Glycoprotein GP40,cgd6_1080,direct_name,
CP141123.1,lnc_RNA,265938,267998,+,ncRNA,cpbgf_6001081,lncRNA,None,None,
CP141123.1,mRNA,266610,266867,-,mRNA,cpbgf_6001083,Uncharacterized protein,cgd6_1083,direct_name,
CP141123.1,mRNA,267321,268430,-,mRNA,cpbgf_6001090,DnaJ domain containing protein,cgd6_1090,direct_name,
CP141123.1,mRNA,268909,270763,+,mRNA,cpbgf_6001100,putative Secreted Protein,cgd6_1100,direct_name,
CP141123.1,mRNA,270942,272318,-,mRNA,cpbgf_6001110,putative Secreted Protein,cgd6_1110,direct_name,
CP141123.1,mRNA,273183,275767,+,mRNA,cpbgf_6001120,Uncharacterized protein,cgd6_1120,direct_name,
CP141123.1,tRNA,275834,275931,+,tRNA,cpbgf_6001125,tRNA-Leu,None,None,
CP141123.1,mRNA,276044,277870,-,mRNA,cpbgf_6001130,Uncharacterized protein,cgd6_1130,direct_name,
CP141123.1,mRNA,278031,280783,-,mRNA,cpbgf_6001140,AP2/ERF domain containing protein,cgd6_1140,direct_name,
CP141123.1,mRNA,280835,282354,+,mRNA,cpbgf_6001150,Uncharacterized protein,cgd6_1150,direct_name,
CP141123.1,lnc_RNA,282093,284478,+,ncRNA,cpbgf_6001155,lncRNA,None,None,
CP141123.1,mRNA,282410,284813,-,mRNA,cpbgf_6001160,Uncharacterized protein,cgd6_1160,direct_name,
CP141123.1,mRNA,284986,286310,-,mRNA,cpbgf_6001170,Uncharacterized protein,cgd6_1170,direct_name,
CP141123.1,mRNA,286407,293803,+,mRNA,cpbgf_6001180,putative Secreted Protein,cgd6_1180,direct_name,
CP141123.1,mRNA,294048,294791,+,mRNA,cpbgf_6001190,DNAJ protein-like,cgd6_1190,direct_name,
CP141123.1,mRNA,294841,295756,+,mRNA,cpbgf_6001200,Diphthine synthase,cgd6_1200,direct_name,
CP141123.1,mRNA,295501,296495,-,mRNA,cpbgf_6001210,Alpha-N-methyltransferase NTM1,cgd6_1210,direct_name,
CP141123.1,mRNA,296558,297375,-,mRNA,cpbgf_6001220,Uncharacterized protein,cgd6_1220,direct_name,
CP141123.1,mRNA,297629,299010,+,mRNA,cpbgf_6001230,GTpase Grc3p-like Pre-mRNA cleavage complex,cgd6_1230,direct_name,
CP141123.1,mRNA,299025,299492,-,mRNA,cpbgf_6001240,Uncharacterized protein,cgd6_1240,direct_name,
CP141123.1,mRNA,299808,301409,+,mRNA,cpbgf_6001250,Armadillo-like helical protein,cgd6_1250,direct_name,
CP141123.1,mRNA,301530,305990,+,mRNA,cpbgf_6001260,Uncharacterized protein,cgd6_1260,direct_name,
CP141123.1,mRNA,306022,307782,-,mRNA,cpbgf_6001270,Phospholipid/glycerol acyltransferase,cgd6_1270,direct_name,
CP141123.1,lnc_RNA,307904,308334,+,ncRNA,cpbgf_6001275,lncRNA,None,None,
CP141123.1,mRNA,308010,312674,-,mRNA,cpbgf_6001280,Uncharacterized protein,cgd6_1280,direct_name,
CP141123.1,lnc_RNA,308445,308967,+,ncRNA,cpbgf_6001285,lncRNA,None,None,
CP141123.1,mRNA,312843,313702,+,mRNA,cpbgf_6001290,Zinc finger%2CRING/FYVE/PHD-type domain containing protein,cgd6_1290,direct_name,
CP141123.1,lnc_RNA,312891,315052,-,ncRNA,cpbgf_6001295,lncRNA,None,None,
CP141123.1,mRNA,313748,314932,+,mRNA,cpbgf_6001300,Thrombospondin type-1 (TSP1) repeat protein,cgd6_1300,direct_name,
CP141123.1,mRNA,315314,316612,+,mRNA,cpbgf_6001310,HAD-like domain containing protein,cgd6_1310,direct_name,
CP141123.1,mRNA,316628,317597,-,mRNA,cpbgf_6001320,Uncharacterized protein,cgd6_1320,direct_name,
CP141123.1,lnc_RNA,317644,319251,+,ncRNA,cpbgf_6001325,lncRNA,None,None,
CP141123.1,mRNA,317680,319259,-,mRNA,cpbgf_6001330,CCCH-type Zinc finger protein,cgd6_1330,direct_name,
CP141123.1,mRNA,319486,323164,-,mRNA,cpbgf_6001340,Calycin/START domain containing protein,cgd6_1340,direct_name,
CP141123.1,mRNA,323636,325363,+,mRNA,cpbgf_6001350,Uncharacterized protein,cgd6_1350,direct_name,
CP141123.1,lnc_RNA,325678,326301,-,ncRNA,cpbgf_6001361,lncRNA,None,None,
CP141123.1,mRNA,325689,326570,+,mRNA,cpbgf_6001363,hypothetical protein,cgd6_1363,direct_name,
CP141123.1,mRNA,326037,327976,-,mRNA,cpbgf_6001370,Hus1-like/Mec3 mitotic and DNA damage checkpoint protein,cgd6_1370,direct_name,
CP141123.1,mRNA,328305,329758,+,mRNA,cpbgf_6001380,Histone deacetylase,cgd6_1380,direct_name,
CP141123.1,mRNA,329755,330505,-,mRNA,cpbgf_6001390,Ribosomal protein S23,cgd6_1390,direct_name,
CP141123.1,mRNA,330609,331298,+,mRNA,cpbgf_6001400,Uncharacterized protein,cgd6_1400,direct_name,
CP141123.1,lnc_RNA,331184,336873,-,ncRNA,cpbgf_6001405,lncRNA,None,None,
CP141123.1,mRNA,331297,334686,+,mRNA,cpbgf_6001410,Pre-mRNA splicing factor ATP-dependent RNA helicase%2Cputative,cgd6_1410,direct_name,
CP141123.1,snRNA,332816,332992,+,ncRNA,cpbgf_6001415,snRNA,None,None,
CP141123.1,mRNA,334697,336807,+,mRNA,cpbgf_6001420,Cdc2-related protein kinase%2Cputative,cgd6_1420,direct_name,
CP141123.1,lnc_RNA,337208,338634,-,ncRNA,cpbgf_6001425,lncRNA,None,None,
CP141123.1,mRNA,337271,339676,+,mRNA,cpbgf_6001430,Transcription factor E2F/DP,cgd6_1430,direct_name,
CP141123.1,mRNA,339763,340794,-,mRNA,cpbgf_6001433,Uncharacterized protein,cgd6_1433,direct_name,
CP141123.1,mRNA,341225,343479,+,mRNA,cpbgf_6001440,Uncharacterized protein,cgd6_1440,direct_name,
CP141123.1,mRNA,343609,346200,+,mRNA,cpbgf_6001450,Polysaccharide pyruvyl transferase with Fringe-like domain,cgd6_1450,direct_name,
CP141123.1,mRNA,345712,347314,-,mRNA,cpbgf_6001460,CRAL-TRIO lipid biding/Sec14d domain containing protein,cgd6_1460,direct_name,
CP141123.1,mRNA,347460,350301,-,mRNA,cpbgf_6001470,SET/Zinc finger%2CRING/FYVE/PHD-type domain containing protein,cgd6_1470,direct_name,
CP141123.1,mRNA,350331,352313,+,mRNA,cpbgf_6001480,Uncharacterized protein,cgd6_1480,direct_name,
CP141123.1,mRNA,352317,353030,+,mRNA,cpbgf_6001490,Calcium load-activated calcium channel,cgd6_1490,direct_name,
CP141123.1,mRNA,352983,354114,-,mRNA,cpbgf_6001500,Cytochrome Oxidase subunit III,cgd6_1500,direct_name,
CP141123.1,mRNA,354835,357020,+,mRNA,cpbgf_6001510,Uncharacterized protein,cgd6_1510,direct_name,
CP141123.1,mRNA,357010,358806,+,mRNA,cpbgf_6001520,2-methylthioadenine synthetase MiaB,cgd6_1520,direct_name,
CP141123.1,mRNA,358674,361088,-,mRNA,cpbgf_6001530,DNA repair protein Rad4,cgd6_1530,direct_name,
CP141123.1,lnc_RNA,361149,362162,+,ncRNA,cpbgf_6001535,lncRNA,None,None,
CP141123.1,mRNA,361290,362408,-,mRNA,cpbgf_6001540,Histone RNA hairpin-binding protein,cgd6_1540,direct_name,
CP141123.1,mRNA,362781,363362,-,mRNA,cpbgf_6001550,Chromatin modification-related protein Eaf6,cgd6_1550,direct_name,
CP141123.1,mRNA,363443,364431,+,mRNA,cpbgf_6001560,CWC16 protein,cgd6_1560,direct_name,
CP141123.1,mRNA,366009,367046,+,mRNA,cpbgf_6001570,Apyrase,cgd6_1570,direct_name,
CP141123.1,mRNA,366989,369035,-,mRNA,cpbgf_6001580,Exonuclease 1/PIN/XPG/Rad2 endonuclease domain containing protein,cgd6_1580,direct_name,
CP141123.1,mRNA,369006,372952,+,mRNA,cpbgf_6001590,Ataxin-2 C-terminal/MIF4G domain containing protein,cgd6_1590,direct_name,
CP141123.1,mRNA,373210,373518,+,mRNA,cpbgf_6001600,Microfibril-associated/Pre-mRNA processing-telated protein,cgd6_1600,direct_name,
CP141123.1,mRNA,374830,376501,+,mRNA,cpbgf_6001610,Uncharacterized protein,cgd6_1610,direct_name,
CP141123.1,mRNA,376258,377999,-,mRNA,cpbgf_6001620,Uncharacterized protein,cgd6_1620,direct_name,
CP141123.1,mRNA,378108,378901,-,mRNA,cpbgf_6001623,Uncharacterized protein,cgd6_1623,direct_name,
CP141123.1,mRNA,379203,379885,+,mRNA,cpbgf_6001630,CS domain containing protein,cgd6_1630,direct_name,
CP141123.1,mRNA,380430,381533,-,mRNA,cpbgf_6001640,Uncharacterized protein,cgd6_1640,direct_name,
CP141123.1,mRNA,381592,382470,-,mRNA,cpbgf_6001650,Signal recognition particle receptor beta subunit,cgd6_1650,direct_name,
CP141123.1,mRNA,382554,386558,+,mRNA,cpbgf_6001660,Thrombospondin type-1 (TSP1) repeat protein,cgd6_1660,direct_name,
CP141123.1,mRNA,385832,387567,-,mRNA,cpbgf_6001670,GTP1/OBG GTP-binding protein,cgd6_1670,direct_name,
CP141123.1,mRNA,387559,389156,+,mRNA,cpbgf_6001690,Splicing factor U2AF U2 snRNP auxiliary factor large subunit/RRM domain containing protein,cgd6_1690,direct_name,
CP141123.1,mRNA,389061,392172,-,mRNA,cpbgf_6001700,Uncharacterized protein,cgd6_1700,direct_name,
CP141123.1,mRNA,391839,392568,+,mRNA,cpbgf_6001710,Nuclear cap-binding protein subunit 2,cgd6_1710,direct_name,
CP141123.1,mRNA,392542,394299,-,mRNA,cpbgf_6001716,Zinc finger%2CMcm10/DnaG-type containing protein,cgd6_1710,no_direct_name,
CP141123.1,mRNA,394518,395531,+,mRNA,cpbgf_6001720,Uncharacterized protein,cgd6_1720,direct_name,
CP141123.1,mRNA,395056,412978,-,mRNA,cpbgf_6001730,FAT/phospatidylinositol 3-4 kinase/Transcription-associated protein 1,cgd6_1730,direct_name,
CP141123.1,mRNA,395531,396322,+,mRNA,cpbgf_6001740,Cleavage and polyadenylation specificity factor 4-like 3x Zn C3H1 domains,cgd6_1740,direct_name,
CP141123.1,mRNA,413183,414210,-,mRNA,cpbgf_6001750,Rab geranylgeranyl transferase beta / prenyltransferase alpha/alpha toroid fold containing protein,cgd6_1750,direct_name,
CP141123.1,mRNA,414203,417170,-,mRNA,cpbgf_6001760,Phosphatidylinositol 3-/4-kinase,cgd6_1760,direct_name,
CP141123.1,mRNA,417207,419498,+,mRNA,cpbgf_6001770,Arsenite-resistance protein 2,cgd6_1770,direct_name,
CP141123.1,mRNA,419254,421227,-,mRNA,cpbgf_6001780,CG6539/Dhh1-like SF II RNA helicase,cgd6_1780,direct_name,
CP141123.1,mRNA,421280,424159,-,mRNA,cpbgf_6001790,Armadillo-like helical protein,cgd6_1790,direct_name,
CP141123.1,lnc_RNA,421282,422435,+,ncRNA,cpbgf_6001795,lncRNA,None,None,
CP141123.1,mRNA,424256,425023,+,mRNA,cpbgf_6001800,Acetyltransferase%2CGNAT family,cgd6_1800,direct_name,
CP141123.1,mRNA,425132,425806,+,mRNA,cpbgf_6001810,Uncharacterized protein,cgd6_1810,direct_name,
CP141123.1,mRNA,425817,426737,-,mRNA,cpbgf_6001820,Ribosomal L28/Mak16,cgd6_1820,direct_name,
CP141123.1,mRNA,426793,428511,+,mRNA,cpbgf_6001840,HT-1080/Cdc123p-like protein,cgd6_1840,direct_name,
CP141123.1,mRNA,428188,431634,-,mRNA,cpbgf_6001846,CBS/Cyclin M2-like membrane-associated protein,cgd6_1840,no_direct_name,
CP141123.1,mRNA,430202,431249,+,mRNA,cpbgf_6001850,Anaphase-promoting complex%2Csubunit 10 (APC10),cgd6_1850,direct_name,
CP141123.1,mRNA,431318,431662,+,mRNA,cpbgf_6001860,Uncharacterized protein,cgd6_1860,direct_name,
CP141123.1,mRNA,431661,432350,+,mRNA,cpbgf_6001870,Signal recognition particle SRP19 subunit,cgd6_1870,direct_name,
CP141123.1,mRNA,432268,433247,-,mRNA,cpbgf_6001880,BCP1 family protein,cgd6_1880,direct_name,
CP141123.1,mRNA,433324,433903,+,mRNA,cpbgf_6001890,Uncharacterized protein,cgd6_1890,direct_name,
CP141123.1,lnc_RNA,433677,434016,-,ncRNA,cpbgf_6001895,lncRNA,None,None,
CP141123.1,mRNA,434138,436533,+,mRNA,cpbgf_6001900,Kinesin motor domain containing protein,cgd6_1900,direct_name,
CP141123.1,mRNA,436424,437112,-,mRNA,cpbgf_6001910,Proteinase inhibitor I42 chagasin,cgd6_1910,direct_name,
CP141123.1,mRNA,437154,439931,-,mRNA,cpbgf_6001920,Kinesin motor domain containing protein,cgd6_1920,direct_name,
CP141123.1,mRNA,440167,441981,+,mRNA,cpbgf_6001930,Uncharacterized protein,cgd6_1930,direct_name,
CP141123.1,mRNA,441925,444946,-,mRNA,cpbgf_6001940,Origin recognition complex subunit 3,cgd6_1940,direct_name,
CP141123.1,mRNA,444979,445556,+,mRNA,cpbgf_6001950,hypothetical protein,cgd6_1950,direct_name,
CP141123.1,mRNA,445693,448469,+,mRNA,cpbgf_6001960,Ribonucleotide reductase,cgd6_1960,direct_name,
CP141123.1,mRNA,448398,451346,+,mRNA,cpbgf_6001964,Glycosyltransferase 2-like,cgd6_1960,no_direct_name,
CP141123.1,lnc_RNA,448930,450983,-,ncRNA,cpbgf_6001965,lncRNA,None,None,
CP141123.1,mRNA,451379,458760,-,mRNA,cpbgf_6001970,Uncharacterized protein,cgd6_1970,direct_name,
CP141123.1,mRNA,458837,460230,+,mRNA,cpbgf_6001980,Uncharacterized protein,cgd6_1980,direct_name,
CP141123.1,mRNA,459351,462568,-,mRNA,cpbgf_6001990,Uncharacterized protein,cgd6_1990,direct_name,
CP141123.1,mRNA,462396,467706,-,mRNA,cpbgf_6002000,Uncharacterized protein,cgd6_2000,direct_name,
CP141123.1,mRNA,467981,469027,+,mRNA,cpbgf_6002010,Ribosomal RNA large subunit methyltransferase F-like,cgd6_2010,direct_name,
CP141123.1,mRNA,468890,474189,-,mRNA,cpbgf_6002020,Oligosaccharyl transferase STT3 protein,cgd6_2040,no_direct_name,
CP141123.1,mRNA,469149,470815,+,mRNA,cpbgf_6002023,Folate-biopterin transporter,cgd8_20230,no_direct_name,
CP141123.1,mRNA,473185,474039,+,mRNA,cpbgf_6002050,AMP-activated protein kinase beta chain,cgd6_2050,direct_name,
CP141123.1,mRNA,474318,482431,+,mRNA,cpbgf_6002060,Cdc39p protein-like C-terminal Not1%2CCCR4-Not complex component Not1,cgd6_2060,direct_name,
CP141123.1,lnc_RNA,475592,479911,-,ncRNA,cpbgf_6002065,lncRNA,None,None,
CP141123.1,mRNA,482398,485688,-,mRNA,cpbgf_6002070,Clathrin/coatomer adaptor N-terminal,cgd6_2070,direct_name,
CP141123.1,mRNA,486268,491331,-,mRNA,cpbgf_6002080,Kem1p-like 5'-3' exonuclease,cgd6_2080,direct_name,
CP141123.1,tRNA,491344,491471,+,tRNA,cpbgf_6002085,tRNA-Leu,None,None,
CP141123.1,mRNA,491461,496521,-,mRNA,cpbgf_6002090,Growth factor receptor cysteine-rich domain containing protein,cgd6_2090,direct_name,
CP141123.1,lnc_RNA,491490,496594,+,ncRNA,cpbgf_6002095,lncRNA,None,None,
CP141123.1,mRNA,496821,502261,+,mRNA,cpbgf_6002100,Uncharacterized protein,cgd6_2100,direct_name,
CP141123.1,mRNA,501537,505218,+,mRNA,cpbgf_6002110,Uncharacterized protein,cgd6_2110,direct_name,
CP141123.1,mRNA,504758,505482,-,mRNA,cpbgf_6002120,Uncharacterized protein,cgd6_2120,direct_name,
CP141123.1,mRNA,505472,506824,-,mRNA,cpbgf_6002130,Ribosomal RNA small subunit methyltransferase E,cgd6_2130,direct_name,
CP141123.1,mRNA,506809,511151,+,mRNA,cpbgf_6002140,Potassium channel domain containing protein,cgd6_2140,direct_name,
CP141123.1,lnc_RNA,507148,511036,-,ncRNA,cpbgf_6002141,lncRNA,None,None,
CP141123.1,mRNA,511286,512806,+,mRNA,cpbgf_6002143,C2 domain containing protein,cgd6_2143,direct_name,
CP141123.1,snRNA,512803,513320,-,ncRNA,cpbgf_6002145,snRNA,None,None,
CP141123.1,mRNA,513183,514225,-,mRNA,cpbgf_6002150,RRM domain containing protein,cgd6_2150,direct_name,
CP141123.1,mRNA,514267,514923,+,mRNA,cpbgf_6002160,Uncharacterized protein,cgd6_2160,direct_name,
CP141123.1,mRNA,514912,515605,-,mRNA,cpbgf_6002170,60S ribosomal protein L5,cgd6_2170,direct_name,
CP141123.1,mRNA,515749,518567,+,mRNA,cpbgf_6002180,GTpase translation initiation factor IF2,cgd6_2180,direct_name,
CP141123.1,mRNA,518653,520009,+,mRNA,cpbgf_6002190,TBC/rab GTP domain containing protein,cgd6_2190,direct_name,
CP141123.1,mRNA,519970,521957,-,mRNA,cpbgf_6002200,Leucine-rich repeat containing protein,cgd6_2200,direct_name,
CP141123.1,lnc_RNA,522004,523422,+,ncRNA,cpbgf_6002205,lncRNA,None,None,
CP141123.1,mRNA,522021,523067,-,mRNA,cpbgf_6002210,putative transmembrane Protein,cgd6_2210,direct_name,
CP141123.1,mRNA,523696,525192,+,mRNA,cpbgf_6002220,putative transmembrane Protein,cgd6_2220,direct_name,
CP141123.1,lnc_RNA,523784,526924,-,ncRNA,cpbgf_6002225,lncRNA,None,None,
CP141123.1,mRNA,525303,526894,+,mRNA,cpbgf_6002230,Diphthamide synthesis DPH1/DPH2,cgd6_2230,direct_name,
CP141123.1,mRNA,527017,531579,+,mRNA,cpbgf_6002240,Zinc finger%2CRING/FYVE/PHD-type domain containing protein,cgd6_2240,direct_name,
CP141123.1,lnc_RNA,528246,530213,-,ncRNA,cpbgf_6002245,lncRNA,None,None,
CP141123.1,mRNA,531624,532820,-,mRNA,cpbgf_6002250,Myb-like DNA-binding domain containing protein,cgd6_2250,direct_name,
CP141123.1,mRNA,533246,535607,+,mRNA,cpbgf_6002260,Hca4p helicase DBP4 (Helicase CA4) EIF4A-1-family RNA SFII helicase,cgd6_2260,direct_name,
CP141123.1,lnc_RNA,535526,537781,-,ncRNA,cpbgf_6002265,lncRNA,None,None,
CP141123.1,mRNA,535606,537862,+,mRNA,cpbgf_6002270,Uncharacterized protein,cgd6_2270,direct_name,
CP141123.1,mRNA,537823,539861,+,mRNA,cpbgf_6002280,Glycosylphosphatidylinositol-mannosyltransferase I,cgd6_2280,direct_name,
CP141123.1,mRNA,539154,540683,-,mRNA,cpbgf_6002290,Sphingomyelinase C,cgd6_2290,direct_name,
CP141123.1,mRNA,541067,547147,+,mRNA,cpbgf_6002300,Anaphase-promoting complex subunit 1,cgd6_2300,direct_name,
CP141123.1,mRNA,547335,548510,+,mRNA,cpbgf_6002310,Signal Peptide Uncharacterized transmembrane Protein,cgd6_2310,direct_name,
CP141123.1,mRNA,548424,553580,-,mRNA,cpbgf_6002320,Bromodomain/HAS/DEXDc/SNF2 domain containing protein,cgd6_2320,direct_name,
CP141123.1,lnc_RNA,553607,555206,+,ncRNA,cpbgf_6002325,lncRNA,None,None,
CP141123.1,mRNA,553795,555002,-,mRNA,cpbgf_6002330,Uncharacterized protein,cgd6_2330,direct_name,
CP141123.1,mRNA,555310,557170,+,mRNA,cpbgf_6002340,Major facilitator superfamily protein,cgd6_2340,direct_name,
CP141123.1,lnc_RNA,556247,556942,-,ncRNA,cpbgf_6002345,lncRNA,None,None,
CP141123.1,mRNA,557155,558425,+,mRNA,cpbgf_6002350,Mitochondrial carrier protein,cgd6_2350,direct_name,
CP141123.1,mRNA,557923,559541,-,mRNA,cpbgf_6002360,Mitochondrial carrier protein,cgd6_2360,direct_name,
CP141123.1,mRNA,559396,561569,+,mRNA,cpbgf_6002370,Sec1-family protein,cgd6_2370,direct_name,
CP141123.1,lnc_RNA,559432,561520,-,ncRNA,cpbgf_6002375,lncRNA,None,None,
CP141123.1,mRNA,561570,563021,+,mRNA,cpbgf_6002380,mRNA capping enzyme,cgd6_2380,direct_name,
CP141123.1,mRNA,562997,565667,-,mRNA,cpbgf_6002390,DNA topoisomerase,cgd6_2390,direct_name,
CP141123.1,lnc_RNA,563681,565611,+,ncRNA,cpbgf_6002395,lncRNA,None,None,
CP141123.1,mRNA,565657,566147,-,mRNA,cpbgf_6002400,PHF5-like protein,cgd6_2400,direct_name,
CP141123.1,mRNA,566176,566514,+,mRNA,cpbgf_6002410,Divalent ion tolerance protein%2CCutA/Nitrogen regulatory protein PII/ATP phosphoribosyltransferase,cgd6_2410,direct_name,
CP141123.1,mRNA,566513,567387,-,mRNA,cpbgf_6002420,Sensitivity To Red Light Reduced-like protein,cgd6_2420,direct_name,
CP141123.1,mRNA,567434,567844,+,mRNA,cpbgf_6002423,Uncharacterized protein,cgd6_2423,direct_name,
CP141123.1,mRNA,567813,568638,-,mRNA,cpbgf_6002430,Nascent polypeptide-associated complex subunit beta,cgd6_2430,direct_name,
CP141123.1,mRNA,568678,569613,-,mRNA,cpbgf_6002440,Uncharacterized protein,cgd6_2440,direct_name,
CP141123.1,lnc_RNA,568747,569552,+,ncRNA,cpbgf_6002445,lncRNA,None,None,
CP141123.1,lnc_RNA,569784,572483,+,ncRNA,cpbgf_6002447,lncRNA,None,None,
CP141123.1,mRNA,569792,572916,-,mRNA,cpbgf_6002450,Glycogen/starch/alpha-glucan phosphorylase,cgd6_2450,direct_name,
CP141123.1,mRNA,573058,573634,+,mRNA,cpbgf_6002460,60s ribosomal protein L21,cgd6_2460,direct_name,
CP141123.1,mRNA,573698,575765,-,mRNA,cpbgf_6002470,Sulfhydryl oxidase,cgd6_2470,direct_name,
CP141123.1,mRNA,575877,577143,+,mRNA,cpbgf_6002480,NOT2/NOT3/NOT5,cgd6_2480,direct_name,
CP141123.1,lnc_RNA,576980,579764,-,ncRNA,cpbgf_6002485,lncRNA,None,None,
CP141123.1,mRNA,577212,579780,+,mRNA,cpbgf_6002490,Ubiquitin-transferase%2Cputative,cgd6_2490,direct_name,
CP141123.1,tRNA,579846,579967,+,tRNA,cpbgf_6002495,tRNA-Ser,None,None,
CP141123.1,mRNA,579971,584664,+,mRNA,cpbgf_6002500,Uncharacterized protein,cgd6_2500,direct_name,
CP141123.1,mRNA,584725,585327,-,mRNA,cpbgf_6002503,Uncharacterized protein,cgd6_2503,direct_name,
CP141123.1,mRNA,585450,587341,-,mRNA,cpbgf_6002520,Ion transport domain containing protein,cgd6_2520,direct_name,
CP141123.1,mRNA,585498,586478,+,mRNA,cpbgf_6002510,Farnesyltransferase,cgd6_2510,direct_name,
CP141123.1,mRNA,587414,588475,+,mRNA,cpbgf_6002540,RNAse P Rpr2/Rpp21 subunit,cgd6_2540,direct_name,
CP141123.1,mRNA,588249,589878,+,mRNA,cpbgf_6002550,tRNA dimethylallyltransferase,cgd6_2550,direct_name,
CP141123.1,mRNA,589511,590972,-,mRNA,cpbgf_6002556,Luc7-related protein,cgd6_2550,no_direct_name,
CP141123.1,mRNA,591365,594942,+,mRNA,cpbgf_6002560,Uncharacterized protein,cgd6_2560,direct_name,
CP141123.1,mRNA,594902,596390,-,mRNA,cpbgf_6002570,MORN domain repeat containing protein,cgd6_2570,direct_name,
CP141123.1,mRNA,596787,599728,+,mRNA,cpbgf_6002580,Uncharacterized protein,cgd6_2580,direct_name,
CP141123.1,mRNA,599711,602169,-,mRNA,cpbgf_6002590,Histone acetyltransferase,cgd6_2590,direct_name,
CP141123.1,mRNA,602417,605079,+,mRNA,cpbgf_6002600,Uncharacterized protein,cgd6_2600,direct_name,
CP141123.1,snRNA,602573,602985,-,ncRNA,cpbgf_6002603,snRNA,None,None,
CP141123.1,snRNA,604230,604711,-,ncRNA,cpbgf_6002605,snRNA,None,None,
CP141123.1,mRNA,604896,606301,-,mRNA,cpbgf_6002610,ERCC1/RAD10/SWI10 family,cgd6_2610,direct_name,
CP141123.1,mRNA,606410,607442,+,mRNA,cpbgf_6002620,Vesicle-associated membrane protein with MSP (Major sperm protein) domain,cgd6_2620,direct_name,
CP141123.1,mRNA,607534,612562,+,mRNA,cpbgf_6002630,hypothetical protein,cgd6_2630,direct_name,
CP141123.1,mRNA,612349,614268,-,mRNA,cpbgf_6002640,hypothetical protein,cgd6_2640,direct_name,
CP141123.1,mRNA,614545,615596,-,mRNA,cpbgf_6002650,DNAJ protein-like,cgd6_2650,direct_name,
CP141123.1,mRNA,615693,619139,+,mRNA,cpbgf_6002660,DNA repair helicase,cgd6_2660,direct_name,
CP141123.1,mRNA,619063,620535,-,mRNA,cpbgf_6002670,Uncharacterized protein,cgd6_2670,direct_name,
CP141123.1,mRNA,620918,623665,-,mRNA,cpbgf_6002680,Uncharacterized protein,cgd6_2680,direct_name,
CP141123.1,mRNA,625313,626325,-,mRNA,cpbgf_6002690,FKBP-like Peptidylprolyl isomerase,cgd6_2690,direct_name,
CP141123.1,lnc_RNA,625331,626494,+,ncRNA,cpbgf_6002695,lncRNA,None,None,
CP141123.1,mRNA,626979,630281,+,mRNA,cpbgf_6002700,Uncharacterized Protein,cgd6_2700,direct_name,
CP141123.1,mRNA,629864,631761,-,mRNA,cpbgf_6002710,Uncharacterized protein,cgd6_2710,direct_name,
CP141123.1,mRNA,631996,633560,-,mRNA,cpbgf_6002720,Uncharacterized protein,cgd6_2720,direct_name,
CP141123.1,mRNA,633634,635169,+,mRNA,cpbgf_6002730,Signal Peptide Uncharacterized transmembrane Protein,cgd6_2730,direct_name,
CP141123.1,mRNA,635314,637312,+,mRNA,cpbgf_6002740,RNA recognition motif domain containing protein,cgd6_2740,direct_name,
CP141123.1,snRNA,636745,637373,-,ncRNA,cpbgf_6002745,snRNA,None,None,
CP141123.1,mRNA,637462,638811,+,mRNA,cpbgf_6002750,OTU-like cysteine protease,cgd6_2750,direct_name,
CP141123.1,mRNA,638548,639871,+,mRNA,cpbgf_6002760,Uncharacterized protein,cgd6_2760,direct_name,
CP141123.1,mRNA,639887,641350,-,mRNA,cpbgf_6002770,Regulator of chromosome condensation 1/beta-lactamase-inhibitor protein II,cgd6_2770,direct_name,
CP141123.1,mRNA,641615,644291,+,mRNA,cpbgf_6002780,Uncharacterized protein,cgd6_2780,direct_name,
CP141123.1,mRNA,644042,646719,-,mRNA,cpbgf_6002790,Kinesin-like protein,cgd6_2790,direct_name,
CP141123.1,mRNA,646980,647441,-,mRNA,cpbgf_6002792,SKP1/BTB/POZ domain containing protein,cgd6_2792,direct_name,
CP141123.1,mRNA,647785,648425,+,mRNA,cpbgf_6002800,Signal recognition particle SRP14 subunit,cgd6_2800,direct_name,
CP141123.1,mRNA,648253,649322,-,mRNA,cpbgf_6002806,Gtr1/RagA G protein,cgd6_2800,no_direct_name,
CP141123.1,mRNA,649439,652309,+,mRNA,cpbgf_6002810,RNA polymerase I specific transcription initiation factor RRN3,cgd6_2810,direct_name,
CP141123.1,mRNA,652387,654572,+,mRNA,cpbgf_6002830,S-adenosyl-L-methionine-dependent methyltransferase,cgd6_2830,direct_name,
CP141123.1,mRNA,654395,655204,-,mRNA,cpbgf_6002836,Pre-mRNA-splicing factor SF3a complex subunit 2 (Prp11),cgd6_2830,no_direct_name,
CP141123.1,mRNA,655268,657408,+,mRNA,cpbgf_6002840,Sucrose-phosphatase-like protein /HAD superfamily hydrolase,cgd6_2840,direct_name,
CP141123.1,mRNA,656400,658286,-,mRNA,cpbgf_6002850,Uncharacterized protein,cgd6_2850,direct_name,
CP141123.1,mRNA,658936,661029,+,mRNA,cpbgf_6002860,Uncharacterized protein,cgd6_2860,direct_name,
CP141123.1,mRNA,660528,662909,+,mRNA,cpbgf_6002870,Uncharacterized protein,cgd6_2870,direct_name,
CP141123.1,mRNA,661680,663452,-,mRNA,cpbgf_6002880,Uncharacterized protein,cgd6_2880,direct_name,
CP141123.1,mRNA,663638,664858,+,mRNA,cpbgf_6002890,Uncharacterized protein,cgd6_2890,direct_name,
CP141123.1,mRNA,664849,666251,-,mRNA,cpbgf_6002910,Exostosin-like protein,cgd6_2910,direct_name,
CP141123.1,mRNA,666645,667728,+,mRNA,cpbgf_6002913,Uncharacterized protein,cgd6_2913,direct_name,
CP141123.1,mRNA,667788,669053,+,mRNA,cpbgf_6002920,Uncharacterized protein,cgd6_2920,direct_name,
CP141123.1,mRNA,668715,673428,-,mRNA,cpbgf_6002930,Stromal antigen (SA/STAG) domain containing protein,cgd6_2930,direct_name,
CP141123.1,mRNA,672967,678067,+,mRNA,cpbgf_6002940,Cullin domain containing protein,cgd6_2940,direct_name,
CP141123.1,mRNA,677706,682241,+,mRNA,cpbgf_6002950,Uncharacterized Protein,cgd6_2950,direct_name,
CP141123.1,mRNA,682192,683167,-,mRNA,cpbgf_6002960,Bax inhibitor 1-related protein,cgd6_2960,direct_name,
CP141123.1,lnc_RNA,683392,685220,+,ncRNA,cpbgf_6002965,lncRNA,None,None,
CP141123.1,mRNA,683577,684865,-,mRNA,cpbgf_6002970,Tyrosyl-tRNA synthetase (Tyrosyl-tRNA ligase TyrRS) class-I aaRS,cgd6_2970,direct_name,
CP141123.1,lnc_RNA,685160,689072,-,ncRNA,cpbgf_6002975,lncRNA,None,None,
CP141123.1,mRNA,685260,686412,+,mRNA,cpbgf_6002980,Folate receptor-like protein,cgd6_2980,direct_name,
CP141123.1,mRNA,687001,687783,+,mRNA,cpbgf_6002990,hypothetical protein,cgd6_2990,direct_name,
CP141123.1,mRNA,687923,688910,+,mRNA,cpbgf_6003000,Ferredoxin-like protein,cgd6_3000,direct_name,
CP141123.1,mRNA,689358,691822,+,mRNA,cpbgf_6003010,Polyadenylate-binding protein,cgd6_3010,direct_name,
CP141123.1,mRNA,692681,693964,+,mRNA,cpbgf_6003020,Uncharacterized protein,cgd6_3020,direct_name,
CP141123.1,mRNA,694281,698615,+,mRNA,cpbgf_6003030,Regulator of chromosome condensation 1/beta-lactamase-inhibitor protein II,cgd6_3030,direct_name,
CP141123.1,mRNA,698824,700128,+,mRNA,cpbgf_6003040,RNA-polymerase II-associated protein 3-like protein,cgd6_3040,direct_name,
CP141123.1,mRNA,700338,704669,+,mRNA,cpbgf_6003050,Uncharacterized protein,cgd6_3050,direct_name,
CP141123.1,lnc_RNA,704208,704587,-,ncRNA,cpbgf_6003055,lncRNA,None,None,
CP141123.1,mRNA,705102,705861,+,mRNA,cpbgf_6003060,Uncharacterized protein,cgd6_3060,direct_name,
CP141123.1,mRNA,706092,708214,+,mRNA,cpbgf_6003070,Uncharacterized protein,cgd6_3070,direct_name,
CP141123.1,lnc_RNA,708236,711041,-,ncRNA,cpbgf_6003075,lncRNA,None,None,
CP141123.1,mRNA,708603,711107,+,mRNA,cpbgf_6003080,Uncharacterized protein,cgd6_3080,direct_name,
CP141123.1,mRNA,711170,715870,-,mRNA,cpbgf_6003093,Uncharacterized protein,cgd6_3093,direct_name,
CP141123.1,mRNA,715888,717790,+,mRNA,cpbgf_6003100,Zinc-binding domain containing protein,cgd6_3100,direct_name,
CP141123.1,mRNA,716334,717777,-,mRNA,cpbgf_6003101,Dual specificity phosphatase%2Csignal peptide,cgd6_3100,no_direct_name,
CP141123.1,mRNA,718302,721341,-,mRNA,cpbgf_6003103,Uncharacterized protein,cgd6_3103,direct_name,
CP141123.1,snRNA,721145,721337,-,ncRNA,cpbgf_6003105,snRNA,None,None,
CP141123.1,mRNA,722853,725341,+,mRNA,cpbgf_6003120,Uncharacterized protein,cgd6_3120,direct_name,
CP141123.1,mRNA,725298,727285,-,mRNA,cpbgf_6003130,Uncharacterized protein,cgd6_3130,direct_name,
CP141123.1,lnc_RNA,727410,728541,+,ncRNA,cpbgf_6003135,lncRNA,None,None,
CP141123.1,mRNA,727530,731941,-,mRNA,cpbgf_6003140,Sec7/Rab-GTPase-TBC domain containing protein,cgd6_3140,direct_name,
CP141123.1,mRNA,732167,733624,-,mRNA,cpbgf_6003150,Rad9/Ddc1,cgd6_3150,direct_name,
CP141123.1,mRNA,734057,737113,+,mRNA,cpbgf_6003160,Inner centromere protein ARK-binding domain containing protein,cgd6_3160,direct_name,
CP141123.1,lnc_RNA,734109,736101,-,ncRNA,cpbgf_6003165,lncRNA,None,None,
CP141123.1,mRNA,737736,740213,+,mRNA,cpbgf_6003170,Sel1-like repeat containing protein,cgd6_3170,direct_name,
CP141123.1,lnc_RNA,738665,740277,-,ncRNA,cpbgf_6003175,lncRNA,None,None,
CP141123.1,mRNA,740371,742049,+,mRNA,cpbgf_6003180,40S ribosomal protein S15,cgd6_3180,direct_name,
CP141123.1,mRNA,742312,744825,+,mRNA,cpbgf_6003190,60S ribosomal protein L4/L1e,cgd6_3190,direct_name,
CP141123.1,snRNA,742596,742812,+,ncRNA,cpbgf_6003193,snRNA,None,None,
CP141123.1,snRNA,743126,743256,+,ncRNA,cpbgf_6003195,snRNA,None,None,
CP141123.1,snRNA,743723,743917,+,ncRNA,cpbgf_6003197,snRNA,None,None,
CP141123.1,mRNA,744882,746647,-,mRNA,cpbgf_6003200,Uncharacterized protein,cgd6_3200,direct_name,
CP141123.1,mRNA,747078,748823,-,mRNA,cpbgf_6003210,Rok1p,cgd6_3210,direct_name,
CP141123.1,lnc_RNA,748911,750647,+,ncRNA,cpbgf_6003213,lncRNA,None,None,
CP141123.1,lnc_RNA,748951,749530,-,ncRNA,cpbgf_6003215,lncRNA,None,None,
CP141123.1,snRNA,749026,749275,-,ncRNA,cpbgf_6003217,snRNA,None,None,
CP141123.1,snoRNA,749328,749433,-,ncRNA,cpbgf_6003219,snoRNA,None,None,
CP141123.1,mRNA,749730,750901,-,mRNA,cpbgf_6003220,RAS small GTPase Rab1 family,cgd6_3220,direct_name,
CP141123.1,mRNA,750937,752969,-,mRNA,cpbgf_6003230,RNA (C5-cytosine) methyltransferase NOP2 subfamily signature,cgd6_3230,direct_name,
CP141123.1,lnc_RNA,753191,754930,+,ncRNA,cpbgf_6003235,lncRNA,None,None,
CP141123.1,mRNA,753277,755034,-,mRNA,cpbgf_6003240,Gpi16p/PIG-T/SPBC1604.15 family glycosyl phosphatidyl inositol,cgd6_3240,direct_name,
CP141123.1,mRNA,755294,755971,+,mRNA,cpbgf_6003250,Uncharacterized protein,cgd6_3250,direct_name,
CP141123.1,mRNA,756022,756550,+,mRNA,cpbgf_6003253,Uncharacterized protein,cgd6_3253,direct_name,
CP141123.1,mRNA,756786,759654,+,mRNA,cpbgf_6003260,Uncharacterized protein,cgd6_3260,direct_name,
CP141123.1,lnc_RNA,757804,759718,-,ncRNA,cpbgf_6003265,lncRNA,None,None,
CP141123.1,mRNA,759815,761005,+,mRNA,cpbgf_6003270,Rpn11/EIF3F/JAB1/Mov34/MPN/PAD-1 ubiquitin protease,cgd6_3270,direct_name,
CP141123.1,mRNA,761480,765797,+,mRNA,cpbgf_6003280,1%2C4-alpha-glucan branching enzyme,cgd6_3280,direct_name,
CP141123.1,mRNA,765260,771312,-,mRNA,cpbgf_6003290,DNA-directed RNA polymerase subunit,cgd6_3290,direct_name,
CP141123.1,mRNA,771650,772531,-,mRNA,cpbgf_6003300,CCCH-type Zinc finger protein,cgd6_3300,direct_name,
CP141123.1,mRNA,772583,774234,+,mRNA,cpbgf_6003313,PUB domain containing protein,cgd6_3313,direct_name,
CP141123.1,mRNA,774132,777729,-,mRNA,cpbgf_6003330,SPX/VTC domain containing protein,cgd6_3330,direct_name,
CP141123.1,lnc_RNA,777724,778447,+,ncRNA,cpbgf_6003335,lncRNA,None,None,
CP141123.1,mRNA,777829,778559,-,mRNA,cpbgf_6003340,60S ribosomal protein L32,cgd6_3340,direct_name,
CP141123.1,mRNA,778823,781202,+,mRNA,cpbgf_6003350,Uncharacterized protein,cgd6_3350,direct_name,
CP141123.1,mRNA,780987,782291,-,mRNA,cpbgf_6003360,Zinc finger%2CRING/FYVE/PHD-type domain containing protein,cgd6_3360,direct_name,
CP141123.1,mRNA,782367,784098,+,mRNA,cpbgf_6003370,Microtubule-associated protein,cgd6_3370,direct_name,
CP141123.1,mRNA,784030,785735,-,mRNA,cpbgf_6003380,eRF1,cgd6_3380,direct_name,
CP141123.1,mRNA,785804,793265,+,mRNA,cpbgf_6003390,Phosphatidylinositol kinase,cgd6_3390,direct_name,
CP141123.1,mRNA,793517,796554,+,mRNA,cpbgf_6003400,Serine/threonine-protein kinase,cgd6_3400,direct_name,
CP141123.1,mRNA,796702,799488,-,mRNA,cpbgf_6003410,Spc97 / Spc98 family,cgd6_3410,direct_name,
CP141123.1,mRNA,800040,802674,+,mRNA,cpbgf_6003420,Nucleotide-diphospho-sugar transferase,cgd6_3420,direct_name,
CP141123.1,mRNA,802628,803802,-,mRNA,cpbgf_6003430,RRM domain containing protein,cgd6_3430,direct_name,
CP141123.1,mRNA,803857,804571,+,mRNA,cpbgf_6003440,Uncharacterized protein,cgd6_3440,direct_name,
CP141123.1,mRNA,804548,805681,-,mRNA,cpbgf_6003450,Eukaryotic rRNA processing protein EBP2,cgd6_3450,direct_name,
CP141123.1,lnc_RNA,805847,808426,+,ncRNA,cpbgf_6003455,lncRNA,None,None,
CP141123.1,mRNA,806083,809399,-,mRNA,cpbgf_6003460,Uncharacterized protein,cgd6_3460,direct_name,
CP141123.1,mRNA,809787,810690,-,mRNA,cpbgf_6003470,Uncharacterized protein,cgd6_3470,direct_name,
CP141123.1,mRNA,811024,812865,-,mRNA,cpbgf_6003480,Uncharacterized protein,cgd6_3480,direct_name,
CP141123.1,mRNA,812991,814759,+,mRNA,cpbgf_6003490,RNA recognition motif domain containing protein,cgd6_3490,direct_name,
CP141123.1,mRNA,813969,815312,-,mRNA,cpbgf_6003500,Serine-threonine protein kinase 19,cgd6_3500,direct_name,
CP141123.1,lnc_RNA,815664,816688,-,ncRNA,cpbgf_6003505,lncRNA,None,None,
CP141123.1,mRNA,815826,816425,+,mRNA,cpbgf_6003510,Uncharacterized protein,cgd6_3510,direct_name,
CP141123.1,mRNA,816985,821366,-,mRNA,cpbgf_6003520,hypothetical protein,cgd6_3520,direct_name,
CP141123.1,mRNA,821900,824149,-,mRNA,cpbgf_6003530,WD40-repeat protein,cgd6_3530,direct_name,
CP141123.1,mRNA,824426,825622,+,mRNA,cpbgf_6003540,Exosomal RNAse PH,cgd6_3540,direct_name,
CP141123.1,lnc_RNA,825919,827276,-,ncRNA,cpbgf_6003545,lncRNA,None,None,
CP141123.1,mRNA,826077,827512,+,mRNA,cpbgf_6003550,tRNA N6-adenosine threonylcarbamoyltransferase Kae1/OSGEP,cgd6_3550,direct_name,
CP141123.1,mRNA,827342,829163,+,mRNA,cpbgf_6003560,MJ0041-family pseudouridylate synthase Zn finger +thump + Psusyn,cgd6_3560,direct_name,
CP141123.1,lnc_RNA,829213,832943,+,ncRNA,cpbgf_6003565,lncRNA,None,None,
CP141123.1,tRNA,829541,829617,-,tRNA,cpbgf_6003567,tRNA-Gln,None,None,
CP141123.1,mRNA,829854,832872,-,mRNA,cpbgf_6003570,Protein-tyrosine-like/Myotubularin-like phosphatase domain containing protein,cgd6_3570,direct_name,
CP141123.1,mRNA,832994,834218,+,mRNA,cpbgf_6003580,Derlin,cgd6_3580,direct_name,
CP141123.1,mRNA,834232,835500,-,mRNA,cpbgf_6003590,26S proteasome regulatory subunit Rpn6-like PINT domain containing protein,cgd6_3590,direct_name,
CP141123.1,mRNA,835963,837028,+,mRNA,cpbgf_6003600,Uncharacterized protein,cgd6_3600,direct_name,
CP141123.1,mRNA,837648,841349,+,mRNA,cpbgf_6003610,WD40 repeat protein,cgd6_3610,direct_name,
CP141123.1,mRNA,839171,840361,-,mRNA,cpbgf_6003620,SF-assemblin,cgd6_3620,direct_name,
CP141123.1,mRNA,841097,842369,-,mRNA,cpbgf_6003623,Uncharacterized protein,cgd6_3623,direct_name,
CP141123.1,mRNA,842854,844866,-,mRNA,cpbgf_6003630,Ankyrin repeat-containing protein,cgd6_3630,direct_name,
CP141123.1,mRNA,846025,847752,+,mRNA,cpbgf_6003640,Disulfide-isomerase%2Csignal peptide plus ER retention motif,cgd6_3640,direct_name,
CP141123.1,mRNA,847836,854973,-,mRNA,cpbgf_6003650,Signal peptide%2CAnkyrin repeat-containing protein,cgd6_3650,direct_name,
CP141123.1,lnc_RNA,848014,849686,+,ncRNA,cpbgf_6003655,lncRNA,None,None,
CP141123.1,mRNA,855719,856942,-,mRNA,cpbgf_6003660,F-box domain containing protein,cgd6_3660,direct_name,
CP141123.1,mRNA,857088,857935,-,mRNA,cpbgf_6003663,Pre-rRNA-processing protein TSR2,cgd6_3663,direct_name,
CP141123.1,mRNA,858107,858739,-,mRNA,cpbgf_6003670,Uncharacterized protein,cgd6_3670,direct_name,
CP141123.1,mRNA,859358,861091,+,mRNA,cpbgf_6003680,Uncharacterized protein,cgd6_3680,direct_name,
CP141123.1,mRNA,861647,863152,-,mRNA,cpbgf_6003690,PUB/Ubiquitin-related domain containing protein,cgd6_3690,direct_name,
CP141123.1,mRNA,863553,864279,+,mRNA,cpbgf_6003710,40S ribosomal protein S30,cgd6_3710,direct_name,
CP141123.1,tRNA,864604,864675,-,tRNA,cpbgf_6003715,tRNA-Pro,None,None,
CP141123.1,mRNA,864746,865750,-,mRNA,cpbgf_6003720,Pyrroline-5-carboxylate reductase,cgd6_3720,direct_name,
CP141123.1,mRNA,866287,873096,+,mRNA,cpbgf_6003730,Signal peptide%2CPeptidase S8/S53 domain containing protein,cgd6_3730,direct_name,
CP141123.1,mRNA,873330,874554,+,mRNA,cpbgf_6003740,TRAPP I complex subunit 5,cgd6_3740,direct_name,
CP141123.1,mRNA,874606,876516,-,mRNA,cpbgf_6003750,Alpha amylase,cgd6_3750,direct_name,
CP141123.1,mRNA,877199,879939,+,mRNA,cpbgf_6003760,Uncharacterized protein,cgd6_3760,direct_name,
CP141123.1,mRNA,880818,882167,+,mRNA,cpbgf_6003770,Uncharacterized protein,cgd6_3770,direct_name,
CP141123.1,lnc_RNA,881362,883161,-,ncRNA,cpbgf_6003775,lncRNA,None,None,
CP141123.1,mRNA,882284,882913,+,mRNA,cpbgf_6003780,Uncharacterized protein,cgd6_3780,direct_name,
CP141123.1,mRNA,883533,885190,+,mRNA,cpbgf_6003790,Glyceraldehyde-3-phosphate dehydrogenase,cgd6_3790,direct_name,
CP141123.1,lnc_RNA,883732,885176,-,ncRNA,cpbgf_6003795,lncRNA,None,None,
CP141123.1,mRNA,885433,887391,+,mRNA,cpbgf_6003800,Hexokinase,cgd6_3800,direct_name,
CP141123.1,mRNA,887373,888468,+,mRNA,cpbgf_6003810,Cleavage/polyadenylation specificity factor subunit 5,cgd6_3810,direct_name,
CP141123.1,mRNA,888522,889925,-,mRNA,cpbgf_6003820,Aspartic peptidase A1 family,cgd6_3820,direct_name,
CP141123.1,lnc_RNA,888728,889870,+,ncRNA,cpbgf_6003823,lncRNA,None,None,
CP141123.1,lnc_RNA,890128,894332,-,ncRNA,cpbgf_6003825,lncRNA,None,None,
CP141123.1,mRNA,890290,891601,+,mRNA,cpbgf_6003830,Small GTPase,cgd6_3830,direct_name,
CP141123.1,mRNA,891514,893871,+,mRNA,cpbgf_6003840,SET domain containing protein,cgd6_3840,direct_name,
CP141123.1,mRNA,893836,894332,-,mRNA,cpbgf_6003850,50S ribosomal protein L30e-like,cgd6_3850,direct_name,
CP141123.1,mRNA,894777,898710,+,mRNA,cpbgf_6003860,SNF2 helicase,cgd6_3860,direct_name,
CP141123.1,mRNA,898183,899031,-,mRNA,cpbgf_6003863,ERV/ALR sulfhydryl oxidase domain containing protein,cgd6_3863,direct_name,
CP141123.1,mRNA,899438,901208,+,mRNA,cpbgf_6003870,Uncharacterized protein,cgd6_3870,direct_name,
CP141123.1,lnc_RNA,899628,901217,-,ncRNA,cpbgf_6003875,lncRNA,None,None,
CP141123.1,mRNA,901565,902935,+,mRNA,cpbgf_6003880,Mitochondrial carrier protein,cgd6_3880,direct_name,
CP141123.1,mRNA,903020,903349,-,mRNA,cpbgf_6003890,Uncharacterized protein,cgd6_3890,direct_name,
CP141123.1,mRNA,904005,905039,+,mRNA,cpbgf_6003900,Uncharacterized protein,cgd6_3900,direct_name,
CP141123.1,mRNA,905055,907026,-,mRNA,cpbgf_6003910,Pleckstrin homology (PH) domain containing protein,cgd6_3910,direct_name,
CP141123.1,lnc_RNA,907034,909832,+,ncRNA,cpbgf_6003915,lncRNA,None,None,
CP141123.1,mRNA,907184,909892,-,mRNA,cpbgf_6003920,Tetratricopeptide-like helical protein,cgd6_3920,direct_name,
CP141123.1,mRNA,910143,913816,-,mRNA,cpbgf_6003930,Uncharacterized protein,cgd6_3930,direct_name,
CP141123.1,lnc_RNA,910248,911942,+,ncRNA,cpbgf_6003935,lncRNA,None,None,
CP141123.1,mRNA,914007,915802,-,mRNA,cpbgf_6003940,Uncharacterized protein,cgd6_3940,direct_name,
CP141123.1,lnc_RNA,914896,915323,+,ncRNA,cpbgf_6003945,lncRNA,None,None,
CP141123.1,mRNA,916239,919382,+,mRNA,cpbgf_6003950,Vacuolar protein sorting-associated protein 54,cgd6_3950,direct_name,
CP141123.1,mRNA,919551,923049,+,mRNA,cpbgf_6003960,GTP-binding elongation factor protein,cgd6_3960,direct_name,
CP141123.1,mRNA,923079,923926,-,mRNA,cpbgf_6003970,Glutaredoxin-like protein 2 thioredoxin folds,cgd6_3970,direct_name,
CP141123.1,lnc_RNA,923263,924092,+,ncRNA,cpbgf_6003975,lncRNA,None,None,
CP141123.1,mRNA,924021,924616,+,mRNA,cpbgf_6003980,Uncharacterized protein,cgd6_3980,direct_name,
CP141123.1,lnc_RNA,924778,926710,+,ncRNA,cpbgf_6003985,lncRNA,None,None,
CP141123.1,mRNA,924890,926566,-,mRNA,cpbgf_6003990,Elongation factor 1-alpha,cgd6_3990,direct_name,
CP141123.1,mRNA,927656,930007,+,mRNA,cpbgf_6004000,Uncharacterized protein,cgd6_4000,direct_name,
CP141123.1,mRNA,930025,930510,-,mRNA,cpbgf_6004010,Uncharacterized protein,cgd6_4010,direct_name,
CP141123.1,mRNA,931132,934752,+,mRNA,cpbgf_6004020,3'5'-cyclic nucleotide phosphodiesterase,cgd6_4020,direct_name,
CP141123.1,mRNA,935278,938364,+,mRNA,cpbgf_6004030,Uncharacterized protein,cgd6_4030,direct_name,
CP141123.1,mRNA,938418,942208,-,mRNA,cpbgf_6004040,Cullin domain containing protein,cgd6_4040,direct_name,
CP141123.1,mRNA,942294,945065,+,mRNA,cpbgf_6004050,Uncharacterized protein,cgd6_4050,direct_name,
CP141123.1,lnc_RNA,942517,945107,-,ncRNA,cpbgf_6004055,lncRNA,None,None,
CP141123.1,mRNA,945224,946056,-,mRNA,cpbgf_6004060,SRP-independent targeting protein 2/TMEM208,cgd6_4060,direct_name,
CP141123.1,lnc_RNA,945271,945866,+,ncRNA,cpbgf_6004065,lncRNA,None,None,
CP141123.1,mRNA,946083,948398,+,mRNA,cpbgf_6004070,EEIG1/EHBP1 N-terminal domain containing protein,cgd6_4070,direct_name,
CP141123.1,mRNA,948399,950226,-,mRNA,cpbgf_6004080,Serine aminopeptidase S33,cgd6_4080,direct_name,
CP141123.1,mRNA,951087,952118,+,mRNA,cpbgf_6004090,Uncharacterized protein,cgd6_4090,direct_name,
CP141123.1,lnc_RNA,951408,953203,-,ncRNA,cpbgf_6004095,lncRNA,None,None,
CP141123.1,mRNA,952703,953008,+,mRNA,cpbgf_6004100,Uncharacterized protein,cgd6_4100,direct_name,
CP141123.1,mRNA,953360,958769,+,mRNA,cpbgf_6004110,Armadillo-like helical protein,cgd6_4110,direct_name,
CP141123.1,lnc_RNA,956224,958833,-,ncRNA,cpbgf_6004115,lncRNA,None,None,
CP141123.1,mRNA,959169,960032,+,mRNA,cpbgf_6004120,Uncharacterized protein,cgd6_4120,direct_name,
CP141123.1,mRNA,959971,961108,-,mRNA,cpbgf_6004130,Anamorsin,cgd6_4130,direct_name,
CP141123.1,mRNA,961328,963553,-,mRNA,cpbgf_6004140,Kinetochore protein Ndc80,cgd6_4140,direct_name,
CP141123.1,mRNA,963796,969282,-,mRNA,cpbgf_6004150,Formin Homology 2 Domain containing protein,cgd6_4150,direct_name,
CP141123.1,lnc_RNA,965756,966856,+,ncRNA,cpbgf_6004151,lncRNA,None,None,
CP141123.1,mRNA,969581,970747,-,mRNA,cpbgf_6004153,EF-hand domain containing protein,cgd6_4153,direct_name,
CP141123.1,lnc_RNA,970227,970735,+,ncRNA,cpbgf_6004155,lncRNA,None,None,
CP141123.1,mRNA,970946,972364,+,mRNA,cpbgf_6004160,EF-hands domain containing protein,cgd6_4160,direct_name,
CP141123.1,mRNA,972536,976299,+,mRNA,cpbgf_6004170,Uncharacterized protein,cgd6_4170,direct_name,
CP141123.1,mRNA,975242,976410,-,mRNA,cpbgf_6004180,Ubiquitin-conjugating enzyme E2,cgd6_4180,direct_name,
CP141123.1,mRNA,976677,977779,+,mRNA,cpbgf_6004190,60S ribosomal protein L10/L16,cgd6_4190,direct_name,
CP141123.1,lnc_RNA,978011,978238,+,ncRNA,cpbgf_6004195,lncRNA,None,None,
CP141123.1,mRNA,979413,981041,+,mRNA,cpbgf_6004200,Serine/threonine-protein phosphatase,cgd6_4200,direct_name,
CP141123.1,mRNA,981071,986998,-,mRNA,cpbgf_6004210,Kinesin motor domain containing protein,cgd6_4210,direct_name,
CP141123.1,mRNA,985314,986595,+,mRNA,cpbgf_6004220,Rab-GTPase-TBC domain containing protein,cgd6_4220,direct_name,
CP141123.1,lnc_RNA,986972,988875,-,ncRNA,cpbgf_6004225,lncRNA,None,None,
CP141123.1,mRNA,987080,989210,+,mRNA,cpbgf_6004230,Uncharacterized protein,cgd6_4230,direct_name,
CP141123.1,mRNA,990719,992533,+,mRNA,cpbgf_6004240,MO25-like protein,cgd6_4240,direct_name,
CP141123.1,mRNA,992606,995449,+,mRNA,cpbgf_6004250,Conserved oligomeric Golgi complex subunit 7,cgd6_4250,direct_name,
CP141123.1,mRNA,995440,996271,-,mRNA,cpbgf_6004260,HSP20-like chaperone,cgd6_4260,direct_name,
CP141123.1,mRNA,996358,997434,+,mRNA,cpbgf_6004270,GPN-loop GTPase 3,cgd6_4270,direct_name,
CP141123.1,mRNA,997686,999248,+,mRNA,cpbgf_6004280,Uncharacterized protein,cgd6_4280,direct_name,
CP141123.1,mRNA,999515,1011114,+,mRNA,cpbgf_6004290,MATH/TRAF domain/WD40/YVTN repeat containing protein,cgd6_4290,direct_name,
CP141123.1,mRNA,1011476,1013745,+,mRNA,cpbgf_6004300,Uncharacterized protein,cgd6_4300,direct_name,
CP141123.1,mRNA,1013978,1019773,+,mRNA,cpbgf_6004310,TRAPP III complex Trs85,cgd6_4310,direct_name,
CP141123.1,mRNA,1019854,1020911,-,mRNA,cpbgf_6004320,40S ribosomal protein S5,cgd6_4320,direct_name,
CP141123.1,mRNA,1021092,1022045,-,mRNA,cpbgf_6004330,Histidine phosphatase superfamily,cgd6_4330,direct_name,
CP141123.1,mRNA,1022481,1027276,+,mRNA,cpbgf_6004340,Myosin motor domain containing protein,cgd6_4340,direct_name,
CP141123.1,mRNA,1027689,1029845,+,mRNA,cpbgf_6004350,26S proteasome subunit P45,cgd6_4350,direct_name,
CP141123.1,mRNA,1029121,1030026,-,mRNA,cpbgf_6004360,Uncharacterized protein,cgd6_4360,direct_name,
CP141123.1,mRNA,1030401,1032356,-,mRNA,cpbgf_6004370,RRM domain containing protein,cgd6_4370,direct_name,
CP141123.1,mRNA,1033044,1034534,+,mRNA,cpbgf_6004380,EF-hand domain containing protein,cgd6_4380,direct_name,
CP141123.1,mRNA,1034738,1036471,-,mRNA,cpbgf_6004390,Uncharacterized protein,cgd6_4390,direct_name,
CP141123.1,mRNA,1037226,1041468,+,mRNA,cpbgf_6004400,Proline-tRNA synthetase class II,cgd6_4400,direct_name,
CP141123.1,mRNA,1039558,1042812,-,mRNA,cpbgf_6004410,DNA-directed DNA polymerase (pol2),cgd6_4410,direct_name,
CP141123.1,mRNA,1043046,1046108,+,mRNA,cpbgf_6004420,RecQ bloom helicase (RNA helicase+hrdc),cgd6_4420,direct_name,
CP141123.1,lnc_RNA,1043105,1046116,-,ncRNA,cpbgf_6004425,lncRNA,None,None,
CP141123.1,mRNA,1046298,1047302,-,mRNA,cpbgf_6004430,Uncharacterized protein,cgd6_4430,direct_name,
CP141123.1,mRNA,1048342,1049592,+,mRNA,cpbgf_6004440,Uncharacterized protein,cgd6_4440,direct_name,
CP141123.1,mRNA,1049805,1050092,+,mRNA,cpbgf_6004450,Tim10/DDP family zinc finger protein,cgd6_4450,direct_name,
CP141123.1,mRNA,1050109,1059028,-,mRNA,cpbgf_6004460,Armadillo-like helical protein,cgd6_4460,direct_name,
CP141123.1,mRNA,1059958,1062751,-,mRNA,cpbgf_6004470,Uncharacterized protein,cgd6_4470,direct_name,
CP141123.1,lnc_RNA,1063092,1063654,-,ncRNA,cpbgf_6004475,lncRNA,None,None,
CP141123.1,mRNA,1063676,1065353,+,mRNA,cpbgf_6004480,Phosphorylated adapter RNA export protein RNA-binding domain containing protein,cgd6_4480,direct_name,
CP141123.1,tRNA,1065638,1065714,+,tRNA,cpbgf_6004485,tRNA-Arg,None,None,
CP141123.1,mRNA,1066150,1066791,+,mRNA,cpbgf_6004490,RNA recognition motif domain containing protein,cgd6_4490,direct_name,
CP141123.1,mRNA,1066972,1070079,-,mRNA,cpbgf_6004500,P-loop containing nucleoside triphosphate hydrolase,cgd6_4500,direct_name,
CP141123.1,mRNA,1070281,1072287,+,mRNA,cpbgf_6004510,Telomeric DNA binding protein SANT DNA-binding domain containing protein,cgd6_4510,direct_name,
CP141123.1,lnc_RNA,1070562,1072373,-,ncRNA,cpbgf_6004515,lncRNA,None,None,
CP141123.1,mRNA,1072517,1074777,+,mRNA,cpbgf_6004520,Uncharacterized protein,cgd6_4520,direct_name,
CP141123.1,mRNA,1075110,1078095,+,mRNA,cpbgf_6004530,Uncharacterized protein,cgd6_4530,direct_name,
CP141123.1,mRNA,1078311,1079282,-,mRNA,cpbgf_6004540,Palmitoyltransferase,cgd6_4540,direct_name,
CP141123.1,mRNA,1080223,1082988,+,mRNA,cpbgf_6004550,Ubiquitinyl hydrolase,cgd6_4550,direct_name,
CP141123.1,mRNA,1083144,1089037,-,mRNA,cpbgf_6004560,Myosin,cgd6_4560,direct_name,
CP141123.1,mRNA,1089154,1090791,+,mRNA,cpbgf_6004570,Glutamine synthetase type I,cgd6_4570,direct_name,
CP141123.1,mRNA,1090958,1092181,+,mRNA,cpbgf_6004580,RNA polymerase III C34 subunit rpc34p,cgd6_4580,direct_name,
CP141123.1,mRNA,1092139,1093480,-,mRNA,cpbgf_6004590,Ankyrin repeat-containing protein,cgd6_4590,direct_name,
CP141123.1,lnc_RNA,1092720,1094081,+,ncRNA,cpbgf_6004595,lncRNA,None,None,
CP141123.1,mRNA,1094121,1094669,-,mRNA,cpbgf_6004600,GPI-GlcNAc transferase complex/PIG-H component,cgd6_4600,direct_name,
CP141123.1,mRNA,1094893,1096274,+,mRNA,cpbgf_6004610,WD40 repeat protein,cgd6_4610,direct_name,
CP141123.1,lnc_RNA,1096103,1097176,-,ncRNA,cpbgf_6004615,lncRNA,None,None,
CP141123.1,mRNA,1096346,1097052,+,mRNA,cpbgf_6004620,60S ribosomal protein L26,cgd6_4620,direct_name,
CP141123.1,mRNA,1097403,1098171,+,mRNA,cpbgf_6004630,40S ribosomal protein S8,cgd6_4630,direct_name,
CP141123.1,mRNA,1098297,1100591,-,mRNA,cpbgf_6004640,Uncharacterized protein,cgd6_4640,direct_name,
CP141123.1,mRNA,1100981,1104339,-,mRNA,cpbgf_6004650,Transcription elongation factor Spt5,cgd6_4650,direct_name,
CP141123.1,lnc_RNA,1104433,1105835,-,ncRNA,cpbgf_6004655,lncRNA,None,None,
CP141123.1,mRNA,1105935,1107794,+,mRNA,cpbgf_6004660,Uncharacterized Protein,cgd6_4660,direct_name,
CP141123.1,mRNA,1107988,1109956,-,mRNA,cpbgf_6004670,Prp9p-like splicing factor 3a subunit 3 snRNP,cgd6_4670,direct_name,
CP141123.1,mRNA,1110023,1111696,+,mRNA,cpbgf_6004680,Transcription elongation factor Spt5,cgd6_4680,direct_name,
CP141123.1,mRNA,1111704,1113918,+,mRNA,cpbgf_6004690,SAC3/GANP/Rpn12p family,cgd6_4690,direct_name,
CP141123.1,mRNA,1112277,1118219,-,mRNA,cpbgf_6004700,ATP-binding cassette%2CABC transporter-type,cgd6_4700,direct_name,
CP141123.1,mRNA,1118320,1120897,-,mRNA,cpbgf_6004710,RRM/RBM19/MRD1 domain containing protein,cgd6_4710,direct_name,
CP141123.1,lnc_RNA,1120969,1123145,+,ncRNA,cpbgf_6004715,lncRNA,None,None,
CP141123.1,mRNA,1121011,1121985,-,mRNA,cpbgf_6004720,Uncharacterized protein,cgd6_4720,direct_name,
CP141123.1,lnc_RNA,1123983,1125376,-,ncRNA,cpbgf_6004725,lncRNA,None,None,
CP141123.1,mRNA,1124331,1125492,+,mRNA,cpbgf_6004730,SNARE associated Golgi protein,cgd6_4730,direct_name,
CP141123.1,lnc_RNA,1125861,1126938,-,ncRNA,cpbgf_6004735,lncRNA,None,None,
CP141123.1,mRNA,1126051,1127158,+,mRNA,cpbgf_6004740,Uncharacterized protein,cgd6_4740,direct_name,
CP141123.1,mRNA,1127185,1130280,-,mRNA,cpbgf_6004750,Splicing factor 3B subunit 1,cgd6_4750,direct_name,
CP141123.1,mRNA,1131546,1133372,+,mRNA,cpbgf_6004760,Tubulin beta chain,cgd6_4760,direct_name,
CP141123.1,lnc_RNA,1131567,1133676,-,ncRNA,cpbgf_6004765,lncRNA,None,None,
CP141123.1,mRNA,1133809,1134947,-,mRNA,cpbgf_6004770,Torus/RNA recognition motif domain containing protein,cgd6_4770,direct_name,
CP141123.1,mRNA,1134994,1136369,+,mRNA,cpbgf_6004780,Uncharacterized protein,cgd6_4780,direct_name,
CP141123.1,mRNA,1136367,1136924,-,mRNA,cpbgf_6004783,TFIIH subunit TTDA/Tfb5,cgd6_4783,direct_name,
CP141123.1,mRNA,1137094,1140570,-,mRNA,cpbgf_6004790,B-box-type zinc finger protein,cgd6_4790,direct_name,
CP141123.1,mRNA,1140942,1142261,-,mRNA,cpbgf_6004800,P-loop containing nucleoside triphosphate hydrolase,cgd6_4800,direct_name,
CP141123.1,lnc_RNA,1142825,1144485,-,ncRNA,cpbgf_6004805,lncRNA,None,None,
CP141123.1,mRNA,1142867,1144469,+,mRNA,cpbgf_6004820,Uncharacterized protein,cgd6_4820,direct_name,
CP141123.1,mRNA,1144555,1146237,+,mRNA,cpbgf_6004830,DEAD/DEAH box helicase,cgd6_4830,direct_name,
CP141123.1,mRNA,1147716,1152263,-,mRNA,cpbgf_6004840,Serine protease%2Csubtilase family%2Csignal peptide,cgd6_4840,direct_name,
CP141123.1,mRNA,1152505,1154646,+,mRNA,cpbgf_6004850,Pre-mRNA-splicing factor 19 with U box domain,cgd6_4850,direct_name,
CP141123.1,mRNA,1154589,1156815,-,mRNA,cpbgf_6004860,DEAD/DEAH box helicase with GUCT domain,cgd6_4860,direct_name,
CP141123.1,lnc_RNA,1156226,1156804,+,ncRNA,cpbgf_6004865,lncRNA,None,None,
CP141123.1,lnc_RNA,1156883,1157930,+,ncRNA,cpbgf_6004867,lncRNA,None,None,
CP141123.1,mRNA,1157044,1158738,-,mRNA,cpbgf_6004870,Uncharacterized protein,cgd6_4870,direct_name,
CP141123.1,mRNA,1158925,1160554,-,mRNA,cpbgf_6004880,Cryptopain-cysteine proteinase secreted,cgd6_4880,direct_name,
CP141123.1,mRNA,1160819,1162304,-,mRNA,cpbgf_6004890,Chloroquine resistance transporter,cgd6_4890,direct_name,
CP141123.1,mRNA,1162304,1163535,-,mRNA,cpbgf_6004900,Acylphosphatase,cgd6_4900,direct_name,
CP141123.1,lnc_RNA,1162712,1163503,+,ncRNA,cpbgf_6004905,lncRNA,None,None,
CP141123.1,mRNA,1163749,1166030,+,mRNA,cpbgf_6004910,Zinc finger C3H1-type domain containing protein,cgd6_4910,direct_name,
CP141123.1,lnc_RNA,1165625,1165847,-,ncRNA,cpbgf_6004915,lncRNA,None,None,
CP141123.1,mRNA,1166112,1168565,+,mRNA,cpbgf_6004920,Uncharacterized protein,cgd6_4920,direct_name,
CP141123.1,lnc_RNA,1166527,1168346,-,ncRNA,cpbgf_6004923,lncRNA,None,None,
CP141123.1,tRNA,1168344,1168441,+,tRNA,cpbgf_6004925,tRNA-Ser,None,None,
CP141123.1,mRNA,1168700,1169177,+,mRNA,cpbgf_6004926,hypothetical protein,cgd4_380,no_direct_name,chr_change
CP141123.1,mRNA,1169497,1172151,+,mRNA,cpbgf_6004930,AP complex subunit beta,cgd6_4930,direct_name,
CP141123.1,mRNA,1172498,1174275,+,mRNA,cpbgf_6004940,C2 domain containing protein,cgd6_4940,direct_name,
CP141123.1,lnc_RNA,1172877,1174103,-,ncRNA,cpbgf_6004945,lncRNA,None,None,
CP141123.1,mRNA,1174208,1175817,-,mRNA,cpbgf_6004950,Uncharacterized protein,cgd6_4950,direct_name,
CP141123.1,mRNA,1176105,1179664,-,mRNA,cpbgf_6004970,Hsp60 GroEL-like chaperone (ATpase),cgd6_4970,direct_name,
CP141123.1,mRNA,1176115,1177571,+,mRNA,cpbgf_6004960,Serine/threonine-protein kinase,cgd6_4960,direct_name,
CP141123.1,mRNA,1179722,1180105,-,mRNA,cpbgf_6004980,Uncharacterized protein,cgd6_4980,direct_name,
CP141123.1,mRNA,1180072,1181590,-,mRNA,cpbgf_6004990,Prolyl oligopeptidase/Peptidase S9/Alpha-Beta-hydrolase fold containing protein,cgd6_4990,direct_name,
CP141123.1,mRNA,1181701,1182045,+,mRNA,cpbgf_6004993,hypothetical protein,cgd6_4993,direct_name,
CP141123.1,mRNA,1182067,1186194,-,mRNA,cpbgf_6005000,Phosphoprotein phosphatase 2A 65K regulatory chain-like with HEAT repeats,cgd6_5000,direct_name,
CP141123.1,mRNA,1186260,1187925,+,mRNA,cpbgf_6005013,WD40 repeat protein,cgd8_5013,no_direct_name,
CP141123.1,lnc_RNA,1187132,1187988,-,ncRNA,cpbgf_6005015,lncRNA,None,None,
CP141123.1,mRNA,1188110,1188737,+,mRNA,cpbgf_6005030,HSP20-like chaperone with CS domain,cgd6_5030,direct_name,
CP141123.1,mRNA,1188751,1189951,-,mRNA,cpbgf_6005040,Transcription factor Tfb4/p34,cgd6_5040,direct_name,
CP141123.1,mRNA,1190027,1191382,-,mRNA,cpbgf_6005050,Uncharacterized protein,cgd6_5050,direct_name,
CP141123.1,lnc_RNA,1190146,1190388,+,ncRNA,cpbgf_6005055,lncRNA,None,None,
CP141123.1,mRNA,1191691,1194318,-,mRNA,cpbgf_6005060,Serine/threonine-protein kinase,cgd6_5060,direct_name,
CP141123.1,mRNA,1194357,1195820,-,mRNA,cpbgf_6005070,Ribophorin I,cgd6_5070,direct_name,
CP141123.1,mRNA,1196067,1197912,-,mRNA,cpbgf_6005080,Chaperonin Cpn60/TCP-1 protein,cgd6_5080,direct_name,
CP141123.1,mRNA,1198097,1199947,-,mRNA,cpbgf_6005090,Ecd protein,cgd6_5090,direct_name,
CP141123.1,mRNA,1200508,1201830,+,mRNA,cpbgf_6005100,GPI mannosyltransferase 2,cgd6_5100,direct_name,
CP141123.1,mRNA,1202030,1202609,+,mRNA,cpbgf_6005103,M-phase phosphoprotein 6,cgd6_5103,direct_name,
CP141123.1,mRNA,1202483,1211801,-,mRNA,cpbgf_6005120,PHD-type Zinc finger protein,cgd6_5120,direct_name,
CP141123.1,snRNA,1210825,1211044,-,ncRNA,cpbgf_6005125,snRNA,None,None,
CP141123.1,mRNA,1211896,1213516,+,mRNA,cpbgf_6005130,tRNA (guanine(37)-N1)-methyltransferase,cgd6_5130,direct_name,
CP141123.1,lnc_RNA,1212611,1213400,-,ncRNA,cpbgf_6005135,lncRNA,None,None,
CP141123.1,mRNA,1213434,1215295,+,mRNA,cpbgf_6005140,Concanavalin A-like lectin/glucanase domain containing protein,cgd6_5140,direct_name,
CP141123.1,mRNA,1215302,1216681,-,mRNA,cpbgf_6005150,Zinc finger%2CRING/FYVE/PHD-type domain containing protein,cgd6_5150,direct_name,
CP141123.1,mRNA,1217362,1218393,+,mRNA,cpbgf_6005160,Microtubule-binding calmodulin-regulated spectrin-associated protein,cgd6_5160,direct_name,
CP141123.1,mRNA,1218400,1220877,-,mRNA,cpbgf_6005170,Protein kinase-like domain containing protein,cgd6_5170,direct_name,
CP141123.1,mRNA,1221287,1223973,-,mRNA,cpbgf_6005180,Uncharacterized protein,cgd6_5180,direct_name,
CP141123.1,lnc_RNA,1221588,1224328,+,ncRNA,cpbgf_6005185,lncRNA,None,None,
CP141123.1,mRNA,1224521,1228501,+,mRNA,cpbgf_6005190,hypothetical protein,cgd7_3810,no_direct_name,chr_change
CP141123.1,mRNA,1228709,1230637,+,mRNA,cpbgf_6005220,Cysteine-rich protein with zinc finger,cgd6_5220,direct_name,
CP141123.1,mRNA,1231018,1232724,+,mRNA,cpbgf_6005230,Uncharacterized protein,cgd6_5230,direct_name,
CP141123.1,mRNA,1233416,1235470,+,mRNA,cpbgf_6005240,Serine/threonine-protein kinase,cgd6_5240,direct_name,
CP141123.1,mRNA,1235691,1242766,-,mRNA,cpbgf_6005250,Transcription elongation factor Spt6,cgd6_5250,direct_name,
CP141123.1,mRNA,1243230,1245482,+,mRNA,cpbgf_6005260,ABC transporter ATpase with 2 AAA domains,cgd6_5260,direct_name,
CP141123.1,lnc_RNA,1245488,1246501,-,ncRNA,cpbgf_6005265,lncRNA,None,None,
CP141123.1,mRNA,1245625,1246517,+,mRNA,cpbgf_6005270,Uncharacterized protein,cgd6_5270,direct_name,
CP141123.1,mRNA,1246685,1250333,+,mRNA,cpbgf_6005280,Uncharacterized protein,cgd6_5280,direct_name,
CP141123.1,mRNA,1250042,1253118,-,mRNA,cpbgf_6005293,Uncharacterized protein,cgd8_5293,no_direct_name,
CP141123.1,lnc_RNA,1253354,1255905,+,ncRNA,cpbgf_6005305,lncRNA,None,None,
CP141123.1,mRNA,1253409,1257536,-,mRNA,cpbgf_6005310,Uncharacterized protein,cgd6_5310,direct_name,
CP141123.1,mRNA,1257707,1260861,-,mRNA,cpbgf_6005320,AP2/ERF domain containing protein,cgd6_5320,direct_name,
CP141123.1,mRNA,1261381,1264637,-,mRNA,cpbgf_6005330,Uncharacterized protein,cgd6_5330,direct_name,
CP141123.1,mRNA,1265165,1266862,+,mRNA,cpbgf_6005340,putative Secreted Protein (HCD gene family),cgd6_5340,direct_name,
CP141123.1,mRNA,1267336,1269770,-,mRNA,cpbgf_6005350,ABC transporter protein,cgd6_5350,direct_name,
CP141123.1,mRNA,1270224,1271777,+,mRNA,cpbgf_6005360,Uncharacterized protein,cgd6_5360,direct_name,
CP141123.1,mRNA,1271940,1273243,+,mRNA,cpbgf_6005370,Uncharacterized protein,cgd6_5370,direct_name,
CP141123.1,mRNA,1273348,1277914,+,mRNA,cpbgf_6005380,Uncharacterized protein,cgd6_5380,direct_name,
CP141123.1,mRNA,1277678,1280080,-,mRNA,cpbgf_6005390,Uncharacterized protein,cgd6_5390,direct_name,
CP141123.1,mRNA,1280163,1282344,-,mRNA,cpbgf_6005400,putative Secreted Protein,cgd6_5400,direct_name,
CP141123.1,lnc_RNA,1280917,1281877,+,ncRNA,cpbgf_6005405,lncRNA,None,None,
CP141123.1,mRNA,1282436,1284689,-,mRNA,cpbgf_6005410,putative Secreted Protein,cgd6_5410,direct_name,
CP141123.1,lnc_RNA,1282501,1284082,+,ncRNA,cpbgf_6005415,lncRNA,None,None,
CP141123.1,mRNA,1284880,1289396,-,mRNA,cpbgf_6005420,Uncharacterized protein,cgd6_5420,direct_name,
CP141123.1,lnc_RNA,1285360,1287159,+,ncRNA,cpbgf_6005425,lncRNA,None,None,
CP141123.1,mRNA,1289530,1291067,+,mRNA,cpbgf_6005430,Uncharacterized protein,cgd6_5430,direct_name,
CP141123.1,mRNA,1291135,1295802,+,mRNA,cpbgf_6005440,Uncharacterized protein,cgd6_5440,direct_name,
CP141123.1,mRNA,1295953,1298119,+,mRNA,cpbgf_6005450,ABC transporter,cgd6_5450,direct_name,
CP141123.1,mRNA,1299449,1299966,-,mRNA,cpbgf_6005460,Uncharacterized protein,cgd6_5460,direct_name,
CP141123.1,mRNA,1301858,1305380,-,mRNA,cpbgf_6005520,Metalloenzyme%2CLuxS/M16 peptidase-like,cgd6_5520,direct_name,
CP141124.1,mRNA,3477,4393,-,mRNA,cpbgf_7005670,hypothetical protein,cgd5_4610,no_direct_name,chr_change
CP141124.1,mRNA,4796,5442,-,mRNA,cpbgf_7005680,hypothetical protein,cgd5_4600,no_direct_name,chr_change
CP141124.1,lnc_RNA,6232,6667,+,ncRNA,cpbgf_7005690,lncRNA,None,None,
CP141124.1,mRNA,6267,7251,-,mRNA,cpbgf_7005700,hypothetical protein,cgd5_4590,no_direct_name,chr_change
CP141124.1,mRNA,9006,9773,-,mRNA,cpbgf_7005710,hypothetical protein,cgd5_4580,no_direct_name,chr_change
CP141124.1,mRNA,9006,9773,-,mRNA,cpbgf_7005720,hypothetical protein,cgd5_4580,no_direct_name,chr_change
CP141124.1,lnc_RNA,10566,10905,-,ncRNA,cpbgf_7005730,lncRNA,None,None,
CP141124.1,lnc_RNA,14644,15705,-,ncRNA,cpbgf_7005760,lncRNA,None,None,
CP141124.1,mRNA,17585,18949,+,mRNA,cpbgf_7005770,hypothetical protein,cgd5_4570,no_direct_name,chr_change
CP141124.1,mRNA,19096,20313,-,mRNA,cpbgf_7005780,hypothetical protein,cgd5_4560,no_direct_name,chr_change
CP141124.1,mRNA,23768,24193,-,mRNA,cpbgf_7005790,hypothetical protein,cgd5_4550,no_direct_name,chr_change
CP141124.1,mRNA,25041,26437,+,mRNA,cpbgf_7005800,hypothetical protein,cgd5_4540,no_direct_name,
CP141124.1,mRNA,29781,30874,+,mRNA,cpbgf_7005810,hypothetical protein,cgd5_4530,no_direct_name,chr_change
CP141124.1,lnc_RNA,30071,32460,-,ncRNA,cpbgf_7005820,lncRNA,None,None,
CP141124.1,rRNA,37943,41378,-,rRNA,cpbgf_7005830,28S ribosomal RNA,None,None,
CP141124.1,lnc_RNA,39121,40980,+,ncRNA,cpbgf_7005840,lncRNA,None,None,
CP141124.1,rRNA,42550,44296,-,rRNA,cpbgf_7005850,18S ribosomal RNA,None,None,
CP141124.1,lnc_RNA,43861,44672,+,ncRNA,cpbgf_7005870,lncRNA,None,None,
CP141124.1,mRNA,47195,50254,-,mRNA,cpbgf_70010,Uncharacterized protein,cgd7_10,direct_name,
CP141124.1,lnc_RNA,47860,48152,+,ncRNA,cpbgf_70013,lncRNA,None,None,
CP141124.1,mRNA,50221,54182,+,mRNA,cpbgf_70015,Uncharacterized protein,cgd7_13,no_direct_name,
CP141124.1,lnc_RNA,50557,51095,-,ncRNA,cpbgf_70017,lncRNA,None,None,
CP141124.1,mRNA,53530,54414,-,mRNA,cpbgf_70020,Ankyrin repeat-containing protein,cgd7_20,direct_name,
CP141124.1,lnc_RNA,54195,56418,-,ncRNA,cpbgf_70025,lncRNA,None,None,
CP141124.1,mRNA,54579,62351,+,mRNA,cpbgf_70030,Uncharacterized protein,cgd7_30,direct_name,
CP141124.1,mRNA,62415,64856,-,mRNA,cpbgf_70040,Protein kinase/EF-hand domain containing protein,cgd7_40,direct_name,
CP141124.1,mRNA,65319,65699,+,mRNA,cpbgf_70050,Uncharacterized protein,cgd7_50,direct_name,
CP141124.1,mRNA,65741,67288,-,mRNA,cpbgf_70060,Hat1-like acetyltransferase,cgd7_60,direct_name,
CP141124.1,mRNA,67638,69439,+,mRNA,cpbgf_70070,Integral membrane protein with 6 transmembrane domains and possible ring domain,cgd7_70,direct_name,
CP141124.1,mRNA,69291,70763,+,mRNA,cpbgf_70080,XPA1 binding protein-like GTpase,cgd7_80,direct_name,
CP141124.1,mRNA,70598,73604,-,mRNA,cpbgf_70090,SLC26A/SulP transporter,cgd7_90,direct_name,
CP141124.1,lnc_RNA,70997,73993,+,ncRNA,cpbgf_70095,lncRNA,None,None,
CP141124.1,mRNA,74201,75442,-,mRNA,cpbgf_700100,RING-type Zinc finger domain containing protein,cgd7_100,direct_name,
CP141124.1,mRNA,75860,79396,+,mRNA,cpbgf_700110,Sortilin,cgd7_110,direct_name,
CP141124.1,mRNA,79283,80805,-,mRNA,cpbgf_700120,cAMP-dependent protein kinase regulatory subunit,cgd7_120,direct_name,
CP141124.1,lnc_RNA,80873,82694,+,ncRNA,cpbgf_700125,lncRNA,None,None,
CP141124.1,mRNA,81052,82436,-,mRNA,cpbgf_700130,Ribosomal protein S11,cgd7_130,direct_name,
CP141124.1,mRNA,83072,83848,-,mRNA,cpbgf_700140,hypothetical protein,cgd7_140,direct_name,
CP141124.1,mRNA,83946,85742,+,mRNA,cpbgf_700150,SprT family metallopeptidase,cgd7_150,direct_name,
CP141124.1,mRNA,85765,86427,-,mRNA,cpbgf_700155,Uncharacterized protein,cgd7_150,no_direct_name,
CP141124.1,mRNA,86570,87760,-,mRNA,cpbgf_700160,Trmb type tRNA (guanine-N-7) methyltransferase,cgd7_160,direct_name,
CP141124.1,mRNA,87963,89573,+,mRNA,cpbgf_700170,WD40-repeat-containing protein,cgd7_170,direct_name,
CP141124.1,mRNA,89686,90126,-,mRNA,cpbgf_700180,Uncharacterized protein,cgd7_180,direct_name,
CP141124.1,mRNA,90492,91992,-,mRNA,cpbgf_700190,Dynamitin,cgd7_190,direct_name,
CP141124.1,mRNA,92097,93242,+,mRNA,cpbgf_700200,Uncharacterized protein,cgd7_200,direct_name,
CP141124.1,mRNA,93203,94209,-,mRNA,cpbgf_700210,Peptidylprolyl isomerase,cgd7_210,direct_name,
CP141124.1,mRNA,94386,95314,-,mRNA,cpbgf_700220,GTP-binding nuclear protein,cgd7_220,direct_name,
CP141124.1,mRNA,95472,96527,-,mRNA,cpbgf_700230,RPR45-like archaeo-eukaryotic exosomal RNAse PH,cgd7_230,direct_name,
CP141124.1,mRNA,96124,98345,+,mRNA,cpbgf_700240,Uncharacterized protein,cgd7_240,direct_name,
CP141124.1,mRNA,97606,99864,-,mRNA,cpbgf_700250,Digestive organ expansion factor,cgd7_250,direct_name,
CP141124.1,mRNA,99935,101134,-,mRNA,cpbgf_700260,VIT/Ccc1 family,cgd7_260,direct_name,
CP141124.1,mRNA,101826,106885,+,mRNA,cpbgf_700270,AD/NAD(P)-binding domain containing protein,cgd7_270,direct_name,
CP141124.1,mRNA,105565,107177,-,mRNA,cpbgf_700280,Serine/Threonine protein kinase,cgd7_280,direct_name,
CP141124.1,mRNA,107723,109853,+,mRNA,cpbgf_700290,Rad21/Rec8-like protein,cgd7_290,direct_name,
CP141124.1,mRNA,110093,115161,+,mRNA,cpbgf_700300,CpCCP2 extracellular protein with a signal peptide,cgd7_300,direct_name,
CP141124.1,mRNA,115287,116884,-,mRNA,cpbgf_700310,GLE1-like protein,cgd7_310,direct_name,
CP141124.1,mRNA,117337,118526,-,mRNA,cpbgf_700320,50S-L18Ae/60S-L20/60S-L18A ribosomal protein,cgd7_320,direct_name,
CP141124.1,lnc_RNA,117357,118373,+,ncRNA,cpbgf_700325,lncRNA,None,None,
CP141124.1,mRNA,119413,121595,+,mRNA,cpbgf_700330,Endomembrane protein 70 Nonaspanin (TM9SF),cgd7_330,direct_name,
CP141124.1,mRNA,121482,123847,-,mRNA,cpbgf_700340,GRASP55/65 PDZ-like domain containing protein,cgd7_340,direct_name,
CP141124.1,mRNA,124012,126127,-,mRNA,cpbgf_700350,Uncharacterized protein,cgd7_350,direct_name,
CP141124.1,mRNA,125417,125979,+,mRNA,cpbgf_700355,Autophagy-related protein 16,cgd7_353,no_direct_name,
CP141124.1,mRNA,126371,128539,+,mRNA,cpbgf_700360,Heat shock protein 70,cgd7_360,direct_name,
CP141124.1,lnc_RNA,127982,128352,-,ncRNA,cpbgf_700363,lncRNA,None,None,
CP141124.1,snRNA,128663,128803,+,ncRNA,cpbgf_700365,snRNA,None,None,
CP141124.1,mRNA,128860,131571,+,mRNA,cpbgf_700370,PhoPQ-activated pathogenicity-related protein,cgd7_370,direct_name,
CP141124.1,snRNA,128973,129127,+,ncRNA,cpbgf_700375,snRNA,None,None,
CP141124.1,mRNA,131648,133482,+,mRNA,cpbgf_700380,Uncharacterized protein,cgd7_380,direct_name,
CP141124.1,mRNA,133558,134925,-,mRNA,cpbgf_700390,Phosphoglycerate kinase family protein,cgd7_390,direct_name,
CP141124.1,mRNA,135416,137028,+,mRNA,cpbgf_700400,Uncharacterized protein,cgd7_400,direct_name,
CP141124.1,lnc_RNA,135430,136758,-,ncRNA,cpbgf_700405,lncRNA,None,None,
CP141124.1,mRNA,137398,138760,-,mRNA,cpbgf_700410,OST-HTH associated domain containing protein,cgd7_410,direct_name,
CP141124.1,mRNA,140042,146798,-,mRNA,cpbgf_700420,Protein with DEXDc plus ring plus HELICc possible SNF2 domain,cgd7_420,direct_name,
CP141124.1,lnc_RNA,140247,141127,+,ncRNA,cpbgf_700425,lncRNA,None,None,
CP141124.1,mRNA,147203,148220,+,mRNA,cpbgf_700430,Tyrosine-protein kinase,cgd7_430,direct_name,
CP141124.1,mRNA,148292,150057,-,mRNA,cpbgf_700440,Serine/threonine-protein kinase Rio2,cgd7_440,direct_name,
CP141124.1,mRNA,150151,151966,+,mRNA,cpbgf_700450,Phosphatidate cytidylyltransferase,cgd7_450,direct_name,
CP141124.1,lnc_RNA,150798,152178,-,ncRNA,cpbgf_700455,lncRNA,None,None,
CP141124.1,mRNA,152544,157044,+,mRNA,cpbgf_700460,P-type cation-transporting ATPase,cgd7_460,direct_name,
CP141124.1,lnc_RNA,153297,157367,-,ncRNA,cpbgf_700465,lncRNA,None,None,
CP141124.1,mRNA,157078,158339,-,mRNA,cpbgf_700470,type 3 Malate dehydrogenase,cgd7_470,direct_name,
CP141124.1,mRNA,158531,159757,-,mRNA,cpbgf_700480,L-lactate/malate dehydrogenase,cgd7_480,direct_name,
CP141124.1,lnc_RNA,158597,159738,+,ncRNA,cpbgf_700485,lncRNA,None,None,
CP141124.1,mRNA,160479,161604,+,mRNA,cpbgf_700490,Uncharacterized protein,cgd7_490,direct_name,
CP141124.1,mRNA,161152,163113,-,mRNA,cpbgf_700500,RTR1-type zinc finger,cgd7_500,direct_name,
CP141124.1,mRNA,163197,164307,+,mRNA,cpbgf_700510,RNA polymerases subunit/TFIIS-type Zinc finger,cgd7_503,no_direct_name,
CP141124.1,mRNA,163554,166307,-,mRNA,cpbgf_700520,Cyclophilin-like peptidyl-prolyl cis-trans isomerase,cgd7_520,direct_name,
CP141124.1,mRNA,166430,167502,+,mRNA,cpbgf_700530,Prefoldin beta-like,cgd7_530,direct_name,
CP141124.1,mRNA,167812,169387,+,mRNA,cpbgf_700540,GPI transamidase subunit PIG-U,cgd7_540,direct_name,
CP141124.1,mRNA,169464,171133,-,mRNA,cpbgf_700550,Uncharacterized protein,cgd7_550,direct_name,
CP141124.1,mRNA,172016,174010,-,mRNA,cpbgf_700560,WD40 repeat protein,cgd7_560,direct_name,
CP141124.1,mRNA,174411,175841,-,mRNA,cpbgf_700570,TPR repeat-containing protein,cgd7_570,direct_name,
CP141124.1,lnc_RNA,175908,177543,+,ncRNA,cpbgf_700575,lncRNA,None,None,
CP141124.1,mRNA,176032,179359,-,mRNA,cpbgf_700580,Uncharacterized protein,cgd7_580,direct_name,
CP141124.1,mRNA,179472,181682,-,mRNA,cpbgf_700590,Ser/Thr protein kinase,cgd7_583,no_direct_name,
CP141124.1,mRNA,181915,183957,+,mRNA,cpbgf_700600,Uncharacterized protein,cgd7_610,no_direct_name,
CP141124.1,mRNA,183979,185190,+,mRNA,cpbgf_700610,Ragulator complex protein LAMTOR3,cgd7_610,direct_name,
CP141124.1,mRNA,185329,187096,+,mRNA,cpbgf_700620,Sec14d/CRAL-TRIO domain-containing protein,cgd7_620,direct_name,
CP141124.1,mRNA,186664,187993,-,mRNA,cpbgf_700630,Alkylated DNA repair protein alkB 8,cgd7_630,direct_name,
CP141124.1,mRNA,188199,191516,-,mRNA,cpbgf_700640,Prp16p pre-mRNA splicing factor HrpA family SFII helicase,cgd7_640,direct_name,
CP141124.1,mRNA,191708,194153,-,mRNA,cpbgf_700650,Cyclin-like protein,cgd7_650,direct_name,
CP141124.1,lnc_RNA,193261,193859,+,ncRNA,cpbgf_700655,lncRNA,None,None,
CP141124.1,mRNA,194527,195515,-,mRNA,cpbgf_700660,Cyclin-like protein,cgd7_660,direct_name,
CP141124.1,mRNA,195934,197224,+,mRNA,cpbgf_700670,t-SNARE domain-containing protein,cgd7_670,direct_name,
CP141124.1,mRNA,197528,199867,+,mRNA,cpbgf_700680,O-acyltransferase WSD1 C-terminal domain containing protein,cgd7_680,direct_name,
CP141124.1,lnc_RNA,198671,200089,-,ncRNA,cpbgf_700685,lncRNA,None,None,
CP141124.1,mRNA,200068,200732,+,mRNA,cpbgf_700690,Sm-like protein Lsm3,cgd7_690,direct_name,
CP141124.1,mRNA,200765,201733,-,mRNA,cpbgf_700700,N-acetylglucosaminyl-phosphatidylinositol de-N-acetylase,cgd7_700,direct_name,
CP141124.1,mRNA,201906,205625,-,mRNA,cpbgf_700710,Uncharacterized Protein,cgd7_710,direct_name,
CP141124.1,mRNA,206228,207432,-,mRNA,cpbgf_700720,KH domain type 1 containing protein,cgd7_720,direct_name,
CP141124.1,mRNA,208181,208621,-,mRNA,cpbgf_700730,Uncharacterized protein,cgd7_730,direct_name,
CP141124.1,mRNA,208933,213119,-,mRNA,cpbgf_700743,Uncharacterized protein,cgd7_740,no_direct_name,
CP141124.1,snRNA,213459,213811,-,ncRNA,cpbgf_700745,snRNA,None,None,
CP141124.1,lnc_RNA,213483,215434,+,ncRNA,cpbgf_700747,lncRNA,None,None,
CP141124.1,mRNA,213537,215080,-,mRNA,cpbgf_700750,Uncharacterized protein,cgd7_750,direct_name,
CP141124.1,mRNA,215445,216258,+,mRNA,cpbgf_700753,Signal recognition particle SRP9/SRP14 subunit,cgd7_753,direct_name,
CP141124.1,mRNA,216280,219396,-,mRNA,cpbgf_700760,Bruno-like protein with 2 RRM domains,cgd7_760,direct_name,
CP141124.1,mRNA,219951,224660,-,mRNA,cpbgf_700770,LuxS/M16 peptidase-like Metalloenzyme,cgd7_770,direct_name,
CP141124.1,mRNA,224800,226559,-,mRNA,cpbgf_700780,Uncharacterized protein,cgd7_780,direct_name,
CP141124.1,lnc_RNA,227517,227951,-,ncRNA,cpbgf_700785,lncRNA,None,None,
CP141124.1,mRNA,227525,228096,+,mRNA,cpbgf_700790,Uncharacterized protein,cgd7_790,direct_name,
CP141124.1,mRNA,228573,229397,+,mRNA,cpbgf_700800,Uncharacterized protein,cgd7_800,direct_name,
CP141124.1,mRNA,229937,231104,+,mRNA,cpbgf_700810,Serine/threonine phosphatase,cgd7_810,direct_name,
CP141124.1,mRNA,231513,234170,-,mRNA,cpbgf_700820,RAD3'DEXDc+HELICc protein,cgd7_820,direct_name,
CP141124.1,mRNA,234193,235719,+,mRNA,cpbgf_700830,Queuine tRNA-ribosyltransferase catalytic subunit 1,cgd7_830,direct_name,
CP141124.1,mRNA,235929,240839,+,mRNA,cpbgf_700850,Uncharacterized protein,cgd7_850,direct_name,
CP141124.1,lnc_RNA,238997,241341,-,ncRNA,cpbgf_700855,lncRNA,None,None,
CP141124.1,mRNA,241405,250078,+,mRNA,cpbgf_700860,Armadillo-like helical protein,cgd7_860,direct_name,
CP141124.1,mRNA,250311,251090,-,mRNA,cpbgf_700870,Uncharacterized protein,cgd7_870,direct_name,
CP141124.1,mRNA,251377,253569,-,mRNA,cpbgf_700880,eIF-3A like translation initiation factor that has a WD40 repeat-containing beta propeller protein,cgd7_880,direct_name,
CP141124.1,lnc_RNA,251458,253144,+,ncRNA,cpbgf_700885,lncRNA,None,None,
CP141124.1,mRNA,254118,256528,+,mRNA,cpbgf_700890,WD40/YVTN repeat-like-containing protein,cgd7_890,direct_name,
CP141124.1,mRNA,256621,258132,-,mRNA,cpbgf_700900,Uncharacterized protein,cgd7_900,direct_name,
CP141124.1,mRNA,258546,260095,-,mRNA,cpbgf_700910,Phosphoglycerate kinase,cgd7_910,direct_name,
CP141124.1,snRNA,260461,260659,+,ncRNA,cpbgf_700915,snRNA,None,None,
CP141124.1,mRNA,260691,264050,-,mRNA,cpbgf_700920,N-terminal acetyltransferase A auxiliary subunit with TPR repeat,cgd7_920,direct_name,
CP141124.1,mRNA,264325,266318,+,mRNA,cpbgf_700930,Adipose-regulatory protein (Seipin),cgd7_930,direct_name,
CP141124.1,mRNA,266610,268280,-,mRNA,cpbgf_700940,Splicing factor RRM domain-containing protein,cgd7_940,direct_name,
CP141124.1,lnc_RNA,267882,268122,+,ncRNA,cpbgf_700945,lncRNA,None,None,
CP141124.1,lnc_RNA,268931,271305,+,ncRNA,cpbgf_700947,lncRNA,None,None,
CP141124.1,mRNA,269559,271295,-,mRNA,cpbgf_700950,SecY/Sec61 signal peptide plus 9 transmembrane domain-containing protein,cgd7_950,direct_name,
CP141124.1,mRNA,271660,273264,-,mRNA,cpbgf_700960,Uncharacterized protein,cgd7_960,direct_name,
CP141124.1,mRNA,274012,277387,-,mRNA,cpbgf_700970,Syf1p protein with 8 HAT domains,cgd7_970,direct_name,
CP141124.1,mRNA,277720,282402,-,mRNA,cpbgf_700980,MYND plus SET domains plus 5 Ank repeat-containing protein,cgd7_980,direct_name,
CP141124.1,mRNA,282662,284309,-,mRNA,cpbgf_700990,Uncharacterized protein,cgd7_990,direct_name,
CP141124.1,mRNA,284379,288617,+,mRNA,cpbgf_7001000,Eukariotic RRM plus AlkB domain containing protein,cgd7_1000,direct_name,
CP141124.1,mRNA,285407,303309,-,mRNA,cpbgf_7001010,EF-hand calcium-binding domain-containing protein,cgd7_1010,direct_name,
CP141124.1,mRNA,303977,304652,-,mRNA,cpbgf_7001020,G10 protein,cgd7_1020,direct_name,
CP141124.1,mRNA,304852,305777,-,mRNA,cpbgf_7001030,Exonuclease RNase T/DNA polymerase III,cgd7_1030,direct_name,
CP141124.1,mRNA,306272,306963,-,mRNA,cpbgf_7001040,RNA-binding S4/S9 domain-containin protein,cgd7_1040,direct_name,
CP141124.1,mRNA,307028,308733,+,mRNA,cpbgf_7001050,snRNA-activating protein complex%2Csubunit 3,cgd7_1050,direct_name,
CP141124.1,mRNA,308549,310042,-,mRNA,cpbgf_7001060,Uncharacterized protein,cgd7_1060,direct_name,
CP141124.1,mRNA,310291,311183,+,mRNA,cpbgf_7001070,U6 snRNA-associated Sm-like protein LSm2,cgd7_1070,direct_name,
CP141124.1,mRNA,311378,312889,-,mRNA,cpbgf_7001080,elf3f/JAB1/Mov34/MPN/PAD-1 ubiquitin protease,cgd7_1080,direct_name,
CP141124.1,mRNA,313900,316389,+,mRNA,cpbgf_7001090,Nuclear transport factor 2 domain containing protein,cgd7_1090,direct_name,
CP141124.1,mRNA,315385,317397,-,mRNA,cpbgf_7001100,Uncharacterized protein,cgd7_1100,direct_name,
CP141124.1,mRNA,317536,319050,-,mRNA,cpbgf_7001110,CWFL/SRm300 family RNA binding protein,cgd7_1110,direct_name,
CP141124.1,lnc_RNA,319512,321107,+,ncRNA,cpbgf_7001115,lncRNA,None,None,
CP141124.1,mRNA,319762,321942,-,mRNA,cpbgf_7001120,Zinc finger C3H1-type /CCCH-type domain,cgd7_1120,direct_name,
CP141124.1,mRNA,322009,326778,+,mRNA,cpbgf_7001130,Bromo domain-containing protein,cgd7_1130,direct_name,
CP141124.1,lnc_RNA,323490,326285,-,ncRNA,cpbgf_7001135,lncRNA,None,None,
CP141124.1,mRNA,326909,330846,+,mRNA,cpbgf_7001140,Uncharacterized protein,cgd7_1140,direct_name,
CP141124.1,mRNA,331163,334850,+,mRNA,cpbgf_7001150,Armadillo-like domain protein,cgd7_1150,direct_name,
CP141124.1,mRNA,334169,339172,-,mRNA,cpbgf_7001160,DEAD/DEAH box helicase domain containing protein,cgd7_1160,direct_name,
CP141124.1,lnc_RNA,339611,340780,+,ncRNA,cpbgf_7001165,lncRNA,None,None,
CP141124.1,mRNA,339713,344212,-,mRNA,cpbgf_7001170,Ringfinger+4xC2H2+littlefinger domain-containing protein,cgd7_1170,direct_name,
CP141124.1,mRNA,343064,344145,+,mRNA,cpbgf_7001180,CBF1 interacting co-repressor CIR domain containing protein,cgd7_1180,direct_name,
CP141124.1,mRNA,344317,347060,+,mRNA,cpbgf_7001190,Ser/Thr protein kinase,cgd7_1190,direct_name,
CP141124.1,mRNA,347138,350259,-,mRNA,cpbgf_7001200,Cyclin,cgd7_1200,direct_name,
CP141124.1,mRNA,350935,351726,-,mRNA,cpbgf_7001210,Uncharacterized protein,cgd7_1210,direct_name,
CP141124.1,mRNA,351839,353794,-,mRNA,cpbgf_7001220,Uncharacterized protein,cgd7_1220,direct_name,
CP141124.1,mRNA,353865,355537,+,mRNA,cpbgf_7001230,Uncharacterized protein,cgd7_1230,direct_name,
CP141124.1,mRNA,355479,357067,+,mRNA,cpbgf_7001250,Uncharacterized protein,cgd7_1250,direct_name,
CP141124.1,mRNA,356865,360802,+,mRNA,cpbgf_7001260,EF-hand calcium-binding /Protein kinase domain containing protein,cgd7_1260,direct_name,
CP141124.1,mRNA,360567,373629,-,mRNA,cpbgf_7001270,Uncharacterized protein,cgd7_1270,direct_name,
CP141124.1,lnc_RNA,360839,363535,+,ncRNA,cpbgf_7001273,lncRNA,None,None,
CP141124.1,lnc_RNA,368121,373327,+,ncRNA,cpbgf_7001275,lncRNA,None,None,
CP141124.1,mRNA,374154,374943,+,mRNA,cpbgf_7001280,Uncharacterized protein,cgd7_1280,direct_name,
CP141124.1,mRNA,375337,377380,+,mRNA,cpbgf_7001290,Uncharacterized protein,cgd7_1290,direct_name,
CP141124.1,mRNA,377829,382305,-,mRNA,cpbgf_7001300,Protein kinase-like domain containing protein,cgd7_1300,direct_name,
CP141124.1,mRNA,383039,385479,+,mRNA,cpbgf_7001310,Glycosyltransferase 2-like protein,cgd7_1310,direct_name,
CP141124.1,mRNA,385454,387199,-,mRNA,cpbgf_7001320,Casein kinase II,cgd7_1320,direct_name,
CP141124.1,mRNA,387264,389726,-,mRNA,cpbgf_7001330,Serine/Threonine protein kinase,cgd7_1330,direct_name,
CP141124.1,mRNA,390046,393990,-,mRNA,cpbgf_7001340,Uncharacterized protein,cgd7_1340,direct_name,
CP141124.1,lnc_RNA,395023,396668,-,ncRNA,cpbgf_7001345,lncRNA,None,None,
CP141124.1,mRNA,395125,396333,+,mRNA,cpbgf_7001350,Uncharacterized protein,cgd7_1350,direct_name,
CP141124.1,mRNA,397780,401138,+,mRNA,cpbgf_7001360,Sec14d/CRAL-TRIO domain-containing protein,cgd7_1360,direct_name,
CP141124.1,mRNA,400586,401452,-,mRNA,cpbgf_7001365,hypothetical protein,cgd4_2880,no_direct_name,chr_change
CP141124.1,mRNA,401426,402187,-,mRNA,cpbgf_7001370,Uncharacterized protein,cgd7_1370,direct_name,
CP141124.1,mRNA,402161,403261,-,mRNA,cpbgf_7001380,SbmA/BacA-like/ABC transporter type 1,cgd7_1380,direct_name,
CP141124.1,mRNA,403410,404411,+,mRNA,cpbgf_7001390,SbmA/BacA-like protein,cgd7_1390,direct_name,
CP141124.1,mRNA,404344,406812,-,mRNA,cpbgf_7001400,Signal peptide containing protein,cgd7_1400,direct_name,
CP141124.1,mRNA,407524,409717,-,mRNA,cpbgf_7001410,AAA domain containing protein,cgd7_1410,direct_name,
CP141124.1,mRNA,410131,410745,+,mRNA,cpbgf_7001430,Uncharacterized protein,cgd7_1430,direct_name,
CP141124.1,mRNA,410553,412389,-,mRNA,cpbgf_7001440,Alkaline phosphatase D-like protein,cgd7_1440,direct_name,
CP141124.1,mRNA,412277,414266,+,mRNA,cpbgf_7001446,TPR repeat containing protein,cgd7_1440,no_direct_name,
CP141124.1,mRNA,414403,415709,+,mRNA,cpbgf_7001450,Uncharacterized protein,cgd7_1450,direct_name,
CP141124.1,mRNA,415889,416385,-,mRNA,cpbgf_7001460,40S ribosomal protein S27,cgd7_1460,direct_name,
CP141124.1,mRNA,416541,417575,-,mRNA,cpbgf_7001470,Cytidine and deoxycytidylate deaminase zinc-binding domain containing protein,cgd7_1470,direct_name,
CP141124.1,lnc_RNA,416559,417826,+,ncRNA,cpbgf_7001475,lncRNA,None,None,
CP141124.1,mRNA,416640,419196,-,mRNA,cpbgf_7001480,Uncharacterized protein,cgd7_1480,direct_name,
CP141124.1,lnc_RNA,417672,418897,+,ncRNA,cpbgf_7001485,lncRNA,None,None,
CP141124.1,mRNA,419257,421118,+,mRNA,cpbgf_7001490,Tryptophanyl-tRNA synthetase,cgd7_1490,direct_name,
CP141124.1,mRNA,421355,424399,+,mRNA,cpbgf_7001500,Histidine phosphatase superfamily clade-2,cgd7_1500,direct_name,
CP141124.1,mRNA,424322,427468,-,mRNA,cpbgf_7001510,Uncharacterized protein,cgd7_1510,direct_name,
CP141124.1,mRNA,427615,429211,-,mRNA,cpbgf_7001520,Peptidylprolyl isomerase,cgd7_1520,direct_name,
CP141124.1,mRNA,429273,430802,+,mRNA,cpbgf_7001530,PIN+Ribonuclease Nob1 Zn-ribbon-like,cgd7_1530,direct_name,
CP141124.1,mRNA,431158,433637,+,mRNA,cpbgf_7001540,Aspartate--tRNA ligase,cgd7_1540,direct_name,
CP141124.1,lnc_RNA,431287,433598,-,ncRNA,cpbgf_7001543,lncRNA,None,None,
CP141124.1,snoRNA,432881,433080,+,ncRNA,cpbgf_7001545,snoRNA,None,None,
CP141124.1,mRNA,433787,436937,+,mRNA,cpbgf_7001550,Uncharacterized protein,cgd7_1550,direct_name,
CP141124.1,lnc_RNA,434268,437478,-,ncRNA,cpbgf_7001555,lncRNA,None,None,
CP141124.1,mRNA,437477,438382,+,mRNA,cpbgf_7001560,Palmitoyltransferase DHHC domain containing protein,cgd7_1560,direct_name,
CP141124.1,mRNA,438452,438877,+,mRNA,cpbgf_7001570,Uncharacterized protein,cgd7_1570,direct_name,
CP141124.1,mRNA,439128,439510,-,mRNA,cpbgf_7001575,hypothetical protein,cgd7_1573,no_direct_name,
CP141124.1,mRNA,439600,442635,+,mRNA,cpbgf_7001580,hypothetical protein,cgd7_1580,direct_name,
CP141124.1,mRNA,441560,447097,-,mRNA,cpbgf_7001585,Uncharacterized protein,cgd7_1583,no_direct_name,
CP141124.1,mRNA,447225,448460,-,mRNA,cpbgf_7001590,Uracil-DNA glycosylase-like,cgd7_1590,direct_name,
CP141124.1,lnc_RNA,448548,449423,+,ncRNA,cpbgf_7001595,lncRNA,None,None,
CP141124.1,mRNA,448562,449450,-,mRNA,cpbgf_7001600,Ribosomal protein L10,cgd7_1600,direct_name,
CP141124.1,mRNA,449590,452713,-,mRNA,cpbgf_7001610,Nucleoporin interacting component Nup93/Nic96,cgd7_1610,direct_name,
CP141124.1,mRNA,453125,453770,+,mRNA,cpbgf_7001620,RNA recognition motif domain containing protein,cgd7_1620,direct_name,
CP141124.1,mRNA,454061,456109,+,mRNA,cpbgf_7001630,SAM-dependent methyltransferase RsmB/NOP2-type,cgd7_1630,direct_name,
CP141124.1,mRNA,456108,457853,-,mRNA,cpbgf_7001640,GTPase domain-containing signal recognition particle SRP54 subunit,cgd7_1640,direct_name,
CP141124.1,lnc_RNA,457895,459599,+,ncRNA,cpbgf_7001645,lncRNA,None,None,
CP141124.1,mRNA,457974,459465,-,mRNA,cpbgf_7001650,Signal peptide and 6 transmembrane domains-containing protein,cgd7_1650,direct_name,
CP141124.1,mRNA,459484,460125,-,mRNA,cpbgf_7001655,Uncharacterized protein,cgd7_1653,no_direct_name,
CP141124.1,mRNA,461058,462377,+,mRNA,cpbgf_7001660,Uncharacterized protein,cgd7_1660,direct_name,
CP141124.1,mRNA,463109,466780,+,mRNA,cpbgf_7001670,Armadillo-like helical domain protein,cgd7_1670,direct_name,
CP141124.1,mRNA,466930,468403,+,mRNA,cpbgf_7001680,Rab7 GTPase,cgd7_1680,direct_name,
CP141124.1,mRNA,467318,469607,-,mRNA,cpbgf_7001685,Rad51/DMC1/RadA DNA repair Protein,cgd7_1690,no_direct_name,
CP141124.1,mRNA,469716,470267,+,mRNA,cpbgf_7001690,Prefoldin subunit,cgd7_1690,direct_name,
CP141124.1,mRNA,470550,471382,-,mRNA,cpbgf_7001700,Histone H2B,cgd7_1700,direct_name,
CP141124.1,lnc_RNA,471149,471350,+,ncRNA,cpbgf_7001705,lncRNA,None,None,
CP141124.1,lnc_RNA,472211,474888,-,ncRNA,cpbgf_7001707,lncRNA,None,None,
CP141124.1,mRNA,472273,474564,+,mRNA,cpbgf_7001710,Threonyl-tRNA synthetase,cgd7_1710,direct_name,
CP141124.1,mRNA,474988,476315,+,mRNA,cpbgf_7001715,hypothetical protein,cgd7_1713,no_direct_name,
CP141124.1,mRNA,475061,477010,-,mRNA,cpbgf_7001720,Endonuclease III/HhH-GPD domain containing protein,cgd7_1720,direct_name,
CP141124.1,mRNA,477020,481995,-,mRNA,cpbgf_7001730,CpCCp1/Cpa135,cgd7_1730,direct_name,
CP141124.1,mRNA,482157,483712,-,mRNA,cpbgf_7001740,Ing1 like PHD finger protein,cgd7_1740,direct_name,
CP141124.1,mRNA,483726,484979,-,mRNA,cpbgf_7001750,Pre-mRNA splicing Prp18-interacting factor containing protein,cgd7_1750,direct_name,
CP141124.1,mRNA,485092,489116,-,mRNA,cpbgf_7001760,Haloacid dehalogenase-like hydrolase/Phospholipid-transporting ATPase,cgd7_1760,direct_name,
CP141124.1,lnc_RNA,485093,486342,+,ncRNA,cpbgf_7001765,lncRNA,None,None,
CP141124.1,mRNA,489171,489491,+,mRNA,cpbgf_7001770,Ubiquitin-related domain containing protein,cgd7_1770,direct_name,
CP141124.1,mRNA,489571,493482,-,mRNA,cpbgf_7001780,Exportin-1/Importin-beta-like protein,cgd7_1780,direct_name,
CP141124.1,mRNA,493528,496564,+,mRNA,cpbgf_7001790,ARID/BRIGHT DNA binding domain-containing protein,cgd7_1790,direct_name,
CP141124.1,mRNA,496585,497694,-,mRNA,cpbgf_7001795,Uncharacterized protein,cgd7_1793,no_direct_name,
CP141124.1,mRNA,497558,502172,-,mRNA,cpbgf_7001800,Chitin-binding type-2 domain containing protein,cgd7_1800,direct_name,
CP141124.1,mRNA,502416,504483,+,mRNA,cpbgf_7001810,Chitobiosyldiphosphodolichol beta-mannosyltransferase ALG1-like,cgd7_1810,direct_name,
CP141124.1,mRNA,504658,505278,-,mRNA,cpbgf_7001820,TRAPPC3,cgd7_1820,direct_name,
CP141124.1,lnc_RNA,505489,507864,-,ncRNA,cpbgf_7001825,lncRNA,None,None,
CP141124.1,mRNA,505746,507710,+,mRNA,cpbgf_7001830,UTP--glucose-1-phosphate uridylyltransferase,cgd7_1830,direct_name,
CP141124.1,mRNA,507897,510031,+,mRNA,cpbgf_7001840,Serine/threonine-protein kinase,cgd7_1840,direct_name,
CP141124.1,mRNA,510140,514118,-,mRNA,cpbgf_7001850,Structural maintenance of chromosomes protein,cgd7_1850,direct_name,
CP141124.1,mRNA,514343,514954,-,mRNA,cpbgf_7001860,emp24/gp25L/p24 family/GOLD domain-containing protein,cgd7_1860,direct_name,
CP141124.1,mRNA,515133,515809,+,mRNA,cpbgf_7001880,Zinc-binding ribosomal protein L44,cgd7_1873,no_direct_name,
CP141124.1,mRNA,515905,518656,-,mRNA,cpbgf_7001890,KH1 domain containing protein,cgd7_1890,direct_name,
CP141124.1,mRNA,519181,521007,+,mRNA,cpbgf_7001900,Mitochondrial NADH dehydrogenase,cgd7_1900,direct_name,
CP141124.1,mRNA,521101,523927,-,mRNA,cpbgf_7001910,Coatomer gamma subunit/ adaptor appendage/Ig-like subdomain containng protein,cgd7_1910,direct_name,
CP141124.1,mRNA,524422,525190,+,mRNA,cpbgf_7001920,Complex protein GINS subunit domain A,cgd7_1920,direct_name,
CP141124.1,mRNA,525270,528631,-,mRNA,cpbgf_7001930,Creatinase/Aminopeptidase P/Spt16/cdc68p/PH-like domain-containing protein,cgd7_1930,direct_name,
CP141124.1,mRNA,529051,530745,-,mRNA,cpbgf_7001940,Uncharacterized Protein,cgd7_1940,direct_name,
CP141124.1,mRNA,531335,531904,+,mRNA,cpbgf_7001950,Polyketide cyclase / dehydrase/lipid transport /Coenzyme Q-binding protein COQ10/START domain containing protein,cgd7_1950,direct_name,
CP141124.1,mRNA,531903,534028,-,mRNA,cpbgf_7001960,WD40/YVTN repeat-like+signal peptide-containing protein,cgd7_1960,direct_name,
CP141124.1,lnc_RNA,534361,536122,+,ncRNA,cpbgf_7001965,lncRNA,None,None,
CP141124.1,mRNA,534512,536174,-,mRNA,cpbgf_7001970,NPL4 Nuclear pore localization protein Npl4 /Ubiquitin-like domain containing protein,cgd7_1970,direct_name,
CP141124.1,mRNA,536321,537973,+,mRNA,cpbgf_7001980,Tubulin/GTPase domain containing protein,cgd7_1980,direct_name,
CP141124.1,mRNA,537989,538817,-,mRNA,cpbgf_7001990,Uncharacterized protein,cgd7_1990,direct_name,
CP141124.1,mRNA,538968,541635,+,mRNA,cpbgf_7002000,Bub1p related protein kinase,cgd7_2000,direct_name,
CP141124.1,lnc_RNA,540750,541662,-,ncRNA,cpbgf_7002005,lncRNA,None,None,
CP141124.1,mRNA,541810,543987,+,mRNA,cpbgf_7002010,Armadillo-like helical domain protein,cgd7_2010,direct_name,
CP141124.1,mRNA,544076,544627,-,mRNA,cpbgf_7002020,Uncharacterized protein,cgd7_2013,no_direct_name,
CP141124.1,mRNA,544700,546110,-,mRNA,cpbgf_7002030,DHS-like NAD/FAD-binding domain-containing protein/Sirtuin family protein,cgd7_2030,direct_name,
CP141124.1,snoRNA,545958,546131,-,ncRNA,cpbgf_7002033,snoRNA,None,None,
CP141124.1,tRNA,546326,546411,+,tRNA,cpbgf_7002035,tRNA-Ser,None,None,
CP141124.1,mRNA,546749,547209,+,mRNA,cpbgf_7002040,Sm-like protein Lsm6/SmF,cgd7_2040,direct_name,
CP141124.1,mRNA,547230,548505,+,mRNA,cpbgf_7002050,Activator of Hsp90 ATPase,cgd7_2050,direct_name,
CP141124.1,mRNA,548526,549119,-,mRNA,cpbgf_7002060,Phosphodiesterase MJ0936/Vps29,cgd7_2060,direct_name,
CP141124.1,mRNA,549591,552743,+,mRNA,cpbgf_7002070,Uncharacterized Protein,cgd7_2070,direct_name,
CP141124.1,lnc_RNA,552201,554501,-,ncRNA,cpbgf_7002075,lncRNA,None,None,
CP141124.1,mRNA,552299,554509,+,mRNA,cpbgf_7002080,Mitochondrial processing peptidase%2Cinsulinase like metalloprotease,cgd7_2080,direct_name,
CP141124.1,mRNA,554600,556189,+,mRNA,cpbgf_7002090,RuvB-like helicase,cgd7_2090,direct_name,
CP141124.1,mRNA,555224,563295,-,mRNA,cpbgf_7002100,WD40-repeat-containing protein,cgd7_2100,direct_name,
CP141124.1,lnc_RNA,558499,563081,+,ncRNA,cpbgf_7002105,lncRNA,None,None,
CP141124.1,mRNA,563413,564601,+,mRNA,cpbgf_7002110,60S ribosomal protein L8/L2,cgd7_2110,direct_name,
CP141124.1,mRNA,564580,565337,-,mRNA,cpbgf_7002120,Uncharacterized protein,cgd7_2120,direct_name,
CP141124.1,mRNA,565360,566676,+,mRNA,cpbgf_7002130,Uncharacterized protein,cgd7_2130,direct_name,
CP141124.1,mRNA,566411,568049,-,mRNA,cpbgf_7002140,Flap endonuclease 1,cgd7_2140,direct_name,
CP141124.1,mRNA,567981,569011,-,mRNA,cpbgf_7002150,emp24/gp25L/p24 family/GOLD dimain,cgd7_2150,direct_name,
CP141124.1,mRNA,569152,569560,+,mRNA,cpbgf_7002160,Uncharacterized protein,cgd7_2160,direct_name,
CP141124.1,mRNA,570499,572304,+,mRNA,cpbgf_7002170,SWAP/Surp%2CSplicing factor 3A subunit 1,cgd7_2170,direct_name,
CP141124.1,mRNA,571997,574501,-,mRNA,cpbgf_7002180,Voltage-dependent calcium channel alpha-1 subunit,cgd7_2180,direct_name,
CP141124.1,mRNA,574563,577399,-,mRNA,cpbgf_7002190,Uncharacterized protein,cgd7_2190,direct_name,
CP141124.1,lnc_RNA,574590,575436,+,ncRNA,cpbgf_7002195,lncRNA,None,None,
CP141124.1,mRNA,576702,577822,+,mRNA,cpbgf_7002200,Guanylate kinase/L-type calcium channel beta subunit,cgd7_2200,direct_name,
CP141124.1,mRNA,577460,578409,+,mRNA,cpbgf_7002210,Uncharacterized protein,cgd7_2200,no_direct_name,
CP141124.1,mRNA,578255,581227,-,mRNA,cpbgf_7002220,Kinesin-like protein,Cgd7_2213,no_direct_name,
CP141124.1,mRNA,581414,584100,+,mRNA,cpbgf_7002230,Uncharacterized protein,cgd7_2230,direct_name,
CP141124.1,mRNA,584031,586014,-,mRNA,cpbgf_7002240,Uncharacterized protein,cgd7_2240,direct_name,
CP141124.1,mRNA,586457,587458,+,mRNA,cpbgf_7002250,40S ribosomal protein S3 KH2,cgd7_2250,direct_name,
CP141124.1,mRNA,587590,588588,+,mRNA,cpbgf_7002260,Uncharacterized protein,cgd7_2260,direct_name,
CP141124.1,mRNA,588555,589962,-,mRNA,cpbgf_7002270,Uncharacterized protein,cgd7_2270,direct_name,
CP141124.1,mRNA,590301,590927,-,mRNA,cpbgf_7002280,Ribosomal protein L40e,cgd7_2280,direct_name,
CP141124.1,mRNA,591573,592455,+,mRNA,cpbgf_7002290,rRNA-processing protein Fcf1/Utp23,cgd7_2290,direct_name,
CP141124.1,mRNA,592552,593213,+,mRNA,cpbgf_7002300,Translation elongation factor IF5A,cgd7_2300,direct_name,
CP141124.1,mRNA,593293,594948,-,mRNA,cpbgf_7002310,ORC/CDC6 like AAA ATpase,cgd7_2310,direct_name,
CP141124.1,lnc_RNA,593321,595380,+,ncRNA,cpbgf_7002315,lncRNA,None,None,
CP141124.1,mRNA,595457,596476,+,mRNA,cpbgf_7002320,Thioesterase of the a/b hydrolase,cgd7_2320,direct_name,
CP141124.1,mRNA,596540,597361,-,mRNA,cpbgf_7002330,ARF/SAR type small GTPase superfamily,cgd7_2330,direct_name,
CP141124.1,lnc_RNA,597538,600109,+,ncRNA,cpbgf_7002335,lncRNA,None,None,
CP141124.1,mRNA,597604,604275,-,mRNA,cpbgf_7002340,Uncharacterized Protein,cgd7_2340,direct_name,
CP141124.1,mRNA,604733,605784,-,mRNA,cpbgf_7002350,Uncharacterized protein,cgd7_2350,direct_name,
CP141124.1,mRNA,606012,607409,+,mRNA,cpbgf_7002360,CDC50/LEM3 family,cgd7_2360,direct_name,
CP141124.1,lnc_RNA,606535,607484,-,ncRNA,cpbgf_7002365,lncRNA,None,None,
CP141124.1,mRNA,607697,608554,+,mRNA,cpbgf_7002370,EB1 like microtubule binding protein,cgd7_2370,direct_name,
CP141124.1,mRNA,608330,609879,-,mRNA,cpbgf_7002380,hypothetical protein,cgd7_2380,direct_name,
CP141124.1,mRNA,609941,611621,+,mRNA,cpbgf_7002390,Tyrosyl-DNA phodphodiesterase 1 (Tdp1),cgd7_2390,direct_name,
CP141124.1,mRNA,611495,612115,-,mRNA,cpbgf_7002395,Uncharacterized protein,cgd7_2393,no_direct_name,
CP141124.1,mRNA,612158,612695,+,mRNA,cpbgf_7002400,GroES chaperonin,cgd7_2400,direct_name,
CP141124.1,mRNA,612219,613966,-,mRNA,cpbgf_7002410,Uncharacterized Protein,cgd7_2410,direct_name,
CP141124.1,lnc_RNA,614072,614906,+,ncRNA,cpbgf_7002415,lncRNA,None,None,
CP141124.1,mRNA,614147,614928,-,mRNA,cpbgf_7002420,60S ribosomal protein L22,cgd7_2420,direct_name,
CP141124.1,mRNA,615032,616766,+,mRNA,cpbgf_7002430,Translation initiation factor eIF-5 Tif5p/ZnR+W2 domain-containing protein,cgd7_2430,direct_name,
CP141124.1,lnc_RNA,615298,616085,-,ncRNA,cpbgf_7002435,lncRNA,None,None,
CP141124.1,mRNA,616928,622407,+,mRNA,cpbgf_7002440,Transcription factor/nuclear export subunit protein 2,cgd7_2440,direct_name,
CP141124.1,mRNA,622272,624077,-,mRNA,cpbgf_7002450,Uncharacterized Protein,cgd7_2450,direct_name,
CP141124.1,mRNA,624053,625192,+,mRNA,cpbgf_7002460,TBC/rab GAP domain containing protein,cgd7_2460,direct_name,
CP141124.1,mRNA,625287,625985,+,mRNA,cpbgf_7002470,14-3-3 domain containing protein,cgd7_2470,direct_name,
CP141124.1,lnc_RNA,626247,627194,-,ncRNA,cpbgf_7002475,lncRNA,None,None,
CP141124.1,mRNA,626366,627088,+,mRNA,cpbgf_7002480,Uncharacterized protein,cgd7_2480,direct_name,
CP141124.1,mRNA,627322,627848,+,mRNA,cpbgf_7002485,hypothetical protein,cgd7_2483,no_direct_name,
CP141124.1,mRNA,627863,629023,-,mRNA,cpbgf_7002490,Cyclin,cgd7_2490,direct_name,
CP141124.1,mRNA,629115,629903,-,mRNA,cpbgf_7002500,Skp1 family protein,cgd7_2500,direct_name,
CP141124.1,lnc_RNA,629144,631033,+,ncRNA,cpbgf_7002505,lncRNA,None,None,
CP141124.1,mRNA,630000,630833,-,mRNA,cpbgf_7002510,Sodium dicarboxylate symporter,cgd7_2510,direct_name,
CP141124.1,mRNA,631350,632023,-,mRNA,cpbgf_7002513,hypothetical protein,cgd7_2513,direct_name,
CP141124.1,snRNA,631788,632021,-,ncRNA,cpbgf_7002515,snRNA,None,None,
CP141124.1,mRNA,632151,633065,+,mRNA,cpbgf_7002520,Uncharacterized protein,cgd7_2520,direct_name,
CP141124.1,mRNA,633158,640401,-,mRNA,cpbgf_7002530,Signal peptide containing protein,cgd7_2530,direct_name,
CP141124.1,lnc_RNA,633850,635480,+,ncRNA,cpbgf_7002535,lncRNA,None,None,
CP141124.1,mRNA,640477,641231,+,mRNA,cpbgf_7002540,60S ribosomal protein L35A,cgd7_2540,direct_name,
CP141124.1,mRNA,640844,642055,-,mRNA,cpbgf_7002550,Serine aminopeptidase S33,cgd7_2550,direct_name,
CP141124.1,mRNA,641499,644390,-,mRNA,cpbgf_7002560,Sgd1p NIC/MA3/MI domain containing protein,cgd7_2560,direct_name,
CP141124.1,mRNA,644469,648560,+,mRNA,cpbgf_7002570,Adrift-like FTSJ family RNA methyltransferase,cgd7_2570,direct_name,
CP141124.1,mRNA,647166,651164,-,mRNA,cpbgf_7002580,Polysaccharide pyruvyl transferase,cgd7_2583,no_direct_name,
CP141124.1,mRNA,651294,655819,-,mRNA,cpbgf_7002600,WD40/YVTN repeat-like-containing domain,cgd7_2600,direct_name,
CP141124.1,lnc_RNA,651325,652066,+,ncRNA,cpbgf_7002605,lncRNA,None,None,
CP141124.1,lnc_RNA,655883,657215,+,ncRNA,cpbgf_7002607,lncRNA,None,None,
CP141124.1,mRNA,655932,657693,-,mRNA,cpbgf_7002610,Kelch/SKP1/BTB/POZ domain containing protein,cgd7_2610,direct_name,
CP141124.1,mRNA,657769,661592,-,mRNA,cpbgf_7002620,ClpB Atpase/signal peptide containing protein,cgd7_2620,direct_name,
CP141124.1,mRNA,662057,663659,+,mRNA,cpbgf_7002630,Patatin-like phospholipase (PNPLA) domain containing protein,cgd7_2630,direct_name,
CP141124.1,mRNA,663671,664708,-,mRNA,cpbgf_7002640,TPR repeat containing protein,cgd7_2640,direct_name,
CP141124.1,mRNA,664729,666102,-,mRNA,cpbgf_7002650,S-adenosylmethionine synthase,cgd7_2650,direct_name,
CP141124.1,lnc_RNA,664787,665723,+,ncRNA,cpbgf_7002655,lncRNA,None,None,
CP141124.1,lnc_RNA,666123,667325,+,ncRNA,cpbgf_7002657,lncRNA,None,None,
CP141124.1,mRNA,666143,668333,-,mRNA,cpbgf_7002660,Rad24/Rad17/Rf-C activator 1 AAA+ ATpase,cgd7_2660,direct_name,
CP141124.1,mRNA,668778,669945,-,mRNA,cpbgf_7002670,Serine/threonine-protein phosphatase,cgd7_2670,direct_name,
CP141124.1,lnc_RNA,670357,671918,+,ncRNA,cpbgf_7002675,lncRNA,None,None,
CP141124.1,mRNA,670586,671947,-,mRNA,cpbgf_7002680,Clathrin assembly protein,cgd7_2680,direct_name,
CP141124.1,mRNA,672688,674259,+,mRNA,cpbgf_7002690,Uncharacterized protein,cgd7_2690,direct_name,
CP141124.1,mRNA,673741,677565,-,mRNA,cpbgf_7002700,Structural maintenance of chromosomes protein 3,cgd7_2700,direct_name,
CP141124.1,mRNA,677749,679795,-,mRNA,cpbgf_7002710,NUDIX hydrolase domain containing protein,cgd7_2710,direct_name,
CP141124.1,lnc_RNA,677766,678521,+,ncRNA,cpbgf_7002715,lncRNA,None,None,
CP141124.1,mRNA,680142,685490,+,mRNA,cpbgf_7002720,Bromo domain containing protein,cgd7_2720,direct_name,
CP141124.1,lnc_RNA,681285,685479,-,ncRNA,cpbgf_7002725,lncRNA,None,None,
CP141124.1,mRNA,685530,688039,+,mRNA,cpbgf_7002730,ABC transporter,cgd7_2730,direct_name,
CP141124.1,mRNA,687846,689113,+,mRNA,cpbgf_7002740,WD40 repeat-containing protein,cgd7_2740,direct_name,
CP141124.1,lnc_RNA,687851,689146,-,ncRNA,cpbgf_7002745,lncRNA,None,None,
CP141124.1,mRNA,689526,692066,+,mRNA,cpbgf_7002750,Uncharacterized protein,cgd7_2750,direct_name,
CP141124.1,mRNA,692658,700048,+,mRNA,cpbgf_7002760,Separin,cgd7_2760,direct_name,
CP141124.1,lnc_RNA,699346,700124,-,ncRNA,cpbgf_7002765,lncRNA,None,None,
CP141124.1,mRNA,700490,705099,+,mRNA,cpbgf_7002770,BRCT domain-containing protein,cgd7_2770,direct_name,
CP141124.1,mRNA,704562,707600,-,mRNA,cpbgf_7002780,Uncharacterized protein,cgd7_2780,direct_name,
CP141124.1,mRNA,707817,709303,-,mRNA,cpbgf_7002790,NOT2 / NOT3 / NOT5 domain containing protein,cgd7_2790,direct_name,
CP141124.1,mRNA,709368,710016,+,mRNA,cpbgf_7002800,Ubiquitin-conjugating enzyme E2,cgd7_2800,direct_name,
CP141124.1,mRNA,709892,711218,-,mRNA,cpbgf_7002810,DNA/RNA-binding protein Kin17,cgd7_2810,direct_name,
CP141124.1,mRNA,710852,713654,-,mRNA,cpbgf_7002820,Uncharacterized protein,cgd7_2820,direct_name,
CP141124.1,mRNA,713744,716205,-,mRNA,cpbgf_7002830,Uncharacterized protein,cgd7_2830,direct_name,
CP141124.1,lnc_RNA,714069,715488,+,ncRNA,cpbgf_7002835,lncRNA,None,None,
CP141124.1,mRNA,716191,716944,-,mRNA,cpbgf_7002840,SUMO-conjugating enzyme Ubc9,cgd7_2840,direct_name,
CP141124.1,lnc_RNA,716198,719742,+,ncRNA,cpbgf_7002845,lncRNA,None,None,
CP141124.1,mRNA,716967,718988,-,mRNA,cpbgf_7002850,Papain family cysteine protease,cgd7_2850,direct_name,
CP141124.1,mRNA,719182,721745,-,mRNA,cpbgf_7002860,Uncharacterized protein,cgd7_2860,direct_name,
CP141124.1,mRNA,722473,726543,+,mRNA,cpbgf_7002870,Uncharacterized protein,cgd7_2870,direct_name,
CP141124.1,lnc_RNA,723875,727250,-,ncRNA,cpbgf_7002875,lncRNA,None,None,
CP141124.1,mRNA,727267,727958,+,mRNA,cpbgf_7002880,Transcription initiation factor TFIID subunit 12,cgd7_2880,direct_name,
CP141124.1,lnc_RNA,727865,730199,-,ncRNA,cpbgf_7002885,lncRNA,None,None,
CP141124.1,mRNA,728419,729092,+,mRNA,cpbgf_7002890,Uncharacterized protein,cgd7_2890,direct_name,
CP141124.1,mRNA,729131,730179,+,mRNA,cpbgf_7002900,26S Proteasome non-ATPase regulatory subunit 7/8,cgd7_2900,direct_name,
CP141124.1,mRNA,730218,732286,+,mRNA,cpbgf_7002910,Abd1p RNA (Guanine-7-methyltransferase (Cap methyltransferase)),cgd7_2910,direct_name,
CP141124.1,lnc_RNA,731854,732259,-,ncRNA,cpbgf_7002915,lncRNA,None,None,
CP141124.1,mRNA,732282,735474,+,mRNA,cpbgf_7002920,DNA replication licensing factor MCM5 like AAA+ ATpase,cgd7_2920,direct_name,
CP141124.1,mRNA,734840,735502,-,mRNA,cpbgf_7002930,Uncharacterized protein,cgd7_2930,direct_name,
CP141124.1,mRNA,735955,737656,-,mRNA,cpbgf_7002940,Coatomer subunit delta,cgd7_2940,direct_name,
CP141124.1,lnc_RNA,735968,737065,+,ncRNA,cpbgf_7002945,lncRNA,None,None,
CP141124.1,mRNA,737764,739565,+,mRNA,cpbgf_7002950,Cytidyltransferase-like domain containing protein,cgd7_2950,direct_name,
CP141124.1,mRNA,739126,740234,-,mRNA,cpbgf_7002960,Uncharacterized protein,cgd7_2960,direct_name,
CP141124.1,mRNA,740340,740840,-,mRNA,cpbgf_7002970,Transferase hexapeptide,cgd7_2970,direct_name,
CP141124.1,mRNA,741386,742717,+,mRNA,cpbgf_7002980,Uncharacterized Protein,cgd7_2980,direct_name,
CP141124.1,mRNA,743385,744778,-,mRNA,cpbgf_7002990,Inositol polyphosphate kinase,cgd7_2990,direct_name,
CP141124.1,mRNA,745220,746209,-,mRNA,cpbgf_7003000,Repressor of RNA polymerase III transcription Maf1,cgd7_3000,direct_name,
CP141124.1,mRNA,746308,747071,+,mRNA,cpbgf_7003010,Uncharacterized protein,cgd7_3010,direct_name,
CP141124.1,mRNA,747045,748604,-,mRNA,cpbgf_7003020,Rhomboid-like protein,cgd7_3020,direct_name,
CP141124.1,mRNA,748902,751685,-,mRNA,cpbgf_7003030,Importin/karyopherin,cgd7_3030,direct_name,
CP141124.1,mRNA,752187,757559,+,mRNA,cpbgf_7003040,Uncharacterized Protein,cgd7_3040,direct_name,
CP141124.1,lnc_RNA,753682,756063,-,ncRNA,cpbgf_7003043,lncRNA,None,None,
CP141124.1,lnc_RNA,757367,757573,-,ncRNA,cpbgf_7003045,lncRNA,None,None,
CP141124.1,mRNA,757656,759678,+,mRNA,cpbgf_7003050,Serine/Threonine protein kinase,cgd7_3050,direct_name,
CP141124.1,lnc_RNA,758595,758886,-,ncRNA,cpbgf_7003053,lncRNA,None,None,
CP141124.1,lnc_RNA,759000,759689,-,ncRNA,cpbgf_7003055,lncRNA,None,None,
CP141124.1,mRNA,759768,763532,+,mRNA,cpbgf_7003060,Spindle pole domain containing protein,cgd7_3060,direct_name,
CP141124.1,lnc_RNA,761815,763094,-,ncRNA,cpbgf_7003065,lncRNA,None,None,
CP141124.1,mRNA,763713,764681,+,mRNA,cpbgf_7003070,Uncharacterized protein,cgd7_3070,direct_name,
CP141124.1,mRNA,764685,766682,-,mRNA,cpbgf_7003080,Serine/threonine-protein kinase,cgd7_3080,direct_name,
CP141124.1,mRNA,766978,769038,+,mRNA,cpbgf_7003090,Uncharacterized protein,cgd7_3090,direct_name,
CP141124.1,mRNA,768789,770974,-,mRNA,cpbgf_7003100,LsmAD domain containing protein,cgd7_3100,direct_name,
CP141124.1,mRNA,771063,772666,+,mRNA,cpbgf_7003110,S1/P1 nuclease,cgd7_3110,direct_name,
CP141124.1,mRNA,772645,774434,-,mRNA,cpbgf_7003120,Thiamine pyrophosphate enzyme,cgd7_3120,direct_name,
CP141124.1,mRNA,774495,775859,-,mRNA,cpbgf_7003130,ER vesicle protein Erv41p transporter,cgd7_3130,direct_name,
CP141124.1,mRNA,776076,776639,+,mRNA,cpbgf_7003140,Uncharacterized protein,cgd7_3140,direct_name,
CP141124.1,mRNA,776660,778960,-,mRNA,cpbgf_7003150,LMBR1-like membrane protein,cgd7_3150,direct_name,
CP141124.1,mRNA,779136,780421,+,mRNA,cpbgf_7003160,Uncharacterized protein,cgd7_3160,direct_name,
CP141124.1,lnc_RNA,779528,780494,-,ncRNA,cpbgf_7003165,lncRNA,None,None,
CP141124.1,mRNA,780636,781221,+,mRNA,cpbgf_7003170,Phosducin related thioredoxin-like domain containing protein,cgd7_3170,direct_name,
CP141124.1,lnc_RNA,780793,783242,-,ncRNA,cpbgf_7003175,lncRNA,None,None,
CP141124.1,mRNA,781416,783141,+,mRNA,cpbgf_7003180,Chaperonin Cpn60/TCP-1,cgd7_3180,direct_name,
CP141124.1,mRNA,783391,785081,+,mRNA,cpbgf_7003190,Zinc finger/CCCH-type domain containing protein,cgd7_3190,direct_name,
CP141124.1,mRNA,785915,786998,-,mRNA,cpbgf_7003200,hypothetical protein,cgd7_3200,direct_name,
CP141124.1,mRNA,787386,788342,+,mRNA,cpbgf_7003210,Uncharacterized protein,cgd7_3210,direct_name,
CP141124.1,mRNA,788227,789336,-,mRNA,cpbgf_7003220,Uncharacterized protein,cgd7_3220,direct_name,
CP141124.1,mRNA,789407,790226,-,mRNA,cpbgf_7003230,SLBP family of RNA binding protein,cgd7_3230,direct_name,
CP141124.1,mRNA,790303,790821,-,mRNA,cpbgf_7003240,RNA polymerase archaeal subunit P/eukaryotic subunit RPABC4,cgd7_3240,direct_name,
CP141124.1,mRNA,790861,791870,+,mRNA,cpbgf_7003250,Uncharacterized Protein,cgd7_3250,direct_name,
CP141124.1,mRNA,792100,792891,+,mRNA,cpbgf_7003260,SWIB/MDM2 domain containing protein,cgd7_3260,direct_name,
CP141124.1,mRNA,792601,796544,-,mRNA,cpbgf_7003270,Importin/karyopherin (Arm repeats),cgd7_3270,direct_name,
CP141124.1,lnc_RNA,794686,796552,+,ncRNA,cpbgf_7003275,lncRNA,None,None,
CP141124.1,mRNA,796571,798029,-,mRNA,cpbgf_7003280,ER membrane protein complex subunit 8/9,cgd7_3280,direct_name,
CP141124.1,mRNA,798063,800041,+,mRNA,cpbgf_7003290,Cleft lip and palate transmembrane protein 1 (CLPTM1),cgd7_3290,direct_name,
CP141124.1,mRNA,800005,801354,-,mRNA,cpbgf_7003300,Ubiquitin-related modifier 1,cgd7_3300,direct_name,
CP141124.1,mRNA,800035,801151,+,mRNA,cpbgf_7003310,ER lumen protein retaining receptor,cgd7_3310,direct_name,
CP141124.1,mRNA,801452,804337,+,mRNA,cpbgf_7003320,SMAD/FHA/RING/FYVE/PHD domain containing protein,cgd7_3320,direct_name,
CP141124.1,mRNA,804305,805456,-,mRNA,cpbgf_7003330,ELMO/CED-12 family protein,cgd7_3330,direct_name,
CP141124.1,mRNA,805708,806253,-,mRNA,cpbgf_7003340,Uncharacterized protein,cgd7_3340,direct_name,
CP141124.1,mRNA,806551,808553,+,mRNA,cpbgf_7003350,Eukaryotic DNA topoisomerase I,cgd7_3350,direct_name,
CP141124.1,mRNA,808547,811042,-,mRNA,cpbgf_7003360,Uncharacterized protein,cgd7_3360,direct_name,
CP141124.1,mRNA,811130,812080,+,mRNA,cpbgf_7003370,Uncharacterized protein,cgd7_3370,direct_name,
CP141124.1,lnc_RNA,811671,812608,-,ncRNA,cpbgf_7003375,lncRNA,None,None,
CP141124.1,mRNA,812812,813438,+,mRNA,cpbgf_7003380,Uncharacterized Protein,cgd7_3380,direct_name,
CP141124.1,mRNA,813699,816231,+,mRNA,cpbgf_7003390,Patatin-like phospholipase,cgd7_3390,direct_name,
CP141124.1,mRNA,817217,817746,-,mRNA,cpbgf_7003400,Uncharacterized protein,cgd7_3400,direct_name,
CP141124.1,mRNA,818042,819820,+,mRNA,cpbgf_7003410,SNF5 like protein,cgd7_3410,direct_name,
CP141124.1,lnc_RNA,819679,821812,+,ncRNA,cpbgf_7003405,lncRNA,None,None,
CP141124.1,mRNA,819794,820374,-,mRNA,cpbgf_7003420,Uncharacterized protein,cgd7_3420,direct_name,
CP141124.1,snRNA,819933,820200,+,ncRNA,cpbgf_7003423,snRNA,None,None,
CP141124.1,snoRNA,820251,820399,+,ncRNA,cpbgf_7003425,snoRNA,None,None,
CP141124.1,mRNA,820503,822416,-,mRNA,cpbgf_7003430,Serine/Threonine protein kinase,cgd7_3430,direct_name,
CP141124.1,mRNA,822274,824276,+,mRNA,cpbgf_7003440,Uncharacterized protein,cgd7_3440,direct_name,
CP141124.1,mRNA,823500,825562,-,mRNA,cpbgf_7003450,Major facilitator superfamily (MFS5),cgd7_3450,direct_name,
CP141124.1,mRNA,825646,826518,-,mRNA,cpbgf_7003460,Uncharacterized protein,cgd7_3460,direct_name,
CP141124.1,mRNA,825655,831331,+,mRNA,cpbgf_7003470,Uncharacterized Protein,cgd7_3470,direct_name,
CP141124.1,mRNA,830760,832907,-,mRNA,cpbgf_7003480,Cytidylyltransferase (HIGH family) exon-1,cgd7_3480,direct_name,
CP141124.1,mRNA,832968,834488,+,mRNA,cpbgf_7003490,Ribosomal protein L1/ribosomal biogenesis protein,cgd7_3490,direct_name,
CP141124.1,mRNA,833717,837365,-,mRNA,cpbgf_7003500,Helicase superfamily 1/2%2CATP-binding domain%2CDinG/Rad3-type containing protein,cgd7_3500,direct_name,
CP141124.1,mRNA,833898,834704,-,mRNA,cpbgf_7003510,Leo1-like protein,cgd7_3510,direct_name,
CP141124.1,mRNA,838220,838739,-,mRNA,cpbgf_7003520,Sm-like protein Lsm7,cgd7_3513,no_direct_name,
CP141124.1,mRNA,838752,841443,+,mRNA,cpbgf_7003530,PP2C-like phosphatase,cgd7_3530,direct_name,
CP141124.1,mRNA,840408,842127,-,mRNA,cpbgf_7003540,Uncharacterized protein,cgd7_3540,direct_name,
CP141124.1,mRNA,842357,843870,+,mRNA,cpbgf_7003550,Uncharacterized protein,cgd7_3550,direct_name,
CP141124.1,mRNA,843897,845667,+,mRNA,cpbgf_7003560,Uncharacterized protein,cgd7_3560,direct_name,
CP141124.1,mRNA,844544,846418,-,mRNA,cpbgf_7003570,Uncharacterized protein,cgd7_3570,direct_name,
CP141124.1,mRNA,846521,846924,+,mRNA,cpbgf_7003580,Uncharacterized protein,cgd7_3580,direct_name,
CP141124.1,mRNA,846917,848922,-,mRNA,cpbgf_7003590,Galactose oxidase,cgd7_3590,direct_name,
CP141124.1,mRNA,848993,850714,+,mRNA,cpbgf_7003600,Mpp10 family of U3 processosome protein,cgd7_3600,direct_name,
CP141124.1,mRNA,850710,852647,-,mRNA,cpbgf_7003610,Protein arginine N-methyltransferase,cgd7_3610,direct_name,
CP141124.1,mRNA,853363,854559,+,mRNA,cpbgf_7003620,CID/ENTH/VHS domain containing protein,cgd7_3620,direct_name,
CP141124.1,mRNA,854242,856813,-,mRNA,cpbgf_7003630,PP2C phosphatase,cgd7_3630,direct_name,
CP141124.1,mRNA,855966,857619,+,mRNA,cpbgf_7003633,hypothetical protein,cgd7_3633,direct_name,
CP141124.1,mRNA,857519,859744,-,mRNA,cpbgf_7003635,hypothetical protein,cgd7_3633,no_direct_name,
CP141124.1,lnc_RNA,859725,862093,+,ncRNA,cpbgf_7003637,lncRNA,None,None,
CP141124.1,mRNA,859855,861549,-,mRNA,cpbgf_7003640,ATP-dependent (S)-NAD(P)H-hydrate dehydratase,cgd7_3640,direct_name,
CP141124.1,mRNA,861616,862544,-,mRNA,cpbgf_7003650,E2F/DP family winged-helix DNA-binding protein,cgd7_3650,direct_name,
CP141124.1,mRNA,862591,863557,+,mRNA,cpbgf_7003660,Proteasome subunit alpha,cgd7_3660,direct_name,
CP141124.1,mRNA,863697,866150,+,mRNA,cpbgf_7003670,Heat shock protein Hsp90,cgd7_3670,direct_name,
CP141124.1,mRNA,866157,868532,-,mRNA,cpbgf_7003680,TPR repeat containing protein,cgd7_3680,direct_name,
CP141124.1,mRNA,868743,870953,+,mRNA,cpbgf_7003690,HAT (Half-A-TPR) repeat containing protein,cgd7_3690,direct_name,
CP141124.1,lnc_RNA,869507,871059,-,ncRNA,cpbgf_7003695,lncRNA,None,None,
CP141124.1,mRNA,871165,872755,+,mRNA,cpbgf_7003700,Uncharacterized protein,cgd7_3700,direct_name,
CP141124.1,mRNA,871748,873754,-,mRNA,cpbgf_7003710,LRR/cysteine-containing protein,cgd7_3710,direct_name,
CP141124.1,mRNA,873901,877765,-,mRNA,cpbgf_7003720,DNA-directed RNA polymerase subunit beta,cgd7_3720,direct_name,
CP141124.1,mRNA,878070,879470,+,mRNA,cpbgf_7003730,Polyprenyl synthetase,cgd7_3730,direct_name,
CP141124.1,mRNA,879474,880157,-,mRNA,cpbgf_7003740,Uncharacterized protein,cgd7_3740,direct_name,
CP141124.1,mRNA,880285,882669,+,mRNA,cpbgf_7003750,Oligomeric golgi complex protein 4,cgd7_3750,direct_name,
CP141124.1,mRNA,882431,884646,+,mRNA,cpbgf_7003760,Protein kinase domain containing protein,cgd7_3760,direct_name,
CP141124.1,lnc_RNA,882996,885217,-,ncRNA,cpbgf_7003765,lncRNA,None,None,
CP141124.1,mRNA,884585,885081,+,mRNA,cpbgf_7003770,Heat shock factor binding 1,cgd7_3770,direct_name,
CP141124.1,mRNA,885462,887526,+,mRNA,cpbgf_7003780,Cyclin,cgd7_3780,direct_name,
CP141124.1,mRNA,887668,890300,-,mRNA,cpbgf_7003790,Myosin motor domain containing protein,cgd7_3790,direct_name,
CP141124.1,lnc_RNA,890433,895436,+,ncRNA,cpbgf_7003795,lncRNA,None,None,
CP141124.1,mRNA,890522,899227,-,mRNA,cpbgf_7003800,putative Secreted Protein (CpLSP gene family),cgd7_3800,direct_name,
CP141124.1,mRNA,899503,904837,+,mRNA,cpbgf_7003810,Uncharacterized protein,cgd7_3810,direct_name,
CP141124.1,lnc_RNA,899952,901237,-,ncRNA,cpbgf_7003815,lncRNA,None,None,
CP141124.1,mRNA,904971,909296,+,mRNA,cpbgf_7003820,Uncharacterized protein,cgd7_3820,direct_name,
CP141124.1,mRNA,909613,911612,+,mRNA,cpbgf_7003830,Uncharacterized protein,cgd7_3830,direct_name,
CP141124.1,mRNA,911027,913964,-,mRNA,cpbgf_7003840,Uncharacterized protein,cgd7_3840,direct_name,
CP141124.1,lnc_RNA,914033,914696,+,ncRNA,cpbgf_7003845,lncRNA,None,None,
CP141124.1,mRNA,914084,914901,-,mRNA,cpbgf_7003850,Uncharacterized protein,cgd7_3850,direct_name,
CP141124.1,mRNA,915077,918856,-,mRNA,cpbgf_7003860,Uncharacterized protein,cgd7_3860,direct_name,
CP141124.1,mRNA,919113,924110,+,mRNA,cpbgf_7003865,putative Secreted Protein (CpLSP gene family),cgd7_3870,no_direct_name,
CP141124.1,mRNA,924026,924584,-,mRNA,cpbgf_7003870,hypothetical protein,cgd7_3870,direct_name,
CP141124.1,lnc_RNA,924631,927016,+,ncRNA,cpbgf_7003875,lncRNA,None,None,
CP141124.1,mRNA,924981,926864,-,mRNA,cpbgf_7003880,DnaJ/Sec63 domain containing protein,cgd7_3880,direct_name,
CP141124.1,mRNA,927216,928589,+,mRNA,cpbgf_7003885,Uncharacterized protein,cgd7_3883,no_direct_name,
CP141124.1,mRNA,928631,929704,-,mRNA,cpbgf_7003890,Calcium-dependent protein kinase 7 (CDPK)(CPK7),cgd7_3890,direct_name,
CP141124.1,mRNA,930213,931106,+,mRNA,cpbgf_7003900,Uncharacterized protein,cgd7_3900,direct_name,
CP141124.1,mRNA,931313,933010,+,mRNA,cpbgf_7003910,Cysteine rich protein with two potential transmembrane domain regions,cgd7_3910,direct_name,
CP141124.1,mRNA,933243,933905,+,mRNA,cpbgf_7003920,Kinase phosphorylation domain containing protein,cgd7_3920,direct_name,
CP141124.1,lnc_RNA,933283,935050,-,ncRNA,cpbgf_7003925,lncRNA,None,None,
CP141124.1,mRNA,933950,935150,+,mRNA,cpbgf_7003930,THIF-type NAD/FAD binding fold-containing protein,cgd7_3930,direct_name,
CP141124.1,mRNA,935102,936995,+,mRNA,cpbgf_7003940,eIF4A-1 eukaryotic translation initiation factor 4A-1 RNA SFII helicase,cgd7_3940,direct_name,
CP141124.1,mRNA,936092,937679,-,mRNA,cpbgf_7003950,2*FF domain containing protein (Phosphopeptide binding),cgd7_3950,direct_name,
CP141124.1,mRNA,937752,939233,+,mRNA,cpbgf_7003960,Pleiotropic regulator 1,cgd7_3960,direct_name,
CP141124.1,mRNA,939109,939605,-,mRNA,cpbgf_7003970,Small nuclear ribonucleoprotein G,cgd7_3970,direct_name,
CP141124.1,mRNA,939660,942201,+,mRNA,cpbgf_7003980,PX/WD40 domain containing protein,cgd7_3980,direct_name,
CP141124.1,mRNA,942084,942816,-,mRNA,cpbgf_7003990,ubiquitin-like autophagy protein Atg8,cgd7_3990,direct_name,
CP141124.1,mRNA,942937,944351,+,mRNA,cpbgf_7004000,Uncharacterized protein,cgd7_4000,direct_name,
CP141124.1,mRNA,944501,947236,+,mRNA,cpbgf_7004010,Regulator of chromosome condensation 1/beta-lactamase-inhibitor protein II,cgd7_4010,direct_name,
CP141124.1,mRNA,947377,953720,-,mRNA,cpbgf_7004020,Cryptopsoridial mucin,cgd7_4020,direct_name,
CP141124.1,lnc_RNA,950761,951245,+,ncRNA,cpbgf_7004023,lncRNA,None,None,
CP141124.1,tRNA,953988,954061,+,tRNA,cpbgf_7004025,tRNA-Gly,None,None,
CP141124.1,mRNA,954180,956139,-,mRNA,cpbgf_7004030,Uncharacterized protein,cgd7_4030,direct_name,
CP141124.1,mRNA,956256,956892,-,mRNA,cpbgf_7004040,Uncharacterized protein,cgd7_4040,direct_name,
CP141124.1,mRNA,957008,957472,+,mRNA,cpbgf_7004050,Ribosomal protein L38,cgd7_4050,direct_name,
CP141124.1,mRNA,957562,959984,+,mRNA,cpbgf_7004060,Signal recognition particle subunit SRP72,cgd7_4060,direct_name,
CP141124.1,mRNA,959803,961187,-,mRNA,cpbgf_7004070,Arsenical pump ATPase%2CArsA/GET3,cgd7_4070,direct_name,
CP141124.1,mRNA,961390,962682,+,mRNA,cpbgf_7004080,Thioredoxin,cgd7_4080,direct_name,
CP141124.1,mRNA,962656,964876,-,mRNA,cpbgf_7004090,Alpha superhelical protein%2Cdivergent TPR like repeats%2Cpossible microtubule associated protein,cgd7_4090,direct_name,
CP141124.1,mRNA,965067,965700,+,mRNA,cpbgf_7004095,hypothetical protein,cgd4_4330,no_direct_name,
CP141124.1,mRNA,965706,966221,-,mRNA,cpbgf_7004100,hypothetical protein,cgd7_4100,direct_name,
CP141124.1,mRNA,966314,968579,-,mRNA,cpbgf_7004105,SMAD/FHA/RING/FYVE/PHD domain containing protein,cgd7_4100,no_direct_name,
CP141124.1,mRNA,968933,970765,-,mRNA,cpbgf_7004110,WD40/YVTN repeat-like-doman containing protein,cgd7_4110,direct_name,
CP141124.1,mRNA,970766,972470,-,mRNA,cpbgf_7004120,Glycosyltransferase 2-like,cgd7_4120,direct_name,
CP141124.1,lnc_RNA,970812,972666,+,ncRNA,cpbgf_7004125,lncRNA,None,None,
CP141124.1,mRNA,972555,974322,-,mRNA,cpbgf_7004130,SAM-dependent methyltransferase RsmB/NOP2-type,cgd7_4130,direct_name,
CP141124.1,mRNA,974385,975704,-,mRNA,cpbgf_7004140,WD40/YVTN repeat-like-doman containing protein,cgd7_4140,direct_name,
CP141124.1,mRNA,975774,977847,+,mRNA,cpbgf_7004150,PP2C phosphatase,cgd7_4150,direct_name,
CP141124.1,mRNA,977886,979799,-,mRNA,cpbgf_7004160,Glycosyltransferase 2-like,cgd7_4160,direct_name,
CP141124.1,mRNA,979984,981215,-,mRNA,cpbgf_7004170,Zinc finger%2CRING/FYVE/PHD-type domain containing protein,cgd7_4170,direct_name,
CP141124.1,mRNA,981677,982265,+,mRNA,cpbgf_7004180,Clathrin adaptor complex small chain/Longin-like domain containing protein,cgd7_4180,direct_name,
CP141124.1,mRNA,982283,986081,-,mRNA,cpbgf_7004190,Cation-transporting P-type Atpase,cgd7_4190,direct_name,
CP141124.1,mRNA,986502,987085,+,mRNA,cpbgf_7004200,RNA polymerase Rpb4,cgd7_4200,direct_name,
CP141124.1,mRNA,987225,987714,+,mRNA,cpbgf_7004210,Protein translocase complex%2CSecE/Sec61-gamma subunit,cgd7_4210,direct_name,
CP141124.1,mRNA,987799,988235,-,mRNA,cpbgf_7004215,Uncharacterized protein,cgd7_4213,no_direct_name,
CP141124.1,mRNA,988335,990184,+,mRNA,cpbgf_7004220,TCP-1/cpn60 chaperonin,cgd7_4220,direct_name,
CP141124.1,mRNA,990131,992054,-,mRNA,cpbgf_7004230,Uncharacterized protein,cgd7_4230,direct_name,
CP141124.1,mRNA,992117,993139,-,mRNA,cpbgf_7004240,Prohibitin,cgd7_4240,direct_name,
CP141124.1,mRNA,993171,995167,-,mRNA,cpbgf_7004250,RNA pol II HAD superfamily/BRCT domain containing protein,cgd7_4250,direct_name,
CP141124.1,mRNA,995333,997251,-,mRNA,cpbgf_7004260,Uncharacterized protein,cgd7_4260,direct_name,
CP141124.1,mRNA,997312,998633,+,mRNA,cpbgf_7004270,2%2C3-bisphosphoglycerate-dependent phosphoglycerate mutase [gpmA],cgd7_4270,direct_name,
CP141124.1,mRNA,998726,1002934,-,mRNA,cpbgf_7004280,Uncharacterized Protein,cgd7_4280,direct_name,
CP141124.1,mRNA,1002979,1004800,+,mRNA,cpbgf_7004290,Major facilitator superfamily domain containing protein,cgd7_4290,direct_name,
CP141124.1,mRNA,1004965,1006220,+,mRNA,cpbgf_7004300,Zinc finger C2H2 type domain containing protein,cgd7_4300,direct_name,
CP141124.1,lnc_RNA,1006185,1011607,-,ncRNA,cpbgf_7004305,lncRNA,None,None,
CP141124.1,mRNA,1006325,1011565,+,mRNA,cpbgf_7004310,Cysteine-rich secretory protein,cgd7_4310,direct_name,
CP141124.1,mRNA,1012003,1013166,+,mRNA,cpbgf_7004320,Uncharacterized Protein,cgd7_4320,direct_name,
CP141124.1,mRNA,1013270,1015368,+,mRNA,cpbgf_7004325,Glycoprotein%2Cputative,cgd7_4330,no_direct_name,
CP141124.1,mRNA,1015346,1017199,+,mRNA,cpbgf_7004330,Uncharacterized protein,cgd7_4330,direct_name,
CP141124.1,mRNA,1017213,1026941,-,mRNA,cpbgf_7004340,putative Secreted Protein,cgd7_4340,direct_name,
CP141124.1,mRNA,1027144,1032184,-,mRNA,cpbgf_7004350,Myosin motor domain containing protein,cgd7_4350,direct_name,
CP141124.1,mRNA,1032636,1033757,-,mRNA,cpbgf_7004360,Thioredoxin-like protein,cgd7_4360,direct_name,
CP141124.1,mRNA,1034088,1034587,+,mRNA,cpbgf_7004370,RNA polymerase II Rpb3/Rpb11,cgd7_4370,direct_name,
CP141124.1,mRNA,1034692,1035418,-,mRNA,cpbgf_7004380,Small GTP-binding protein domain containing protein,cgd7_4380,direct_name,
CP141124.1,mRNA,1035621,1036726,-,mRNA,cpbgf_7004390,Eukaryotic nuclear movement protein nudC-like protein,cgd7_4390,direct_name,
CP141124.1,mRNA,1036809,1038995,+,mRNA,cpbgf_7004400,Coronin,cgd7_4400,direct_name,
CP141124.1,mRNA,1038904,1040015,-,mRNA,cpbgf_7004410,Ubiquitin-conjugating enzyme/RWD-like domain-containing protein,cgd7_4410,direct_name,
CP141124.1,mRNA,1040004,1042655,-,mRNA,cpbgf_7004420,Calcineurin-like phosphoesterase,cgd7_4420,direct_name,
CP141124.1,mRNA,1042773,1045757,+,mRNA,cpbgf_7004430,Glycosyltransferase 2-like,cgd7_4430,direct_name,
CP141124.1,mRNA,1043463,1046017,-,mRNA,cpbgf_7004450,Elongation factor EF1-gamma (Glutathione S-transferase family),cgd7_4450,direct_name,
CP141124.1,mRNA,1046329,1047083,+,mRNA,cpbgf_7004460,60S ribosomal protein L6,cgd7_4460,direct_name,
CP141124.1,mRNA,1047479,1049106,+,mRNA,cpbgf_7004470,Tyrosine-protein phosphatase CDC14,cgd7_4470,direct_name,
CP141124.1,mRNA,1048829,1050419,-,mRNA,cpbgf_7004480,RNA recognition motif domain containing protein,cgd7_4480,direct_name,
CP141124.1,lnc_RNA,1050807,1053475,+,ncRNA,cpbgf_7004485,lncRNA,None,None,
CP141124.1,mRNA,1050923,1055824,-,mRNA,cpbgf_7004490,Uncharacterized Protein,cgd7_4490,direct_name,
CP141124.1,lnc_RNA,1057256,1059985,-,ncRNA,cpbgf_7004495,lncRNA,None,None,
CP141124.1,mRNA,1057495,1059987,+,mRNA,cpbgf_7004500,putative Secreted Protein,cgd7_4500,direct_name,
CP141124.1,mRNA,1060057,1064970,-,mRNA,cpbgf_7004510,ABC transporter,cgd7_4510,direct_name,
CP141124.1,lnc_RNA,1065483,1070490,+,ncRNA,cpbgf_7004515,lncRNA,None,None,
CP141124.1,mRNA,1066082,1070518,-,mRNA,cpbgf_7004520,ABC transporter integral membrane type-1 fused domain containing protein,cgd7_4520,direct_name,
CP141124.1,mRNA,1070860,1076664,+,mRNA,cpbgf_7004530,Uncharacterized Protein,cgd7_4530,direct_name,
CP141124.1,lnc_RNA,1076897,1078357,-,ncRNA,cpbgf_7004535,lncRNA,None,None,
CP141124.1,mRNA,1077351,1078193,+,mRNA,cpbgf_7004540,Uncharacterized protein,cgd7_4540,direct_name,
CP141124.1,mRNA,1078275,1078951,-,mRNA,cpbgf_7004550,Ubiquitin-like protein,cgd7_4550,direct_name,
CP141124.1,mRNA,1079055,1088700,-,mRNA,cpbgf_7004560,Sushi/SCR/CCP/SbsA/lg-like domain containing protein,cgd7_4560,direct_name,
CP141124.1,mRNA,1088903,1089583,+,mRNA,cpbgf_7004570,Snf7,cgd7_4570,direct_name,
CP141124.1,mRNA,1089735,1090191,+,mRNA,cpbgf_7004580,Sm-like protein LSm5,cgd7_4580,direct_name,
CP141124.1,mRNA,1090163,1091425,-,mRNA,cpbgf_7004590,Alpha/beta knot methyltransferase,cgd7_4590,direct_name,
CP141124.1,mRNA,1091485,1093197,+,mRNA,cpbgf_7004600,RNA helicase%2CDEAD-box type%2CQ motif domain containing protein,cgd7_4600,direct_name,
CP141124.1,mRNA,1093288,1094457,-,mRNA,cpbgf_7004610,Cyclin-like,cgd7_4610,direct_name,
CP141124.1,mRNA,1094610,1097344,+,mRNA,cpbgf_7004620,Replication protein A,cgd7_4620,direct_name,
CP141124.1,mRNA,1097158,1098029,-,mRNA,cpbgf_7004630,Prefoldin subunit 2,cgd7_4630,direct_name,
CP141124.1,mRNA,1098113,1099099,+,mRNA,cpbgf_7004640,PPM-type phosphatase domain containing protein,cgd7_4640,direct_name,
CP141124.1,mRNA,1099092,1099577,-,mRNA,cpbgf_7004650,Ribonucleases P/MRP protein subunit Rpp200-like protein,cgd7_4650,direct_name,
CP141124.1,mRNA,1100502,1102024,+,mRNA,cpbgf_7004660,Uncharacterized Protein,cgd7_4660,direct_name,
CP141124.1,mRNA,1102082,1102518,+,mRNA,cpbgf_7004665,hypothetical protein,cgd7_4663,no_direct_name,
CP141124.1,mRNA,1102688,1103399,+,mRNA,cpbgf_7004670,Uncharacterized protein,cgd7_4670,direct_name,
CP141124.1,mRNA,1103290,1104456,-,mRNA,cpbgf_7004680,Uncharacterized protein,cgd7_4680,direct_name,
CP141124.1,mRNA,1104586,1107330,-,mRNA,cpbgf_7004690,AAA+ ATPase domain containing protein,cgd7_4690,direct_name,
CP141124.1,mRNA,1107514,1108389,+,mRNA,cpbgf_7004700,Zinc finger%2CRING/FYVE/PHD-type domain containing protein,cgd7_4700,direct_name,
CP141124.1,mRNA,1108332,1109448,-,mRNA,cpbgf_7004710,START domain containing protein,cgd7_4710,direct_name,
CP141124.1,lnc_RNA,1109634,1110753,+,ncRNA,cpbgf_7004713,lncRNA,None,None,
CP141124.1,mRNA,1109686,1110736,-,mRNA,cpbgf_7004715,Uncharacterized protein,cgd7_4713,no_direct_name,
CP141124.1,mRNA,1111148,1112534,+,mRNA,cpbgf_7004720,Uncharacterized protein,cgd7_4720,direct_name,
CP141124.1,mRNA,1112816,1114005,+,mRNA,cpbgf_7004730,UBA/TS-N/XPC-binding/Ubiquitin-associated domain-containing/Rad23-like protein,cgd7_4730,direct_name,
CP141124.1,mRNA,1114222,1115985,+,mRNA,cpbgf_7004740,Rab GDP dissociation inhibitor,cgd7_4740,direct_name,
CP141124.1,mRNA,1115939,1116962,-,mRNA,cpbgf_7004750,Uncharacterized protein,cgd7_4750,direct_name,
CP141124.1,mRNA,1117069,1118675,+,mRNA,cpbgf_7004760,Ribosomal protein S4,cgd7_4760,direct_name,
CP141124.1,snRNA,1118034,1118172,+,ncRNA,cpbgf_7004765,snRNA,None,None,
CP141124.1,mRNA,1118756,1119305,-,mRNA,cpbgf_7004770,DNA-directed RNA polymerase%2Csubunit RPB6,cgd7_4770,direct_name,
CP141124.1,mRNA,1119657,1120660,+,mRNA,cpbgf_7004780,Glutathione S-transferase,cgd7_4780,direct_name,
CP141124.1,mRNA,1120616,1122757,-,mRNA,cpbgf_7004790,PPM-type phosphatase domain containing protein,cgd7_4790,direct_name,
CP141124.1,lnc_RNA,1122848,1125049,+,ncRNA,cpbgf_7004795,lncRNA,None,None,
CP141124.1,mRNA,1123096,1125076,-,mRNA,cpbgf_7004800,Amino acid transporter,cgd7_4800,direct_name,
CP141124.1,mRNA,1125557,1128183,-,mRNA,cpbgf_7004810,Fibronectin II collagen-binding/PA14 domain containing protein,cgd7_4810,direct_name,
CP141124.1,mRNA,1128322,1129509,-,mRNA,cpbgf_7004820,Uncharacterized Protein,cgd7_4820,direct_name,
CP141124.1,mRNA,1130094,1132958,+,mRNA,cpbgf_7004830,Mechanosensitive ion channel MscS containing protein,cgd7_4830,direct_name,
CP141124.1,mRNA,1133198,1135921,-,mRNA,cpbgf_7004840,hypothetical protein,cgd7_4840,direct_name,
CP141124.1,mRNA,1133345,1134151,+,mRNA,cpbgf_7004850,Phosducin related thioredoxin fold protein,cgd7_4850,direct_name,
CP141124.1,mRNA,1135396,1140265,+,mRNA,cpbgf_7004860,Uncharacterized protein,cgd7_4860,direct_name,
CP141124.1,mRNA,1140174,1140990,-,mRNA,cpbgf_7004870,Uncharacterized protein,cgd7_4870,direct_name,
CP141124.1,mRNA,1141468,1141913,+,mRNA,cpbgf_7004880,rRNA processing related protein,cgd7_4880,direct_name,
CP141124.1,mRNA,1141938,1143283,+,mRNA,cpbgf_7004890,Uncharacterized Protein,cgd7_4890,direct_name,
CP141124.1,mRNA,1143258,1144457,-,mRNA,cpbgf_7004895,Uncharacterized protein,cgd7_4890,no_direct_name,
CP141124.1,mRNA,1144837,1147748,+,mRNA,cpbgf_7004900,Ubiquitin carboxyl-terminal hydrolase,cgd7_4900,direct_name,
CP141124.1,mRNA,1148131,1149622,+,mRNA,cpbgf_7004910,Zinc finger%2CRING/FYVE/PHD-type domain containing protein,cgd7_4910,direct_name,
CP141124.1,mRNA,1149718,1152423,-,mRNA,cpbgf_7004920,Uncharacterized Protein,cgd7_4920,direct_name,
CP141124.1,mRNA,1152383,1153542,+,mRNA,cpbgf_7004930,ALDH/Gamma-glutamyl phosphate reductase,cgd7_4933,no_direct_name,
CP141124.1,mRNA,1153630,1154986,+,mRNA,cpbgf_7004940,ALDH/Gamma-glutamyl phosphate reductase,cgd7_4933,no_direct_name,
CP141124.1,mRNA,1155024,1156428,-,mRNA,cpbgf_7004950,Pantothenate kinase 2 with RNase H fold,cgd7_4950,direct_name,
CP141124.1,tRNA,1156905,1157013,-,tRNA,cpbgf_7004955,tRNA-Met,None,None,
CP141124.1,lnc_RNA,1157128,1159050,+,ncRNA,cpbgf_7004957,lncRNA,None,None,
CP141124.1,mRNA,1157168,1159699,-,mRNA,cpbgf_7004960,RRM/Zinc finger%2CRING/FYVE/PHD-type domain containing protein,cgd7_4960,direct_name,
CP141124.1,mRNA,1160497,1162421,+,mRNA,cpbgf_7004970,Protein phosphatase 2A regulatory subunit (Contains a conserved version of EF hands),cgd7_4970,direct_name,
CP141124.1,lnc_RNA,1161372,1163015,-,ncRNA,cpbgf_7004973,lncRNA,None,None,
CP141124.1,rRNA,1163587,1163696,+,rRNA,cpbgf_7004975,5S ribosomal RNA,None,None,
CP141124.1,rRNA,1164258,1164367,+,rRNA,cpbgf_7004976,5S ribosomal RNA,None,None,
CP141124.1,rRNA,1165169,1165278,+,rRNA,cpbgf_7004977,5S ribosomal RNA,None,None,
CP141124.1,mRNA,1166013,1172468,+,mRNA,cpbgf_7004980,Uncharacterized protein,cgd7_4980,direct_name,
CP141124.1,mRNA,1172588,1193466,-,mRNA,cpbgf_7004990,Ubiquitin ligase with a HECT domain at the C-terminus,cgd7_4990,direct_name,
CP141124.1,mRNA,1193564,1196004,+,mRNA,cpbgf_7005000,Vacuolar ATP synthase subunit A,cgd7_5000,direct_name,
CP141124.1,lnc_RNA,1196060,1197008,+,ncRNA,cpbgf_7005005,lncRNA,None,None,
CP141124.1,mRNA,1196200,1200160,-,mRNA,cpbgf_7005010,WD40 repeat containing protein,cgd7_5010,direct_name,
CP141124.1,mRNA,1201098,1202708,+,mRNA,cpbgf_7005020,Ubiquilin,cgd7_5020,direct_name,
CP141124.1,lnc_RNA,1201134,1208469,-,ncRNA,cpbgf_7005025,lncRNA,None,None,
CP141124.1,mRNA,1202980,1205046,+,mRNA,cpbgf_7005030,Reduced growth phenotype protein 1,cgd7_5030,direct_name,
CP141124.1,mRNA,1205174,1208471,+,mRNA,cpbgf_7005040,hypothetical protein,cgd7_5040,direct_name,
CP141124.1,mRNA,1208967,1213154,+,mRNA,cpbgf_7005050,NIMA-related kinase 5,cgd7_5050,direct_name,
CP141124.1,lnc_RNA,1211964,1213199,-,ncRNA,cpbgf_7005055,lncRNA,None,None,
CP141124.1,mRNA,1213329,1214495,+,mRNA,cpbgf_7005060,Ribosomal protein S20,cgd7_5060,direct_name,
CP141124.1,lnc_RNA,1213354,1215274,-,ncRNA,cpbgf_7005065,lncRNA,None,None,
CP141124.1,mRNA,1214671,1215283,+,mRNA,cpbgf_7005070,Uncharacterized protein,cgd7_5070,direct_name,
CP141124.1,mRNA,1215363,1217816,-,mRNA,cpbgf_7005080,Oligosaccharyltransferase subunit Ribophorin II,cgd7_5080,direct_name,
CP141124.1,mRNA,1218543,1220376,-,mRNA,cpbgf_7005090,SET/MYND domain-containing protein,cgd7_5090,direct_name,
CP141124.1,mRNA,1220481,1222269,-,mRNA,cpbgf_7005100,Thioredoxin,cgd7_5100,direct_name,
CP141124.1,mRNA,1222657,1224777,-,mRNA,cpbgf_7005103,hypothetical protein,cgd7_5103,direct_name,
CP141124.1,snoRNA,1223314,1223467,-,ncRNA,cpbgf_7005104,snoRNA,None,None,
CP141124.1,snRNA,1223709,1223926,-,ncRNA,cpbgf_7005105,snRNA,None,None,
CP141124.1,snRNA,1223949,1224149,-,ncRNA,cpbgf_7005106,snRNA,None,None,
CP141124.1,snoRNA,1224333,1224540,-,ncRNA,cpbgf_7005107,snoRNA,None,None,
CP141124.1,mRNA,1224883,1226253,-,mRNA,cpbgf_7005110,FANC-like protein,cgd7_5110,direct_name,
CP141124.1,mRNA,1224896,1228450,+,mRNA,cpbgf_7005120,Uncharacterized protein,cgd7_5120,direct_name,
CP141124.1,mRNA,1228449,1233445,-,mRNA,cpbgf_7005130,Uncharacterized protein,cgd7_5130,direct_name,
CP141124.1,mRNA,1233657,1234873,-,mRNA,cpbgf_7005140,Uncharacterized Protein,cgd7_5140,direct_name,
CP141124.1,mRNA,1235341,1237230,+,mRNA,cpbgf_7005150,Chitin-binding type-2 domain containing protein,cgd7_5150,direct_name,
CP141124.1,mRNA,1237399,1237764,+,mRNA,cpbgf_7005160,RNA recognition motif domain containing protein,cgd7_5160,direct_name,
CP141124.1,mRNA,1237750,1238445,-,mRNA,cpbgf_7005170,dUTPase-like,cgd7_5170,direct_name,
CP141124.1,mRNA,1238628,1240243,-,mRNA,cpbgf_7005180,Eukaryotic translation initiation factor 3 subunit H,cgd7_5180,direct_name,
CP141124.1,lnc_RNA,1238685,1240742,+,ncRNA,cpbgf_7005185,lncRNA,None,None,
CP141124.1,mRNA,1240390,1241741,-,mRNA,cpbgf_7005190,Uncharacterized protein,cgd7_5190,direct_name,
CP141124.1,mRNA,1241765,1243141,-,mRNA,cpbgf_7005200,Uncharacterized protein,cgd7_5200,direct_name,
CP141124.1,lnc_RNA,1241880,1242893,+,ncRNA,cpbgf_7005205,lncRNA,None,None,
CP141124.1,mRNA,1243203,1244884,+,mRNA,cpbgf_7005210,Bromo domain containing protein,cgd7_5210,direct_name,
CP141124.1,mRNA,1244986,1246979,-,mRNA,cpbgf_7005220,SFCC1/RRM/RBM39 like domain containing protein,cgd7_5220,direct_name,
CP141124.1,lnc_RNA,1247124,1248541,+,ncRNA,cpbgf_7005235,lncRNA,None,None,
CP141124.1,mRNA,1247124,1247690,-,mRNA,cpbgf_7005230,D-tyrosyl-tRNA(Tyr) deacylase,cgd7_5230,direct_name,
CP141124.1,mRNA,1247894,1249415,-,mRNA,cpbgf_7005240,HAD-like domain containing protein,cgd7_5240,direct_name,
CP141124.1,mRNA,1249607,1251026,-,mRNA,cpbgf_7005250,Lysine methyltransferase,cgd7_5250,direct_name,
CP141124.1,mRNA,1251147,1251692,+,mRNA,cpbgf_7005255,hypothetical protein,cgd7_5253,no_direct_name,
CP141124.1,mRNA,1251331,1254076,-,mRNA,cpbgf_7005260,Uncharacterized protein,cgd7_5260,direct_name,
CP141124.1,mRNA,1254233,1255445,-,mRNA,cpbgf_7005270,Eukaryotic translation initiation factor 2 alpha subunit/S1 RNA binding domain containing protein,cgd7_5270,direct_name,
CP141124.1,mRNA,1255885,1257710,-,mRNA,cpbgf_7005280,PH1/SSRP1-like domain containing protein,cgd7_5280,direct_name,
CP141124.1,lnc_RNA,1255904,1257261,+,ncRNA,cpbgf_7005285,lncRNA,None,None,
CP141124.1,mRNA,1257980,1259110,-,mRNA,cpbgf_7005290,Hedgehog-type HINT domain containing protein,cgd7_5290,direct_name,
CP141124.1,mRNA,1259494,1261197,+,mRNA,cpbgf_7005300,Rab geranylgeranyltransferase alpha subunit,cgd7_5300,direct_name,
CP141124.1,mRNA,1261031,1262172,-,mRNA,cpbgf_7005310,ribosomal protein L24,cgd7_5310,direct_name,
CP141124.1,mRNA,1262238,1262972,+,mRNA,cpbgf_7005320,Cwf5-like/ZnR domain containing protein (CCCH and RRM domains missing),cgd7_5320,direct_name,
CP141124.1,mRNA,1263056,1265050,-,mRNA,cpbgf_7005330,Thioredoxin/PDI transmembrane domain containing protein,cgd7_5330,direct_name,
CP141124.1,mRNA,1265575,1267221,-,mRNA,cpbgf_7005340,Uncharacterized protein,cgd7_5340,direct_name,
CP141124.1,mRNA,1267789,1268844,-,mRNA,cpbgf_7005350,LSM domain containing protein,cgd7_5350,direct_name,
CP141124.1,mRNA,1268926,1271217,+,mRNA,cpbgf_7005360,Uncharacterized protein,cgd7_5360,direct_name,
CP141124.1,mRNA,1271126,1272432,-,mRNA,cpbgf_7005370,Cyclic phosphodiesterase,cgd7_5370,direct_name,
CP141124.1,mRNA,1272751,1273551,+,mRNA,cpbgf_7005380,CtIP type zinc knuckle (C2H2),cgd7_5380,direct_name,
CP141124.1,mRNA,1273572,1275571,-,mRNA,cpbgf_7005400,Uncharacterized protein,cgd7_5400,direct_name,
CP141124.1,mRNA,1275690,1278662,+,mRNA,cpbgf_7005410,WD40-repeat-containing protein,cgd7_5410,direct_name,
CP141124.1,mRNA,1278596,1280560,-,mRNA,cpbgf_7005420,RecQ mediated genome instability protein,cgd7_5420,direct_name,
CP141124.1,mRNA,1280469,1282488,+,mRNA,cpbgf_7005430,putative transmembrane Protein,cgd7_5430,direct_name,
CP141124.1,mRNA,1282771,1292754,+,mRNA,cpbgf_7005440,Uncharacterized protein,cgd7_5440,direct_name,
CP141124.1,lnc_RNA,1286884,1291009,-,ncRNA,cpbgf_7005445,lncRNA,None,None,
CP141124.1,mRNA,1292726,1293939,-,mRNA,cpbgf_7005450,Uncharacterized protein,cgd7_5450,direct_name,
CP141124.1,mRNA,1294204,1297239,-,mRNA,cpbgf_7005460,VPS16 vacuolar sorting protein,cgd7_5460,direct_name,
CP141124.1,mRNA,1297334,1298666,+,mRNA,cpbgf_7005470,Uncharacterized protein,cgd7_5470,direct_name,
CP141124.1,mRNA,1298684,1305815,-,mRNA,cpbgf_7005480,Uncharacterized Protein,cgd7_5480,direct_name,
CP141124.1,mRNA,1305926,1307217,-,mRNA,cpbgf_7005490,Prp18/PRP4 domain containing protein,cgd7_5490,direct_name,
CP141124.1,mRNA,1307400,1311851,+,mRNA,cpbgf_7005500,Secreted GGC gene family protein,cgd7_5500,direct_name,
CP141124.1,mRNA,1312325,1313044,+,mRNA,cpbgf_7005510,putative Secreted Protein,cgd7_5510,direct_name,
CP141124.1,mRNA,1313570,1317281,-,mRNA,cpbgf_7005520,Hemogen,cgd7_5520,direct_name,
CP141124.1,rRNA,1319446,1321191,+,rRNA,cpbgf_7005550,18S ribosomal RNA,None,None,
CP141124.1,lnc_RNA,1320241,1321021,-,ncRNA,cpbgf_7005560,lncRNA,None,None,
CP141124.1,lnc_RNA,1322169,1324343,-,ncRNA,cpbgf_7005570,lncRNA,None,None,
CP141124.1,rRNA,1322356,1325799,+,rRNA,cpbgf_7005580,28S ribosomal RNA,None,None,
CP141124.1,mRNA,1330317,1330885,-,mRNA,cpbgf_7005600,hypothetical protein,cgd5_4510,no_direct_name,chr_change
CP141124.1,mRNA,1332773,1334368,-,mRNA,cpbgf_7005610,hypothetical protein,cgd5_4530,no_direct_name,chr_change
CP141124.1,mRNA,1344914,1345632,-,mRNA,cpbgf_7005620,hypothetical protein,cgd5_4570,no_direct_name,chr_change
CP141124.1,mRNA,1353945,1354712,+,mRNA,cpbgf_7005630,hypothetical protein,cgd5_4580,no_direct_name,chr_change
CP141124.1,mRNA,1356657,1357808,+,mRNA,cpbgf_7005640,MEDLE gene family protein,cgd5_4590,no_direct_name,chr_change
CP141124.1,lnc_RNA,1356973,1357456,-,ncRNA,cpbgf_7005650,lncRNA,None,None,
CP141124.1,lnc_RNA,1361912,1362856,-,ncRNA,cpbgf_7005660,lncRNA,None,None,
CP141125.1,mRNA,841,2001,+,mRNA,cpbgf_80010,Uncharacterized protein,cgd8_10,direct_name,
CP141125.1,mRNA,4365,7255,-,mRNA,cpbgf_80020,putative Secreted Protein (SKSR gene family),cgd8_20,direct_name,
CP141125.1,mRNA,7386,10881,-,mRNA,cpbgf_80030,putative Secreted Protein (SKSR gene family),cgd8_30,direct_name,
CP141125.1,lnc_RNA,7411,8776,+,ncRNA,cpbgf_80025,lncRNA,None,None,
CP141125.1,mRNA,13123,16004,-,mRNA,cpbgf_80040,putative Secreted Protein (SKSR gene family),cgd8_40,direct_name,
CP141125.1,mRNA,16171,17937,-,mRNA,cpbgf_80050,putative Secreted Protein (FLGN gene family),cgd8_50,direct_name,
CP141125.1,mRNA,17959,19066,-,mRNA,cpbgf_80060,Uncharacterized Protein,cgd8_60,direct_name,
CP141125.1,mRNA,19483,20926,-,mRNA,cpbgf_80070,Calcineurin-like phosphoesterase,cgd8_70,direct_name,
CP141125.1,mRNA,21050,22769,+,mRNA,cpbgf_80080,Transmembrane amino acid transporter protein,cgd8_80,direct_name,
CP141125.1,mRNA,22860,25969,-,mRNA,cpbgf_80090,Uncharacterized protein,cgd8_90,direct_name,
CP141125.1,lnc_RNA,23286,26005,+,ncRNA,cpbgf_80095,lncRNA,None,None,
CP141125.1,mRNA,25889,29946,-,mRNA,cpbgf_800100,Uncharacterized protein,cgd8_100,direct_name,
CP141125.1,mRNA,30002,30682,+,mRNA,cpbgf_800110,Uncharacterized protein,cgd8_110,direct_name,
CP141125.1,mRNA,30092,31317,-,mRNA,cpbgf_800120,Uncharacterized protein,cgd8_120,direct_name,
CP141125.1,lnc_RNA,31402,32097,+,ncRNA,cpbgf_800125,lncRNA,None,None,
CP141125.1,mRNA,31569,32918,-,mRNA,cpbgf_800130,Vps72/YL1,cgd8_130,direct_name,
CP141125.1,mRNA,33592,37264,+,mRNA,cpbgf_800140,Uncharacterized protein,cgd8_140,direct_name,
CP141125.1,mRNA,37851,39867,+,mRNA,cpbgf_800150,Thrombospondin type-1 (TSP1) repeat-containing protein,cgd8_150,direct_name,
CP141125.1,mRNA,39270,41700,-,mRNA,cpbgf_800160,Ubiquitin activating enzyme E1,cgd8_160,direct_name,
CP141125.1,mRNA,41785,45958,+,mRNA,cpbgf_800170,DNA-directed RNA polymerase subunit beta,cgd8_170,direct_name,
CP141125.1,mRNA,45936,53390,-,mRNA,cpbgf_800180,Armadillo-like helical-containing protein,cgd8_180,direct_name,
CP141125.1,mRNA,53779,56353,-,mRNA,cpbgf_800190,Mak5 pre-mRNA splicing RNA SFII helicase,cgd8_190,direct_name,
CP141125.1,lnc_RNA,53830,54828,+,ncRNA,cpbgf_800191,lncRNA,None,None,
CP141125.1,snRNA,56495,56655,+,ncRNA,cpbgf_800192,snRNA,None,None,
CP141125.1,mRNA,56792,57300,-,mRNA,cpbgf_800193,Uncharacterized protein,cgd8_193,direct_name,
CP141125.1,mRNA,57869,61261,+,mRNA,cpbgf_800200,Uncharacterized protein,cgd8_200,direct_name,
CP141125.1,lnc_RNA,58447,62522,-,ncRNA,cpbgf_800205,lncRNA,None,None,
CP141125.1,mRNA,61560,63308,+,mRNA,cpbgf_800210,Transcription factor TFIID,cgd8_210,direct_name,
CP141125.1,lnc_RNA,62613,64595,+,ncRNA,cpbgf_800215,lncRNA,None,None,
CP141125.1,mRNA,62940,63428,-,mRNA,cpbgf_800220,Ubiquitin-conjugating enzyme e2,cgd8_220,direct_name,
CP141125.1,mRNA,63653,64451,-,mRNA,cpbgf_800230,Nucleic acid-binding OB-fold containing protein,cgd8_230,direct_name,
CP141125.1,mRNA,64958,66050,+,mRNA,cpbgf_800240,Uncharacterized protein,cgd8_240,direct_name,
CP141125.1,lnc_RNA,66238,67776,+,ncRNA,cpbgf_800245,lncRNA,None,None,
CP141125.1,mRNA,66336,68293,-,mRNA,cpbgf_800250,Histone acetyltransferase,cgd8_250,direct_name,
CP141125.1,mRNA,68489,70974,-,mRNA,cpbgf_800260,Uncharacterized protein,cgd8_260,direct_name,
CP141125.1,mRNA,72017,73138,+,mRNA,cpbgf_800270,Type II pantothenate kinase,cgd8_270,direct_name,
CP141125.1,lnc_RNA,72157,73261,-,ncRNA,cpbgf_800275,lncRNA,None,None,
CP141125.1,mRNA,73323,75038,+,mRNA,cpbgf_800280,Uncharacterized protein,cgd8_280,direct_name,
CP141125.1,mRNA,75035,76192,-,mRNA,cpbgf_800290,Serine-threonine protein phosphatase,cgd8_290,direct_name,
CP141125.1,mRNA,76364,77000,-,mRNA,cpbgf_800293,VMA21-like domain containing protein,cgd8_293,direct_name,
CP141125.1,mRNA,77095,78390,+,mRNA,cpbgf_800300,RNA polymerase III C5 subunit,cgd8_300,direct_name,
CP141125.1,mRNA,78409,79190,-,mRNA,cpbgf_800310,Zinc finger SWIM-type domain-containing protein,cgd8_310,direct_name,
CP141125.1,mRNA,79360,81510,-,mRNA,cpbgf_800320,Uncharacterized protein,cgd8_320,direct_name,
CP141125.1,lnc_RNA,79701,81322,+,ncRNA,cpbgf_800325,lncRNA,None,None,
CP141125.1,lnc_RNA,82159,86409,-,ncRNA,cpbgf_800327,lncRNA,None,None,
CP141125.1,mRNA,82316,83004,+,mRNA,cpbgf_800330,Uncharacterized protein,cgd8_330,direct_name,
CP141125.1,mRNA,83322,84530,+,mRNA,cpbgf_800340,Exoribonuclease domain containing protein,cgd8_340,direct_name,
CP141125.1,mRNA,84673,86355,+,mRNA,cpbgf_800350,Asparaginyl-tRNA synthetase (NOB+tRNA synthase),cgd8_350,direct_name,
CP141125.1,mRNA,86515,87612,+,mRNA,cpbgf_800360,vacuolar ATP synthase subunit E,cgd8_360,direct_name,
CP141125.1,mRNA,87752,91799,+,mRNA,cpbgf_800370,DNA mismatch repair protein mutS family domain containing protein,cgd8_370,direct_name,
CP141125.1,mRNA,92010,94030,+,mRNA,cpbgf_800380,FAD dependent oxidoreductase,cgd8_380,direct_name,
CP141125.1,mRNA,93634,94621,-,mRNA,cpbgf_800390,Protein phosphatase inhibitor 2,cgd8_390,direct_name,
CP141125.1,mRNA,95237,96207,+,mRNA,cpbgf_800400,60S ribosomal protein L6,cgd8_400,direct_name,
CP141125.1,lnc_RNA,95243,96699,-,ncRNA,cpbgf_800405,lncRNA,None,None,
CP141125.1,mRNA,96798,99659,+,mRNA,cpbgf_800410,Uncharacterized Protein,cgd8_410,direct_name,
CP141125.1,mRNA,99730,103002,-,mRNA,cpbgf_800420,Uncharacterized protein,cgd8_420,direct_name,
CP141125.1,mRNA,103341,104484,-,mRNA,cpbgf_800430,60S ribosomal protein L7A,cgd8_430,direct_name,
CP141125.1,mRNA,104985,106258,+,mRNA,cpbgf_800440,60S ribosomal protein L5,cgd8_440,direct_name,
CP141125.1,lnc_RNA,105052,106560,-,ncRNA,cpbgf_800445,lncRNA,None,None,
CP141125.1,mRNA,106669,107851,+,mRNA,cpbgf_800450,DnaJ domain containing protein,cgd8_450,direct_name,
CP141125.1,mRNA,107580,110250,-,mRNA,cpbgf_800460,Metallo-beta-lactamase,cgd8_460,direct_name,
CP141125.1,mRNA,110428,111542,-,mRNA,cpbgf_800470,MRG domain containing protein,cgd8_470,direct_name,
CP141125.1,mRNA,112037,115183,+,mRNA,cpbgf_800480,Histone deacetylase,cgd8_480,direct_name,
CP141125.1,lnc_RNA,112267,115272,-,ncRNA,cpbgf_800485,lncRNA,None,None,
CP141125.1,mRNA,115916,118687,+,mRNA,cpbgf_800490,Centriolar protein SAS N-terminal-containing protein,cgd8_490,direct_name,
CP141125.1,mRNA,118883,119878,-,mRNA,cpbgf_800500,EF-hand calcium-binding domain containing protein,cgd8_500,direct_name,
CP141125.1,mRNA,120010,120828,+,mRNA,cpbgf_800506,Telomere-capping CST complex subunit,cgd8_503,no_direct_name,
CP141125.1,mRNA,120706,122846,-,mRNA,cpbgf_800510,Pus1p-like type II pseudousynthas TruA,cgd8_510,direct_name,
CP141125.1,mRNA,123078,124181,-,mRNA,cpbgf_800520,Uncharacterized Protein,cgd8_520,direct_name,
CP141125.1,mRNA,125287,126136,+,mRNA,cpbgf_800523,EF-hand domain containing protein,cgd8_523,direct_name,
CP141125.1,mRNA,126944,127660,+,mRNA,cpbgf_800530,Uncharacterized protein,cgd8_530,direct_name,
CP141125.1,mRNA,127674,130151,-,mRNA,cpbgf_800540,Thrombospondin type-1 (TSP1) repeat containing protein,cgd8_540,direct_name,
CP141125.1,lnc_RNA,131183,131560,+,ncRNA,cpbgf_800545,lncRNA,None,None,
CP141125.1,mRNA,132122,139706,+,mRNA,cpbgf_800550,Uncharacterized protein,cgd8_550,direct_name,
CP141125.1,lnc_RNA,138828,139462,-,ncRNA,cpbgf_800555,lncRNA,None,None,
CP141125.1,mRNA,141486,142264,+,mRNA,cpbgf_800560,CDP-diacylglycerol--inositol 3-phosphatidyltransferase isoform 1 phosphatidylinositol synthase PtdIns synthase PI synthase,cgd8_560,direct_name,
CP141125.1,mRNA,142315,145906,-,mRNA,cpbgf_800570,Proteasome regulatory complex Rpn1 subunit,cgd8_570,direct_name,
CP141125.1,mRNA,146034,146879,+,mRNA,cpbgf_800580,Ubiquitin-conjugating enzyme E2,cgd8_580,direct_name,
CP141125.1,mRNA,146876,148116,-,mRNA,cpbgf_800590,alpha/beta hydrolase fold-containing protein,cgd8_590,direct_name,
CP141125.1,mRNA,148722,150791,+,mRNA,cpbgf_800600,Serine aminopeptidase%2CS33,cgd8_600,direct_name,
CP141125.1,mRNA,150735,153349,-,mRNA,cpbgf_800610,AAA-type ATPase/BRCT/DNA polymerase III delta subunit/Replication factor RFC1 C terminal domain containing protein,cgd8_610,direct_name,
CP141125.1,mRNA,153683,154537,-,mRNA,cpbgf_800620,Uncharacterized protein,cgd8_620,direct_name,
CP141125.1,mRNA,155573,157799,+,mRNA,cpbgf_800630,26S proteasome non-ATPase regulatory subunit 5,cgd8_630,direct_name,
CP141125.1,snRNA,155738,155890,+,ncRNA,cpbgf_800635,snRNA,None,None,
CP141125.1,mRNA,158351,162229,+,mRNA,cpbgf_800640,WD40-repeat-containing protein,cgd8_640,direct_name,
CP141125.1,lnc_RNA,160252,162269,-,ncRNA,cpbgf_800645,lncRNA,None,None,
CP141125.1,mRNA,162599,163625,+,mRNA,cpbgf_800650,60S ribosomal protein L23A,cgd8_650,direct_name,
CP141125.1,mRNA,164354,169487,-,mRNA,cpbgf_800660,Uncharacterized protein,cgd8_660,direct_name,
CP141125.1,mRNA,169773,170459,-,mRNA,cpbgf_800670,Uncharacterized protein,cgd8_670,direct_name,
CP141125.1,mRNA,172375,175883,-,mRNA,cpbgf_800680,Uncharacterized protein,cgd8_680,direct_name,
CP141125.1,mRNA,178055,182116,-,mRNA,cpbgf_800690,Uncharacterized protein,cgd8_690,direct_name,
CP141125.1,mRNA,183223,186810,-,mRNA,cpbgf_800695,Uncharacterized protein,cgd8_700,no_direct_name,
CP141125.1,mRNA,186830,188959,-,mRNA,cpbgf_800700,putative Secreted Protein,cgd8_700,direct_name,
CP141125.1,mRNA,189754,195237,-,mRNA,cpbgf_800710,Myosin motor domain containing protein,cgd8_710,direct_name,
CP141125.1,mRNA,196152,196496,+,mRNA,cpbgf_800720,Uncharacterized protein,cgd8_720,direct_name,
CP141125.1,mRNA,197017,198682,+,mRNA,cpbgf_800730,Modulator of levamisole receptor-1,cgd8_730,direct_name,
CP141125.1,mRNA,198510,199639,-,mRNA,cpbgf_800740,Prefoldin like molecular chaperone,cgd8_740,direct_name,
CP141125.1,mRNA,199748,202995,+,mRNA,cpbgf_800750,Cyclic nucleotide (CGMP)-dependent protein kinase with 3 cNMP binding domains and a Ser/Thr kinase domain,cgd8_750,direct_name,
CP141125.1,mRNA,203134,204662,-,mRNA,cpbgf_800760,putative transmembrane Protein,cgd8_760,direct_name,
CP141125.1,mRNA,204833,208650,+,mRNA,cpbgf_800770,Uncharacterized protein,cgd8_770,direct_name,
CP141125.1,mRNA,208886,209890,+,mRNA,cpbgf_800780,Zinc finger C3H1-type RNA biding domain containing protein,cgd8_780,direct_name,
CP141125.1,mRNA,209543,211755,-,mRNA,cpbgf_800790,Glutamyl-tRNA synthetase,cgd8_790,direct_name,
CP141125.1,mRNA,212226,215437,-,mRNA,cpbgf_800800,Prp5p C terminal KH eIF4A-1-family RNA SFII helicase,cgd8_800,direct_name,
CP141125.1,lnc_RNA,212383,214816,+,ncRNA,cpbgf_800805,lncRNA,None,None,
CP141125.1,mRNA,217112,221593,+,mRNA,cpbgf_800810,AP2/ERF domain containing protein,cgd8_810,direct_name,
CP141125.1,lnc_RNA,221303,222106,-,ncRNA,cpbgf_800815,lncRNA,None,None,
CP141125.1,mRNA,222350,223632,+,mRNA,cpbgf_800820,Uncharacterized protein,cgd8_820,direct_name,
CP141125.1,mRNA,223749,224658,+,mRNA,cpbgf_800830,hypothetical protein,cgd8_830,direct_name,
CP141125.1,mRNA,224752,226395,+,mRNA,cpbgf_800840,26S proteasome subunit P45/AAA+ ATpase,cgd8_840,direct_name,
CP141125.1,mRNA,226380,228025,-,mRNA,cpbgf_800850,putative transmembrane Protein,cgd8_850,direct_name,
CP141125.1,lnc_RNA,228114,232753,+,ncRNA,cpbgf_800855,lncRNA,None,None,
CP141125.1,mRNA,228273,232992,-,mRNA,cpbgf_800860,Coatomer protein complex subunit alpha,cgd8_860,direct_name,
CP141125.1,mRNA,233584,237084,-,mRNA,cpbgf_800870,Transcription initiation factor TFIIB Sua7p ZnR+2cyclins,cgd8_870,direct_name,
CP141125.1,mRNA,233706,235571,+,mRNA,cpbgf_800880,DNA dependent DNA polymerase alpha subunit%2Cinactive calcineurin like phosphatase subunit,cgd8_880,direct_name,
CP141125.1,mRNA,237181,238636,+,mRNA,cpbgf_800890,CobW/HypB/UreG nucleotide-binding domain-containing hydrolase,cgd8_890,direct_name,
CP141125.1,lnc_RNA,237230,238628,-,ncRNA,cpbgf_800895,lncRNA,None,None,
CP141125.1,mRNA,238819,241938,+,mRNA,cpbgf_800900,U3 small nucleolar RNA-associated protein 6,cgd8_900,direct_name,
CP141125.1,mRNA,242061,246049,+,mRNA,cpbgf_800910,Pep3/Vps18/deep orange vacuolar protein,cgd8_910,direct_name,
CP141125.1,mRNA,246085,247716,-,mRNA,cpbgf_800920,UDP-glucose 6-dehydrogenase,cgd8_920,direct_name,
CP141125.1,mRNA,248339,248908,-,mRNA,cpbgf_800930,Zinc finger%2CRING/FYVE/PHD-type domain containing protein,cgd8_930,direct_name,
CP141125.1,mRNA,249070,249987,+,mRNA,cpbgf_800940,Uncharacterized protein,cgd8_940,direct_name,
CP141125.1,mRNA,249935,251602,-,mRNA,cpbgf_800950,Clathrin coat assembly protein AP50,cgd8_950,direct_name,
CP141125.1,mRNA,251751,253906,+,mRNA,cpbgf_800960,Uncharacterized protein,cgd8_960,direct_name,
CP141125.1,mRNA,254547,260864,+,mRNA,cpbgf_800970,VPS13 like protein involved in vacuolar protein trafficking,cgd8_970,direct_name,
CP141125.1,mRNA,261047,261926,+,mRNA,cpbgf_800980,EF-hand domain containing protein,cgd8_980,direct_name,
CP141125.1,mRNA,262195,262987,+,mRNA,cpbgf_800990,hypothetical protein,cgd8_990,direct_name,
CP141125.1,mRNA,263149,269140,+,mRNA,cpbgf_8001020,Uncharacterized protein,cgd8_1020,direct_name,
CP141125.1,mRNA,268919,271604,+,mRNA,cpbgf_8001010,Uncharacterized protein,cgd8_1010,direct_name,
CP141125.1,mRNA,271800,273770,+,mRNA,cpbgf_8001030,Glycyl-tRNA synthetase,cgd8_1030,direct_name,
CP141125.1,mRNA,273851,274891,-,mRNA,cpbgf_8001040,Ras,cgd8_1040,direct_name,
CP141125.1,mRNA,276696,278792,+,mRNA,cpbgf_8001050,Uncharacterized protein,cgd8_1050,direct_name,
CP141125.1,mRNA,276717,281189,-,mRNA,cpbgf_8001060,H/ACA ribonucleoprotein complex subunit Gar1/Naf1,cgd8_1060,direct_name,
CP141125.1,mRNA,281532,282999,+,mRNA,cpbgf_8001070,Actin,cgd8_1070,direct_name,
CP141125.1,mRNA,283080,285068,+,mRNA,cpbgf_8001080,STXBP/UNC-18/SEC1 syntaxin involved in golgi transport,cgd8_1080,direct_name,
CP141125.1,mRNA,285324,286814,+,mRNA,cpbgf_8001090,Uncharacterized protein,cgd8_1090,direct_name,
CP141125.1,mRNA,286671,290980,+,mRNA,cpbgf_8001100,NRAP like nucleolar RNA associated protein,cgd8_1100,direct_name,
CP141125.1,mRNA,291327,292253,+,mRNA,cpbgf_8001110,ER lumen protein-retaining receptor,cgd8_1110,direct_name,
CP141125.1,mRNA,292547,293244,-,mRNA,cpbgf_8001113,ER lumen protein-retaining receptor,cgd8_1113,direct_name,
CP141125.1,mRNA,293774,295575,-,mRNA,cpbgf_8001120,HBS1 eRFS GTpase (RNA metabolism translation),cgd8_1120,direct_name,
CP141125.1,mRNA,296110,297409,+,mRNA,cpbgf_8001133,CRAL-TRIO lipid biding/Sec14d domain containing protein,cgd8_1133,direct_name,
CP141125.1,mRNA,297624,298396,+,mRNA,cpbgf_8001143,Transcription factor Pcc1,cgd8_1143,direct_name,
CP141125.1,lnc_RNA,297802,298610,-,ncRNA,cpbgf_8001145,lncRNA,None,None,
CP141125.1,mRNA,298823,300121,+,mRNA,cpbgf_8001150,Cytidyltransferase-like domain containing protein,cgd8_1150,direct_name,
CP141125.1,mRNA,300822,302384,+,mRNA,cpbgf_8001160,putative Secreted Protein,cgd8_1160,direct_name,
CP141125.1,lnc_RNA,300927,301786,-,ncRNA,cpbgf_8001163,lncRNA,None,None,
CP141125.1,lnc_RNA,302783,304523,+,ncRNA,cpbgf_8001165,lncRNA,None,None,
CP141125.1,mRNA,303023,304548,-,mRNA,cpbgf_8001170,Amino acid permease like integral membrane protein%2Csignal peptide plus 11 transmembrane domain,cgd8_1170,direct_name,
CP141125.1,lnc_RNA,305484,306899,+,ncRNA,cpbgf_8001175,lncRNA,None,None,
CP141125.1,mRNA,305522,308250,-,mRNA,cpbgf_8001180,Coronin,cgd8_1180,direct_name,
CP141125.1,mRNA,308977,309903,-,mRNA,cpbgf_8001190,Uncharacterized protein,cgd8_1190,direct_name,
CP141125.1,mRNA,310259,312895,+,mRNA,cpbgf_8001200,E3A like HECT domain containing ubiquitin protein ligase,cgd8_1200,direct_name,
CP141125.1,mRNA,313059,314942,+,mRNA,cpbgf_8001203,Uncharacterized protein,cgd8_1200,no_direct_name,
CP141125.1,mRNA,314445,316156,-,mRNA,cpbgf_8001210,Adenine nucleotide translocator 1/Mitochondrial carrier protein,cgd8_1210,direct_name,
CP141125.1,mRNA,316272,319119,-,mRNA,cpbgf_8001220,Alpha/Beta hydrolase fold containing protein,cgd8_1220,direct_name,
CP141125.1,lnc_RNA,319411,320748,+,ncRNA,cpbgf_8001225,lncRNA,None,None,
CP141125.1,mRNA,319504,321696,-,mRNA,cpbgf_8001230,Serine/Threonine protein kinase,cgd8_1230,direct_name,
CP141125.1,mRNA,321993,330339,+,mRNA,cpbgf_8001240,DNA polymerase epsilon catalytic subunit,cgd8_1240,direct_name,
CP141125.1,mRNA,330351,334383,-,mRNA,cpbgf_8001250,Sec23/Sec24,cgd8_4470,no_direct_name,
CP141125.1,mRNA,335010,337346,+,mRNA,cpbgf_8001260,Uncharacterized protein,cgd8_1260,direct_name,
CP141125.1,mRNA,337368,343675,-,mRNA,cpbgf_8001270,Clathrin heavy chain,cgd8_1270,direct_name,
CP141125.1,mRNA,344295,346644,-,mRNA,cpbgf_8001280,Uncharacterized protein,cgd8_1280,direct_name,
CP141125.1,mRNA,344370,344867,+,mRNA,cpbgf_8001290,Centrin/caltractin,cgd8_1290,direct_name,
CP141125.1,mRNA,346702,351923,+,mRNA,cpbgf_8001300,RecF/RecN/SMC protein 5,cgd8_1300,direct_name,
CP141125.1,mRNA,351040,352795,-,mRNA,cpbgf_8001310,Uncharacterized protein,cgd8_1310,direct_name,
CP141125.1,mRNA,353468,356179,+,mRNA,cpbgf_8001320,Calpain like thiol protease,cgd8_1320,direct_name,
CP141125.1,mRNA,356402,357283,-,mRNA,cpbgf_8001330,Uncharacterized protein,cgd8_1330,direct_name,
CP141125.1,mRNA,357463,366054,-,mRNA,cpbgf_8001340,Uncharacterized protein,cgd8_1340,direct_name,
CP141125.1,mRNA,366541,367623,-,mRNA,cpbgf_8001350,Spo11/DNA topoisomerase 6 subunit A,cgd8_1350,direct_name,
CP141125.1,mRNA,367996,370580,+,mRNA,cpbgf_8001360,Uncharacterized protein,cgd8_1360,direct_name,
CP141125.1,mRNA,370758,372280,+,mRNA,cpbgf_8001370,GDP-fucose transporter with 9 transmembrane domains,cgd8_1370,direct_name,
CP141125.1,lnc_RNA,371190,372588,-,ncRNA,cpbgf_8001375,lncRNA,None,None,
CP141125.1,mRNA,372678,375549,+,mRNA,cpbgf_8001380,Uncharacterized protein,cgd8_1380,direct_name,
CP141125.1,mRNA,375714,376532,-,mRNA,cpbgf_8001390,Uncharacterized protein,cgd8_1390,direct_name,
CP141125.1,mRNA,376828,378323,-,mRNA,cpbgf_8001400,Glycerol-3-phosphate acyltransferase family,cgd8_1400,direct_name,
CP141125.1,lnc_RNA,377176,378596,+,ncRNA,cpbgf_8001405,lncRNA,None,None,
CP141125.1,mRNA,378636,380456,+,mRNA,cpbgf_8001410,DNA primase large subunit,cgd8_1410,direct_name,
CP141125.1,mRNA,380625,384171,-,mRNA,cpbgf_8001420,Secreted Glycoside hydrolase superfamily 31,cgd8_1420,direct_name,
CP141125.1,mRNA,385308,387566,+,mRNA,cpbgf_8001430,PP2C like protein phosphatase,cgd8_1430,direct_name,
CP141125.1,lnc_RNA,386345,387855,-,ncRNA,cpbgf_8001431,lncRNA,None,None,
CP141125.1,mRNA,387995,388640,+,mRNA,cpbgf_8001433,ERV/ALR sulfhydryl oxidase domain containing protein,cgd8_1433,direct_name,
CP141125.1,mRNA,388349,390151,-,mRNA,cpbgf_8001440,Triose-phosphate Transporter,cgd8_1440,direct_name,
CP141125.1,mRNA,390783,394289,-,mRNA,cpbgf_8001450,G-protein beta WD-40 repeat,cgd8_1450,direct_name,
CP141125.1,lnc_RNA,394415,397423,+,ncRNA,cpbgf_8001455,lncRNA,None,None,
CP141125.1,mRNA,394496,397527,-,mRNA,cpbgf_8001460,DNA-directed RNA polymerase III subunit Rpc5,cgd8_1460,direct_name,
CP141125.1,mRNA,397648,398387,+,mRNA,cpbgf_8001470,PHAX RNA-binding domain containing protein,cgd8_1470,direct_name,
CP141125.1,mRNA,398159,399788,-,mRNA,cpbgf_8001480,CID/ENTH/VHS domain containing protein,cgd8_1480,direct_name,
CP141125.1,snRNA,399532,399693,-,ncRNA,cpbgf_8001485,snRNA,None,None,
CP141125.1,mRNA,399937,401454,+,mRNA,cpbgf_8001490,hypothetical protein,cgd8_1490,direct_name,
CP141125.1,lnc_RNA,400110,400964,-,ncRNA,cpbgf_8001495,lncRNA,None,None,
CP141125.1,mRNA,401643,404848,+,mRNA,cpbgf_8001500,FH2 domain containing protein,cgd8_1500,direct_name,
CP141125.1,mRNA,405162,409976,+,mRNA,cpbgf_8001510,putative transmembrane Protein,cgd8_1510,direct_name,
CP141125.1,mRNA,410516,414133,+,mRNA,cpbgf_8001520,COPII coat assembly protein%2CSec16,cgd8_1520,direct_name,
CP141125.1,mRNA,414645,419755,+,mRNA,cpbgf_8001530,Ubiquitin carboxyl terminal hydrolase domain fused to a MATH domain,cgd8_1530,direct_name,
CP141125.1,mRNA,419641,420585,-,mRNA,cpbgf_8001540,Uncharacterized Protein,cgd8_1540,direct_name,
CP141125.1,mRNA,421150,422978,+,mRNA,cpbgf_8001550,Zinc finger C2H2-type,cgd8_1550,direct_name,
CP141125.1,mRNA,422381,423207,-,mRNA,cpbgf_8001560,Peptidyl-prolyl cis-trans isomerase,cgd8_1560,direct_name,
CP141125.1,mRNA,423301,425102,+,mRNA,cpbgf_8001570,CCCH like finger domain nucleoporin,cgd8_1570,direct_name,
CP141125.1,lnc_RNA,424334,424892,-,ncRNA,cpbgf_8001573,lncRNA,None,None,
CP141125.1,tRNA,425257,425344,-,tRNA,cpbgf_8001575,tRNA-Lys,None,None,
CP141125.1,mRNA,425347,426825,+,mRNA,cpbgf_8001580,Ribosome biogenesis protein,cgd8_1580,direct_name,
CP141125.1,mRNA,426675,430709,-,mRNA,cpbgf_8001581,Uncharacterized protein,cgd8_1583,no_direct_name,
CP141125.1,mRNA,426967,427377,+,mRNA,cpbgf_8001590,Uncharacterized protein,cgd8_1590,direct_name,
CP141125.1,mRNA,430580,431350,-,mRNA,cpbgf_8001583,hypothetical protein,cgd8_1583,direct_name,
CP141125.1,mRNA,431540,434412,-,mRNA,cpbgf_8001600,Sugar phosphate permease,cgd8_1600,direct_name,
CP141125.1,mRNA,434503,440865,-,mRNA,cpbgf_8001610,Histidine kinase-like ATPase domain containing-protein,cgd8_1610,direct_name,
CP141125.1,lnc_RNA,439082,440509,+,ncRNA,cpbgf_8001613,lncRNA,None,None,
CP141125.1,lnc_RNA,441429,442620,+,ncRNA,cpbgf_8001615,lncRNA,None,None,
CP141125.1,mRNA,441518,442930,-,mRNA,cpbgf_8001620,DNA polymerase delta2%2Cinactive calcineurin like phosphatase subunit,cgd8_1620,direct_name,
CP141125.1,mRNA,443552,444665,+,mRNA,cpbgf_8001630,GINS complex subunit Sld5,cgd8_1630,direct_name,
CP141125.1,mRNA,445125,445805,+,mRNA,cpbgf_8001640,PRA1 family protein,cgd8_1640,direct_name,
CP141125.1,mRNA,445855,446701,-,mRNA,cpbgf_8001650,Partner of Nob1 Pno1p Yor145cp like KH domain containing protein,cgd8_1650,direct_name,
CP141125.1,mRNA,446806,448402,+,mRNA,cpbgf_8001660,Serine/Threonine protein kinase,cgd8_1660,direct_name,
CP141125.1,mRNA,448502,450452,-,mRNA,cpbgf_8001670,Vacuolar ATP synthase subunit B,cgd8_1670,direct_name,
CP141125.1,mRNA,450885,453213,+,mRNA,cpbgf_8001680,SSNA1,cgd8_1680,direct_name,
CP141125.1,snRNA,452638,452871,+,ncRNA,cpbgf_8001685,snRNA,None,None,
CP141125.1,mRNA,453508,453837,+,mRNA,cpbgf_8001690,hypothetical protein,cgd8_1690,direct_name,
CP141125.1,mRNA,454187,455596,-,mRNA,cpbgf_8001700,Iron-containing alcohol dehydrogenase,cgd8_1700,direct_name,
CP141125.1,mRNA,455829,456863,+,mRNA,cpbgf_8001710,Uncharacterized protein,cgd8_1710,direct_name,
CP141125.1,snRNA,456385,456489,+,ncRNA,cpbgf_8001715,snRNA,None,None,
CP141125.1,mRNA,456813,459834,-,mRNA,cpbgf_8001720,Aldehyde/Alcohol dehydrogenase,cgd8_1720,direct_name,
CP141125.1,mRNA,460460,461395,+,mRNA,cpbgf_8001730,ubiquitin activating enzyme E1,cgd8_1730,direct_name,
CP141125.1,mRNA,461385,466522,-,mRNA,cpbgf_8001740,Secreted GGC gene family protein,cgd8_1740,direct_name,
CP141125.1,lnc_RNA,462104,464229,+,ncRNA,cpbgf_8001745,lncRNA,None,None,
CP141125.1,mRNA,466732,468949,+,mRNA,cpbgf_8001750,putative Secreted Protein,cgd8_1750,direct_name,
CP141125.1,mRNA,468662,472775,+,mRNA,cpbgf_8001760,Ubiquitin-like domain containing protein,cgd8_1760,direct_name,
CP141125.1,mRNA,473062,473454,-,mRNA,cpbgf_8001763,Uncharacterized protein,cgd8_1763,direct_name,
CP141125.1,mRNA,473566,477917,+,mRNA,cpbgf_8001770,putative Secreted Protein,cgd8_1770,direct_name,
CP141125.1,lnc_RNA,473580,476834,-,ncRNA,cpbgf_8001773,lncRNA,None,None,
CP141125.1,lnc_RNA,477681,479874,+,ncRNA,cpbgf_8001775,lncRNA,None,None,
CP141125.1,mRNA,477902,480007,-,mRNA,cpbgf_8001780,Uncharacterized protein,cgd8_1780,direct_name,
CP141125.1,mRNA,480771,482749,+,mRNA,cpbgf_8001790,Uncharacterized protein,cgd8_1790,direct_name,
CP141125.1,mRNA,483076,484488,+,mRNA,cpbgf_8001800,Uncharacterized protein,cgd8_1800,direct_name,
CP141125.1,mRNA,484962,485911,-,mRNA,cpbgf_8001810,Surfeit locus protein 6,cgd8_1810,direct_name,
CP141125.1,lnc_RNA,486006,486835,+,ncRNA,cpbgf_8001815,lncRNA,None,None,
CP141125.1,mRNA,486203,488553,-,mRNA,cpbgf_8001820,ATP-dependent RNA helicase%2Cputative,cgd8_1820,direct_name,
CP141125.1,lnc_RNA,486600,486872,+,ncRNA,cpbgf_8001825,lncRNA,None,None,
CP141125.1,mRNA,489809,491533,+,mRNA,cpbgf_8001830,eRF1/Translation release factor pelota,cgd8_1830,direct_name,
CP141125.1,mRNA,491651,493428,-,mRNA,cpbgf_8001840,Ribosomal protein S4/S9,cgd8_1840,direct_name,
CP141125.1,snRNA,492469,492665,-,ncRNA,cpbgf_8001845,snRNA,None,None,
CP141125.1,mRNA,494005,495328,-,mRNA,cpbgf_8001850,E2F/DP family winged-helix DNA-binding domain containing protein,cgd8_1850,direct_name,
CP141125.1,mRNA,495497,498298,+,mRNA,cpbgf_8001860,LisH motif/WD40/YVTN repeat containing protein,cgd8_1860,direct_name,
CP141125.1,mRNA,496850,499214,-,mRNA,cpbgf_8001870,Zinc finger%2CRING/FYVE/PHD-type domain containing protein,cgd8_1870,direct_name,
CP141125.1,mRNA,500181,501572,+,mRNA,cpbgf_8001880,Vps9p/ RAB5 like RAB GTpase binding protein,cgd8_1880,direct_name,
CP141125.1,mRNA,501659,503593,-,mRNA,cpbgf_8001890,ELMO/CED-12,cgd8_1890,direct_name,
CP141125.1,mRNA,504354,504845,-,mRNA,cpbgf_8001900,Uncharacterized protein,cgd8_1900,direct_name,
CP141125.1,mRNA,504577,507348,+,mRNA,cpbgf_8001906,Uncharacterized protein,cgd8_1900,no_direct_name,
CP141125.1,mRNA,507538,510281,+,mRNA,cpbgf_8001910,Epsin like ENTH/VHS domain containing protein,cgd8_1910,direct_name,
CP141125.1,mRNA,508305,511203,-,mRNA,cpbgf_8001920,Mannose-6-phosphate isomerase,cgd8_1920,direct_name,
CP141125.1,lnc_RNA,511377,513540,+,ncRNA,cpbgf_8001925,lncRNA,None,None,
CP141125.1,mRNA,511486,522007,-,mRNA,cpbgf_8001930,CLASP-N/GCN1 domain containing protein,cgd8_1930,direct_name,
CP141125.1,mRNA,523017,525586,+,mRNA,cpbgf_8001940,ERCC3/XPB/RAD25%2Chelicase involved in DNA repair,cgd8_1940,direct_name,
CP141125.1,mRNA,525496,526287,-,mRNA,cpbgf_8001950,Pre-mRNA-splicing factor Cwf15/Cwc15,cgd8_1950,direct_name,
CP141125.1,mRNA,526917,529016,+,mRNA,cpbgf_8001960,Uncharacterized protein,cgd8_1960,direct_name,
CP141125.1,mRNA,529154,531091,+,mRNA,cpbgf_8001970,ATP-NAD kinase,cgd8_1970,direct_name,
CP141125.1,mRNA,531213,532450,-,mRNA,cpbgf_8001980,Actin-related protein 2/3 complex subunit 1,cgd8_1980,direct_name,
CP141125.1,mRNA,532788,535688,+,mRNA,cpbgf_8001990,Dynamin like TRAFAC class GTpase domain containing protein,cgd8_1990,direct_name,
CP141125.1,mRNA,535658,539111,-,mRNA,cpbgf_8002000,RNA cytidine acetyltransferase,cgd8_2000,direct_name,
CP141125.1,lnc_RNA,539191,542914,+,ncRNA,cpbgf_8002005,lncRNA,None,None,
CP141125.1,mRNA,539536,540782,-,mRNA,cpbgf_8002010,Span like RimI family protein amino acetyltransferase,cgd8_2010,direct_name,
CP141125.1,mRNA,540839,542536,-,mRNA,cpbgf_8002020,HhH-GPD domain-containing 8-oxoguanine DNA glycosylase,cgd8_2020,direct_name,
CP141125.1,mRNA,542639,543796,+,mRNA,cpbgf_8002030,TATA-box factor binding protein,cgd8_2030,direct_name,
CP141125.1,mRNA,543838,544551,-,mRNA,cpbgf_8002040,Potassium channel tetramerization-type BTB domain containing protein,cgd8_2040,direct_name,
CP141125.1,mRNA,545144,551595,+,mRNA,cpbgf_8002050,RRP5 like protein involved in rRNA biogenesis with 7 S1 domains and 5 HAT repeats,cgd8_2050,direct_name,
CP141125.1,mRNA,551596,553999,-,mRNA,cpbgf_8002060,Uncharacterized protein,cgd8_2060,direct_name,
CP141125.1,mRNA,554073,556589,+,mRNA,cpbgf_8002070,Signal peptide Uncharacterized transmembrane Protein,cgd8_2070,direct_name,
CP141125.1,mRNA,556588,559241,-,mRNA,cpbgf_8002080,Uncharacterized protein,cgd8_2080,direct_name,
CP141125.1,snRNA,557395,557550,+,ncRNA,cpbgf_8002085,snRNA,None,None,
CP141125.1,mRNA,559013,564515,-,mRNA,cpbgf_8002090,P-type ATPase,cgd8_2090,direct_name,
CP141125.1,mRNA,564644,566654,+,mRNA,cpbgf_8002100,PH/NUP50/RAN binding domain containing protein,cgd8_2100,direct_name,
CP141125.1,mRNA,567238,568754,+,mRNA,cpbgf_8002110,PX domain containing protein,cgd8_2110,direct_name,
CP141125.1,mRNA,568497,569174,-,mRNA,cpbgf_8002120,MIR motif-containing 39-like glycosyltransferase,cgd8_2120,direct_name,
CP141125.1,mRNA,569597,571367,+,mRNA,cpbgf_8002130,Activator of Hsp90 ATPase N-terminal/ TPR repeat domain-containing protein,cgd8_2130,direct_name,
CP141125.1,mRNA,572059,573001,+,mRNA,cpbgf_8002140,Uncharacterized protein,cgd8_2140,direct_name,
CP141125.1,mRNA,572596,572907,-,mRNA,cpbgf_8002146,ENTH/VHS,cgd8_2140,no_direct_name,
CP141125.1,mRNA,573037,574102,-,mRNA,cpbgf_8002150,Proliferating cell nuclear antigen,cgd8_2150,direct_name,
CP141125.1,mRNA,574671,576083,+,mRNA,cpbgf_8002160,Poly(ADP-ribose) glycohydrolase,cgd8_2160,direct_name,
CP141125.1,mRNA,576252,577167,-,mRNA,cpbgf_8002170,Histone H2A,cgd8_2170,direct_name,
CP141125.1,mRNA,578044,580130,+,mRNA,cpbgf_8002180,Serine/Threonine protein kinase,cgd8_2180,direct_name,
CP141125.1,mRNA,579868,580296,+,mRNA,cpbgf_8002190,Uncharacterized protein,cgd8_2190,direct_name,
CP141125.1,mRNA,580686,582103,+,mRNA,cpbgf_8002200,Actin,cgd8_2200,direct_name,
CP141125.1,mRNA,582386,583642,+,mRNA,cpbgf_8002210,Regulator of chromosome condensation RCC1,cgd8_2210,direct_name,
CP141125.1,mRNA,584235,587202,+,mRNA,cpbgf_8002220,Male gamete fusion factor,cgd8_2220,direct_name,
CP141125.1,lnc_RNA,585076,586013,-,ncRNA,cpbgf_8002225,lncRNA,None,None,
CP141125.1,mRNA,587214,588512,-,mRNA,cpbgf_8002240,Histidine phosphatase,cgd8_2240,direct_name,
CP141125.1,mRNA,588830,593426,+,mRNA,cpbgf_8002250,XRN 5'-3' exonuclease N-terminus,cgd8_2250,direct_name,
CP141125.1,mRNA,593225,596349,-,mRNA,cpbgf_8002260,Alkaline-phosphatase-like protein,cgd8_2260,direct_name,
CP141125.1,lnc_RNA,595642,596463,+,ncRNA,cpbgf_8002265,lncRNA,None,None,
CP141125.1,mRNA,597146,600143,+,mRNA,cpbgf_8002270,Uncharacterized protein,cgd8_2270,direct_name,
CP141125.1,mRNA,600322,601639,-,mRNA,cpbgf_8002280,Uncharacterized protein,cgd8_2280,direct_name,
CP141125.1,mRNA,601853,603091,+,mRNA,cpbgf_8002290,AN1-type Zinc finger protein,cgd8_2290,direct_name,
CP141125.1,mRNA,603089,608666,+,mRNA,cpbgf_8002300,Bromodomain/HAS/DEXDc/SNF2 domain containing protein,cgd8_2300,direct_name,
CP141125.1,lnc_RNA,607193,608286,-,ncRNA,cpbgf_8002305,lncRNA,None,None,
CP141125.1,mRNA,608803,609777,+,mRNA,cpbgf_8002310,Uncharacterized protein,cgd8_2310,direct_name,
CP141125.1,mRNA,610848,613343,+,mRNA,cpbgf_8002320,Uncharacterized protein,cgd8_2320,direct_name,
CP141125.1,lnc_RNA,610904,612772,-,ncRNA,cpbgf_8002325,lncRNA,None,None,
CP141125.1,mRNA,613701,617873,+,mRNA,cpbgf_8002330,Pyridine nucleotide/ NAD(P) transhydrogenase alpha plus beta subunit,cgd8_2330,direct_name,
CP141125.1,lnc_RNA,615702,617948,-,ncRNA,cpbgf_8002335,lncRNA,None,None,
CP141125.1,mRNA,618053,618768,-,mRNA,cpbgf_8002340,Cold-shock DNA-binding domain-containing protein,cgd8_2340,direct_name,
CP141125.1,mRNA,618846,621064,-,mRNA,cpbgf_8002350,Cyclophilin-type peptidyl-prolyl cis-trans isomerase,cgd8_2350,direct_name,
CP141125.1,lnc_RNA,619067,621182,+,ncRNA,cpbgf_8002355,lncRNA,None,None,
CP141125.1,mRNA,621139,622841,+,mRNA,cpbgf_8002360,Romo1/Mgr2,cgd8_2360,direct_name,
CP141125.1,mRNA,622869,624181,+,mRNA,cpbgf_8002370,Adenosine kinase/Carbohydrate kinase PfkB,cgd8_2370,direct_name,
CP141125.1,mRNA,624300,626737,+,mRNA,cpbgf_8002380,CDC45-like protein,cgd8_2380,direct_name,
CP141125.1,mRNA,627287,629137,+,mRNA,cpbgf_8002390,Diacylglycerol kinase,cgd8_2390,direct_name,
CP141125.1,mRNA,629657,630406,+,mRNA,cpbgf_8002400,Uncharacterized protein,cgd8_2400,direct_name,
CP141125.1,mRNA,630468,632915,-,mRNA,cpbgf_8002410,RHD3/Sey1,cgd8_2410,direct_name,
CP141125.1,mRNA,634215,635333,+,mRNA,cpbgf_8002420,Transcription initiation factor IIF/ Rap30 like winged HTH,cgd8_2420,direct_name,
CP141125.1,mRNA,635649,637628,+,mRNA,cpbgf_8002430,Serine/Threonine protein kinase,cgd8_2430,direct_name,
CP141125.1,mRNA,636885,640711,-,mRNA,cpbgf_8002440,Serine/Threonine protein kinase,cgd8_2440,direct_name,
CP141125.1,lnc_RNA,638379,640773,+,ncRNA,cpbgf_8002445,lncRNA,None,None,
CP141125.1,mRNA,640801,644539,+,mRNA,cpbgf_8002450,Formin homology 2 domain (FH2) protein,cgd8_2450,direct_name,
CP141125.1,mRNA,644666,645989,+,mRNA,cpbgf_8002460,SAP domain containing protein,cgd8_2460,direct_name,
CP141125.1,mRNA,646253,648452,+,mRNA,cpbgf_8002470,Uncharacterized protein,cgd8_2470,direct_name,
CP141125.1,mRNA,648340,649618,-,mRNA,cpbgf_8002472,Uncharacterized protein,cgd8_2470,no_direct_name,
CP141125.1,lnc_RNA,649711,652202,+,ncRNA,cpbgf_8002475,lncRNA,None,None,
CP141125.1,mRNA,649896,652135,-,mRNA,cpbgf_8002480,Signal peptide Uncharacterized transmembrane Protein,cgd8_2480,direct_name,
CP141125.1,mRNA,652376,654386,-,mRNA,cpbgf_8002490,Uncharacterized protein,cgd8_2490,direct_name,
CP141125.1,mRNA,654782,656426,-,mRNA,cpbgf_8002500,Uncharacterized protein,cgd8_2500,direct_name,
CP141125.1,mRNA,656383,657238,-,mRNA,cpbgf_8002510,hypothetical protein,cgd8_2510,direct_name,
CP141125.1,mRNA,657297,661460,-,mRNA,cpbgf_8002520,Mtr4p like SKI family SFII helicase,cgd8_2520,direct_name,
CP141125.1,mRNA,662086,665156,+,mRNA,cpbgf_8002530,Sushi/SCR/CCP domain containing protein,cgd8_2530,direct_name,
CP141125.1,mRNA,665365,666357,-,mRNA,cpbgf_8002540,Uncharacterized protein,cgd8_2540,direct_name,
CP141125.1,mRNA,666536,670724,+,mRNA,cpbgf_8002550,putative transmembrane Protein,cgd8_2550,direct_name,
CP141125.1,mRNA,670762,672007,-,mRNA,cpbgf_8002553,Uncharacterized protein,cgd8_2553,direct_name,
CP141125.1,mRNA,672098,674317,+,mRNA,cpbgf_8002560,RING-type Zinc finger protein,cgd8_2560,direct_name,
CP141125.1,mRNA,674339,675556,-,mRNA,cpbgf_8002570,Uncharacterized protein,cgd8_2570,direct_name,
CP141125.1,mRNA,675582,677035,-,mRNA,cpbgf_8002580,Serine hydroxymethyltransferase,cgd8_2580,direct_name,
CP141125.1,mRNA,677270,678059,-,mRNA,cpbgf_8002590,Uncharacterized protein,cgd8_2590,direct_name,
CP141125.1,mRNA,678416,679717,+,mRNA,cpbgf_8002600,Uncharacterized protein,cgd8_2600,direct_name,
CP141125.1,mRNA,679177,680651,-,mRNA,cpbgf_8002610,Serine hydroxymethyltransferase,cgd8_2610,direct_name,
CP141125.1,mRNA,680885,683685,-,mRNA,cpbgf_8002620,Uncharacterized protein,cgd8_2620,direct_name,
CP141125.1,mRNA,683534,684565,+,mRNA,cpbgf_8002630,Autophagy-related protein 3,cgd8_2630,direct_name,
CP141125.1,mRNA,684564,685178,-,mRNA,cpbgf_8002640,E3 SUMO-protein ligase Nse2 (Mms21),cgd8_2640,direct_name,
CP141125.1,mRNA,685368,695919,-,mRNA,cpbgf_8002650,Armadillo-type fold protein,cgd8_2650,direct_name,
CP141125.1,mRNA,696537,698159,+,mRNA,cpbgf_8002660,Uncharacterized protein,cgd8_2660,direct_name,
CP141125.1,mRNA,698126,700287,+,mRNA,cpbgf_8002670,Glucose-methanol-choline oxidoreductase,cgd8_2670,direct_name,
CP141125.1,mRNA,700496,701392,+,mRNA,cpbgf_8002680,Uncharacterized protein,cgd8_2680,direct_name,
CP141125.1,mRNA,701046,701983,-,mRNA,cpbgf_8002690,HIT-type Zinc finger protein,cgd8_2690,direct_name,
CP141125.1,mRNA,702376,706798,+,mRNA,cpbgf_8002700,FAD-binding domain containing protein,cgd8_2700,direct_name,
CP141125.1,mRNA,704539,706146,-,mRNA,cpbgf_8002710,FAD/NAD(P)-binding domain containing protein,cgd8_2710,direct_name,
CP141125.1,mRNA,706184,710020,-,mRNA,cpbgf_8002720,Insulinase like metalloprotease,cgd8_2720,direct_name,
CP141125.1,mRNA,710098,717036,+,mRNA,cpbgf_8002730,Zinc finger%2CRING/FYVE/PHD-type domain containing protein,cgd8_2730,direct_name,
CP141125.1,mRNA,717001,718026,-,mRNA,cpbgf_8002740,Uncharacterized protein,cgd8_2740,direct_name,
CP141125.1,mRNA,718212,719353,+,mRNA,cpbgf_8002750,Uncharacterized protein,cgd8_2750,direct_name,
CP141125.1,mRNA,719300,720403,-,mRNA,cpbgf_8002760,Uncharacterized protein,cgd8_2760,direct_name,
CP141125.1,lnc_RNA,719477,721559,-,ncRNA,cpbgf_8002761,lncRNA,None,None,
CP141125.1,mRNA,720700,721615,+,mRNA,cpbgf_8002763,Uncharacterized protein,cgd8_2763,direct_name,
CP141125.1,mRNA,721658,725737,+,mRNA,cpbgf_8002770,Bromodomain/HAS/DEXDc/SNF2 domain containing protein,cgd8_2770,direct_name,
CP141125.1,lnc_RNA,725657,727156,-,ncRNA,cpbgf_8002775,lncRNA,None,None,
CP141125.1,mRNA,725815,727094,+,mRNA,cpbgf_8002780,Integral membrane protein EMC3/TMCO1-like,cgd8_2780,direct_name,
CP141125.1,mRNA,727276,740404,+,mRNA,cpbgf_8002790,Pleckstrin homology (PH domain) containing protein,cgd8_2790,direct_name,
CP141125.1,lnc_RNA,737805,740502,-,ncRNA,cpbgf_8002795,lncRNA,None,None,
CP141125.1,mRNA,740432,742247,-,mRNA,cpbgf_8002800,Signal peptide LNR (Lin-12/Notch) repeat containing protein,cgd8_2800,direct_name,
CP141125.1,mRNA,742164,743890,-,mRNA,cpbgf_8002810,Phosphoribulokinase/uridine kinase/Uracil phosphoribosyltransferase,cgd8_2810,direct_name,
CP141125.1,mRNA,744194,745306,+,mRNA,cpbgf_8002820,Transmembrane DnaJ domain containing protein,cgd8_2820,direct_name,
CP141125.1,mRNA,745087,746861,-,mRNA,cpbgf_8002830,LRR repeat containing protein,cgd8_2830,direct_name,
CP141125.1,mRNA,747191,748861,-,mRNA,cpbgf_8002840,Uncharacterized protein,cgd8_2840,direct_name,
CP141125.1,mRNA,749529,752470,+,mRNA,cpbgf_8002850,Uncharacterized protein,cgd8_2850,direct_name,
CP141125.1,lnc_RNA,751005,752156,+,ncRNA,cpbgf_8002851,lncRNA,None,None,
CP141125.1,mRNA,751488,751925,-,mRNA,cpbgf_8002853,Uncharacterized protein,cgd8_2853,direct_name,
CP141125.1,mRNA,751989,753205,-,mRNA,cpbgf_8002860,DNAJ protein,cgd8_2860,direct_name,
CP141125.1,mRNA,753427,754505,-,mRNA,cpbgf_8002870,60S ribosomal protein L10A,cgd8_2870,direct_name,
CP141125.1,mRNA,754548,755715,+,mRNA,cpbgf_8002880,U4/U6.U5 small nuclear ribonucleoprotein,cgd8_2880,direct_name,
CP141125.1,mRNA,755149,756005,-,mRNA,cpbgf_8002890,Translation initiation factor SUI1,cgd8_2890,direct_name,
CP141125.1,mRNA,755662,757628,+,mRNA,cpbgf_8002900,Endoplasmic reticulum vesicle transporter,cgd8_2900,direct_name,
CP141125.1,mRNA,757651,761766,-,mRNA,cpbgf_8002910,FerIin/C2 domain containing protein,cgd8_2910,direct_name,
CP141125.1,mRNA,761917,763278,+,mRNA,cpbgf_8002920,Vps60p /Vps20p/snf7 like protein,cgd8_2920,direct_name,
CP141125.1,mRNA,763365,766018,-,mRNA,cpbgf_8002930,GTpase translation elongation factor 2,cgd8_2930,direct_name,
CP141125.1,mRNA,766205,768330,+,mRNA,cpbgf_8002940,Replication factor C like AAA Atpase,cgd8_2940,direct_name,
CP141125.1,lnc_RNA,766259,767368,-,ncRNA,cpbgf_8002945,lncRNA,None,None,
CP141125.1,mRNA,767461,769542,-,mRNA,cpbgf_8002950,Yh1017wp/PTM1-like protein,cgd8_2950,direct_name,
CP141125.1,mRNA,769570,771543,+,mRNA,cpbgf_8002960,MIF4G-like,cgd8_2960,direct_name,
CP141125.1,mRNA,771519,774114,-,mRNA,cpbgf_8002970,Exosome complex RNA-binding protein 1/RRP40/RRP4,cgd8_2970,direct_name,
CP141125.1,mRNA,771630,772983,+,mRNA,cpbgf_8002980,Glutathione S-transferase,cgd8_2980,direct_name,
CP141125.1,mRNA,774213,776740,+,mRNA,cpbgf_8002990,Uncharacterized protein,cgd8_2990,direct_name,
CP141125.1,mRNA,774872,777067,-,mRNA,cpbgf_8003000,SYG1/EXS domain containing protein,cgd8_3000,direct_name,
CP141125.1,tRNA,777395,777480,+,tRNA,cpbgf_8003005,tRNA-Ile,None,None,
CP141125.1,mRNA,777557,781403,+,mRNA,cpbgf_8003010,Smc ABC ATpase,cgd8_3010,direct_name,
CP141125.1,mRNA,781462,782367,-,mRNA,cpbgf_8003020,Uncharacterized protein,cgd8_3020,direct_name,
CP141125.1,mRNA,782680,783378,+,mRNA,cpbgf_8003030,Uncharacterized protein,cgd8_3030,direct_name,
CP141125.1,lnc_RNA,783590,786686,+,ncRNA,cpbgf_8003035,lncRNA,None,None,
CP141125.1,mRNA,783906,786533,-,mRNA,cpbgf_8003040,putative transmembrane Protein,cgd8_3040,direct_name,
CP141125.1,mRNA,788392,789736,+,mRNA,cpbgf_8003050,NHR/GATA-type Zinc finger protein,cgd8_3050,direct_name,
CP141125.1,mRNA,790111,790462,+,mRNA,cpbgf_8003056,NHR/GATA-type Zinc finger protein,cgd4_3060,no_direct_name,chr_change
CP141125.1,mRNA,791569,793531,+,mRNA,cpbgf_8003060,Adaptin AP complex subunit alpha,cgd8_3060,direct_name,
CP141125.1,mRNA,793526,795313,+,mRNA,cpbgf_8003070,Serine/threonine protein kinase,cgd8_3070,direct_name,
CP141125.1,lnc_RNA,794476,795140,-,ncRNA,cpbgf_8003075,lncRNA,None,None,
CP141125.1,mRNA,795372,799573,+,mRNA,cpbgf_8003080,HAS/SNF2/Helicase/SANT-associated domain containing protein,cgd8_3080,direct_name,
CP141125.1,lnc_RNA,798195,799637,-,ncRNA,cpbgf_8003083,lncRNA,None,None,
CP141125.1,lnc_RNA,799652,800455,-,ncRNA,cpbgf_8003085,lncRNA,None,None,
CP141125.1,mRNA,799697,800534,+,mRNA,cpbgf_8003090,Proteasome activator p28/ Ki autoantigen,cgd8_3090,direct_name,
CP141125.1,mRNA,800554,804056,+,mRNA,cpbgf_8003100,Valyl-tRNA synthetase,cgd8_3100,direct_name,
CP141125.1,lnc_RNA,800633,803902,-,ncRNA,cpbgf_8003105,lncRNA,None,None,
CP141125.1,mRNA,803999,806964,+,mRNA,cpbgf_8003110,WD40 repeat protein,cgd8_3110,direct_name,
CP141125.1,mRNA,806926,807975,-,mRNA,cpbgf_8003120,Uncharacterized protein,cgd8_3120,direct_name,
CP141125.1,mRNA,808409,810198,+,mRNA,cpbgf_8003130,AP2/ERF domain containing protein,cgd8_3130,direct_name,
CP141125.1,mRNA,810110,810912,-,mRNA,cpbgf_8003133,Uncharacterized protein,cgd8_3133,direct_name,
CP141125.1,mRNA,810923,812102,-,mRNA,cpbgf_8003140,Cytosolic Fe-S cluster assembly factor NUBP1,cgd8_3140,direct_name,
CP141125.1,mRNA,812120,812903,+,mRNA,cpbgf_8003150,Fcf2 pre-rRNA processing domain containing protein,cgd8_3150,direct_name,
CP141125.1,mRNA,812867,813270,-,mRNA,cpbgf_8003160,Ribonuclease H2 subunit C,cgd8_3160,direct_name,
CP141125.1,mRNA,813356,814630,+,mRNA,cpbgf_8003170,hypothetical protein,cgd8_3170,direct_name,
CP141125.1,mRNA,813362,814429,-,mRNA,cpbgf_8003173,Peptidyl-tRNA hydrolase II domain containing protein,cgd8_3173,direct_name,
CP141125.1,mRNA,814515,817215,+,mRNA,cpbgf_8003180,Condensin-2 complex subunit G2,cgd8_3180,direct_name,
CP141125.1,mRNA,817263,818450,+,mRNA,cpbgf_8003190,Endoplasmic Reticulum Oxidoreductin 1 (ERO1),cgd8_3190,direct_name,
CP141125.1,mRNA,818478,819161,-,mRNA,cpbgf_8003200,Ubiquitin carboxyl-terminal hydrolase%2Cfamily 1,cgd8_3200,direct_name,
CP141125.1,mRNA,819209,822441,+,mRNA,cpbgf_8003210,UvrD like super family I helicase,cgd8_3210,direct_name,
CP141125.1,mRNA,821436,823328,-,mRNA,cpbgf_8003220,RNA-binding protein Lupus La,cgd8_3220,direct_name,
CP141125.1,mRNA,823632,826569,+,mRNA,cpbgf_8003230,AP2/ERF domain containing protein,cgd8_3230,direct_name,
CP141125.1,lnc_RNA,823723,826147,-,ncRNA,cpbgf_8003233,lncRNA,None,None,
CP141125.1,lnc_RNA,826176,826412,-,ncRNA,cpbgf_8003235,lncRNA,None,None,
CP141125.1,mRNA,826679,829134,+,mRNA,cpbgf_8003240,Uncharacterized Protein,cgd8_3240,direct_name,
CP141125.1,mRNA,829313,832996,+,mRNA,cpbgf_8003260,ABC1 like protein kinase,cgd8_3260,direct_name,
CP141125.1,mRNA,831029,833539,-,mRNA,cpbgf_8003263,Importin,cgd8_3263,direct_name,
CP141125.1,mRNA,832945,833966,+,mRNA,cpbgf_8003270,Uncharacterized protein,cgd8_3270,direct_name,
CP141125.1,mRNA,833579,835610,-,mRNA,cpbgf_8003272,DNAJ protein,cgd8_3270,no_direct_name,
CP141125.1,mRNA,835681,836380,-,mRNA,cpbgf_8003273,Transcription factor subunit Med10 of Mediator complex,cgd8_3273,direct_name,
CP141125.1,mRNA,836344,839236,-,mRNA,cpbgf_8003280,Phosphatidylinositol-4-phosphate 5-kinase,cgd8_3280,direct_name,
CP141125.1,lnc_RNA,839252,840492,+,ncRNA,cpbgf_8003285,lncRNA,None,None,
CP141125.1,mRNA,839301,840910,-,mRNA,cpbgf_8003290,S-adenosyl-L-methionine-dependent methyltransferase,cgd8_3290,direct_name,
CP141125.1,mRNA,840682,842981,+,mRNA,cpbgf_8003300,Kinesin-like protein,cgd8_3300,direct_name,
CP141125.1,mRNA,843570,844812,+,mRNA,cpbgf_8003310,Ribosome maturation protein Sdo1/SBDS,cgd8_3310,direct_name,
CP141125.1,mRNA,844777,847106,-,mRNA,cpbgf_8003320,Phenylalanyl-tRNA synthetase beta chain,cgd8_3320,direct_name,
CP141125.1,mRNA,847290,848042,-,mRNA,cpbgf_8003330,Translation initiation factor 1A,cgd8_3330,direct_name,
CP141125.1,mRNA,848125,849162,+,mRNA,cpbgf_8003340,PWI domain containing protein,cgd8_3340,direct_name,
CP141125.1,mRNA,849301,851964,+,mRNA,cpbgf_8003350,Oocyst wall protein 4,cgd8_3350,direct_name,
CP141125.1,mRNA,851260,853748,-,mRNA,cpbgf_8003360,Mini-chromosome maintenance complex-binding protein,cgd8_3360,direct_name,
CP141125.1,mRNA,853989,856364,+,mRNA,cpbgf_8003370,RNA recognition motif domain containing protein,cgd8_3370,direct_name,
CP141125.1,mRNA,856236,860445,-,mRNA,cpbgf_8003380,Rrp12p like nucleolar protein,cgd8_3380,direct_name,
CP141125.1,mRNA,860599,861893,+,mRNA,cpbgf_8003390,Brix domain containing protein,cgd8_3390,direct_name,
CP141125.1,mRNA,861839,862910,-,mRNA,cpbgf_8003400,RNA polymerase II CTD/NL1 interacting protein like phosphatase,cgd8_3400,direct_name,
CP141125.1,lnc_RNA,862847,864287,+,ncRNA,cpbgf_8003405,lncRNA,None,None,
CP141125.1,mRNA,862911,863417,-,mRNA,cpbgf_8003410,Peptidyl-tRNA hydrolase II domain containing protein,cgd8_3410,direct_name,
CP141125.1,mRNA,863610,864013,-,mRNA,cpbgf_8003413,hypothetical protein,cgd8_3413,direct_name,
CP141125.1,mRNA,864213,866292,-,mRNA,cpbgf_8003420,Protein arginine N-methyltransferase,cgd8_3420,direct_name,
CP141125.1,mRNA,865824,868696,+,mRNA,cpbgf_8003430,Peptidase M1,cgd8_3430,direct_name,
CP141125.1,mRNA,868877,871929,-,mRNA,cpbgf_8003440,Armadillo-like helical protein,cgd8_3440,direct_name,
CP141125.1,lnc_RNA,869499,871793,+,ncRNA,cpbgf_8003445,lncRNA,None,None,
CP141125.1,mRNA,872459,873348,+,mRNA,cpbgf_8003450,60S ribosomal protein L17/L22,cgd8_3450,direct_name,
CP141125.1,mRNA,873367,876163,+,mRNA,cpbgf_8003460,Methionyl-tRNA synthetase,cgd8_3460,direct_name,
CP141125.1,mRNA,875229,876852,-,mRNA,cpbgf_8003470,Zinc finger%2CRING/FYVE/PHD-type domain containing protein,cgd8_3470,direct_name,
CP141125.1,mRNA,877353,878136,+,mRNA,cpbgf_8003480,60S ribosomal protein L34,cgd8_3480,direct_name,
CP141125.1,mRNA,878136,879095,-,mRNA,cpbgf_8003490,Uncharacterized protein,cgd8_3490,direct_name,
CP141125.1,mRNA,879270,883553,-,mRNA,cpbgf_8003500,Armadillo-like helical protein,cgd8_3500,direct_name,
CP141125.1,mRNA,883690,884275,+,mRNA,cpbgf_8003510,Thioredoxin-like protein,cgd8_3510,direct_name,
CP141125.1,snRNA,883986,884206,-,ncRNA,cpbgf_8003515,snRNA,None,None,
CP141125.1,mRNA,884347,888254,-,mRNA,cpbgf_8003520,putative Secreted Protein,cgd8_3520,direct_name,
CP141125.1,lnc_RNA,886830,888262,+,ncRNA,cpbgf_8003523,lncRNA,None,None,
CP141125.1,lnc_RNA,888695,889864,+,ncRNA,cpbgf_8003525,lncRNA,None,None,
CP141125.1,mRNA,889380,891390,-,mRNA,cpbgf_8003530,putative Secreted Protein (WYLE gene family),cgd8_3530,direct_name,
CP141125.1,mRNA,891436,893783,-,mRNA,cpbgf_8003540,putative Secreted Protein (WYLE gene family),cgd8_3540,direct_name,
CP141125.1,lnc_RNA,892100,893778,+,ncRNA,cpbgf_8003543,lncRNA,None,None,
CP141125.1,lnc_RNA,895241,897693,+,ncRNA,cpbgf_8003545,lncRNA,None,None,
CP141125.1,mRNA,895329,896309,-,mRNA,cpbgf_8003550,Uncharacterized protein,cgd8_3550,direct_name,
CP141125.1,mRNA,897209,899129,-,mRNA,cpbgf_8003560,putative Secreted Protein (WYLE gene family),cgd8_3560,direct_name,
CP141125.1,mRNA,899216,902688,+,mRNA,cpbgf_8003570,putative Secreted Protein (WYLE gene family),cgd8_3570,direct_name,
CP141125.1,mRNA,901612,904178,-,mRNA,cpbgf_8003580,Uncharacterized protein,cgd8_3580,direct_name,
CP141125.1,mRNA,902753,906073,-,mRNA,cpbgf_8003590,putative Secreted Protein (WYLE gene family),cgd8_3590,direct_name,
CP141125.1,snRNA,905529,906054,-,ncRNA,cpbgf_8003593,snRNA,None,None,
CP141125.1,lnc_RNA,905579,907396,+,ncRNA,cpbgf_8003595,lncRNA,None,None,
CP141125.1,mRNA,906194,907888,-,mRNA,cpbgf_8003600,Uncharacterized protein,cgd8_3600,direct_name,
CP141125.1,mRNA,908075,909970,-,mRNA,cpbgf_8003610,putative Secreted Protein,cgd8_3610,direct_name,
CP141125.1,mRNA,910290,911215,+,mRNA,cpbgf_8003620,Uncharacterized protein,cgd8_3620,direct_name,
CP141125.1,lnc_RNA,910971,911824,-,ncRNA,cpbgf_8003625,lncRNA,None,None,
CP141125.1,mRNA,911206,911905,+,mRNA,cpbgf_8003630,Ubiquitin-fold modifier-conjugating enzyme 1,cgd8_3630,direct_name,
CP141125.1,mRNA,912043,916848,+,mRNA,cpbgf_8003640,niemann-Pick type C1 disease protein/ patched like cholesterol transporter of the SecD family wiht sterol-sensing domain,cgd8_3640,direct_name,
CP141125.1,mRNA,916599,917510,-,mRNA,cpbgf_8003650,Immunoglobulin-like fold containing protein,cgd8_3650,direct_name,
CP141125.1,mRNA,917797,918471,-,mRNA,cpbgf_8003653,hypothetical protein,cgd8_3653,direct_name,
CP141125.1,mRNA,918570,920115,+,mRNA,cpbgf_8003660,RNA 3'-Terminal Phosphate Cyclase-like protein,cgd8_3660,direct_name,
CP141125.1,mRNA,920168,920842,+,mRNA,cpbgf_8003670,putative Secreted Protein,cgd8_3670,direct_name,
CP141125.1,mRNA,921161,929338,+,mRNA,cpbgf_8003680,Acetyl-CoA carboxylase,cgd8_3680,direct_name,
CP141125.1,mRNA,927742,930029,-,mRNA,cpbgf_8003690,Mitosis protein DIM1,cgd8_3690,direct_name,
CP141125.1,mRNA,930099,931057,+,mRNA,cpbgf_8003700,Uncharacterized protein,cgd8_3700,direct_name,
CP141125.1,mRNA,930763,931724,-,mRNA,cpbgf_8003703,Nucleolar protein 12,cgd8_3703,direct_name,
CP141125.1,mRNA,931859,933801,+,mRNA,cpbgf_8003710,Uncharacterized protein,cgd8_3710,direct_name,
CP141125.1,mRNA,933181,934875,-,mRNA,cpbgf_8003720,Zinc finger%2CRING/FYVE/PHD-type domain containing protein,cgd8_3720,direct_name,
CP141125.1,mRNA,934963,936047,-,mRNA,cpbgf_8003730,Uncharacterized protein,cgd8_3730,direct_name,
CP141125.1,lnc_RNA,936152,937757,+,ncRNA,cpbgf_8003735,lncRNA,None,None,
CP141125.1,mRNA,936161,937881,-,mRNA,cpbgf_8003740,Yer119cp like amino acid transporter,cgd8_3740,direct_name,
CP141125.1,lnc_RNA,938061,943878,+,ncRNA,cpbgf_8003745,lncRNA,None,None,
CP141125.1,mRNA,938068,940376,-,mRNA,cpbgf_8003750,putative Secreted Protein,cgd8_3750,direct_name,
CP141125.1,mRNA,940496,947070,-,mRNA,cpbgf_8003760,Signal Peptide Uncharacterized transmembrane Protein,cgd8_3760,direct_name,
CP141125.1,mRNA,947328,948917,+,mRNA,cpbgf_8003770,DNAJ like chaperone,cgd8_3770,direct_name,
CP141125.1,lnc_RNA,947716,948068,-,ncRNA,cpbgf_8003775,lncRNA,None,None,
CP141125.1,mRNA,949221,949664,+,mRNA,cpbgf_8003780,Target SNARE coiled-coil homology domain containing protein,cgd8_3780,direct_name,
CP141125.1,mRNA,949713,950669,-,mRNA,cpbgf_8003790,SEC14/CRAL-TRIO lipid binding domain,cgd8_3790,direct_name,
CP141125.1,mRNA,950964,952954,-,mRNA,cpbgf_8003803,hypothetical protein,cgd8_3803,direct_name,
CP141125.1,snRNA,951585,951869,-,ncRNA,cpbgf_8003805,snRNA,None,None,
CP141125.1,mRNA,952976,954851,+,mRNA,cpbgf_8003820,Sister chromatid cohesion protein Dcc1,cgd8_3820,direct_name,
CP141125.1,lnc_RNA,953166,954709,-,ncRNA,cpbgf_8003825,lncRNA,None,None,
CP141125.1,mRNA,954816,955706,+,mRNA,cpbgf_8003830,Uncharacterized protein,cgd8_3830,direct_name,
CP141125.1,mRNA,955638,956360,-,mRNA,cpbgf_8003840,Uncharacterized protein,cgd8_3840,direct_name,
CP141125.1,mRNA,956457,957637,+,mRNA,cpbgf_8003850,Ubiquitin-conjugating enzyme E2,cgd8_3850,direct_name,
CP141125.1,mRNA,957482,960795,+,mRNA,cpbgf_8003860,Uncharacterized protein,cgd8_3860,direct_name,
CP141125.1,mRNA,960127,961575,-,mRNA,cpbgf_8003870,Acyl transferase/acyl hydrolase/lysophospholipase,cgd8_3870,direct_name,
CP141125.1,mRNA,961757,963598,+,mRNA,cpbgf_8003880,Acyl transferase/acyl hydrolase/lysophospholipase,cgd8_3880,direct_name,
CP141125.1,lnc_RNA,962564,963726,-,ncRNA,cpbgf_8003885,lncRNA,None,None,
CP141125.1,mRNA,963795,965981,+,mRNA,cpbgf_8003890,Signal Peptide Uncharacterized transmembrane Protein,cgd8_3890,direct_name,
CP141125.1,mRNA,966127,968180,+,mRNA,cpbgf_8003900,Sub2p like superfamily II helicase,cgd8_3900,direct_name,
CP141125.1,lnc_RNA,966252,968194,-,ncRNA,cpbgf_8003905,lncRNA,None,None,
CP141125.1,mRNA,968479,970308,+,mRNA,cpbgf_8003910,Major facilitator superfamily (MFS) domain containing protein,cgd8_3910,direct_name,
CP141125.1,mRNA,970414,971355,-,mRNA,cpbgf_8003920,Uncharacterized protein,cgd8_3920,direct_name,
CP141125.1,mRNA,971571,973254,-,mRNA,cpbgf_8003930,50S ribosome-binding GTPase,cgd8_3930,direct_name,
CP141125.1,mRNA,973690,975336,+,mRNA,cpbgf_8003940,eIF-2B gamma,cgd8_3940,direct_name,
CP141125.1,mRNA,975460,978188,-,mRNA,cpbgf_8003950,MutS like ABC Atpase,cgd8_3950,direct_name,
CP141125.1,mRNA,978494,979798,-,mRNA,cpbgf_8003960,WD40-repeat protein,cgd8_3960,direct_name,
CP141125.1,lnc_RNA,979879,980843,+,ncRNA,cpbgf_8003965,lncRNA,None,None,
CP141125.1,mRNA,979936,980948,-,mRNA,cpbgf_8003970,Nucleosome assembly protein (NAP),cgd8_3970,direct_name,
CP141125.1,mRNA,981173,983035,+,mRNA,cpbgf_8003990,Uncharacterized protein,cgd8_3990,direct_name,
CP141125.1,mRNA,982960,989313,+,mRNA,cpbgf_8004000,cAMP/cGMP/EF-hand domain containing protein,cgd8_4000,direct_name,
CP141125.1,lnc_RNA,988423,989132,-,ncRNA,cpbgf_8004005,lncRNA,None,None,
CP141125.1,mRNA,989611,992779,-,mRNA,cpbgf_8004010,Histidyl-tRNA synthetase,cgd8_4010,direct_name,
CP141125.1,lnc_RNA,992830,995879,+,ncRNA,cpbgf_8004015,lncRNA,None,None,
CP141125.1,mRNA,992857,995960,-,mRNA,cpbgf_8004020,Uncharacterized protein,cgd8_4020,direct_name,
CP141125.1,mRNA,996663,1002868,+,mRNA,cpbgf_8004030,Filamin/ABP280 repeat containing protein,cgd8_4030,direct_name,
CP141125.1,mRNA,1002479,1003516,-,mRNA,cpbgf_8004040,Aps1p/AP17 like clathrin adaptor protein,cgd8_4040,direct_name,
CP141125.1,mRNA,1004236,1004847,+,mRNA,cpbgf_8004050,Ribosomal protein S29,cgd8_4050,direct_name,
CP141125.1,mRNA,1005428,1007361,+,mRNA,cpbgf_8004060,26S proteasome regulatory subunit C-terminal/Proteasome component domain containing protein,cgd8_4060,direct_name,
CP141125.1,mRNA,1007907,1012805,+,mRNA,cpbgf_8004070,SANT domain containing protein,cgd8_4070,direct_name,
CP141125.1,mRNA,1012866,1014593,-,mRNA,cpbgf_8004080,WD40-repeat-containing protein,cgd8_4080,direct_name,
CP141125.1,mRNA,1014982,1016009,+,mRNA,cpbgf_8004083,Glycosyltransferase family 28 C-terminal domain containing protein,cgd8_4083,direct_name,
CP141125.1,mRNA,1016302,1017724,+,mRNA,cpbgf_8004090,Uncharacterized protein,cgd8_4090,direct_name,
CP141125.1,lnc_RNA,1017440,1017786,-,ncRNA,cpbgf_8004095,lncRNA,None,None,
CP141125.1,mRNA,1017843,1020367,+,mRNA,cpbgf_8004100,PRP43 involved in spliceosome disassembly mRNA splicing,cgd8_4100,direct_name,
CP141125.1,mRNA,1021091,1023229,-,mRNA,cpbgf_8004110,WD40 repeat protein,cgd8_4110,direct_name,
CP141125.1,mRNA,1023665,1024509,+,mRNA,cpbgf_8004120,EF-hand domain protein,cgd8_4120,direct_name,
CP141125.1,mRNA,1024636,1026009,-,mRNA,cpbgf_8004130,Acyl transferase/acyl hydrolase/lysophospholipase,cgd8_4130,direct_name,
CP141125.1,mRNA,1026292,1026702,+,mRNA,cpbgf_8004140,ELM2 domain-containing protein,cgd8_4140,direct_name,
CP141125.1,mRNA,1027199,1029169,+,mRNA,cpbgf_8004150,RNA recognition motif domain containing protein,cgd8_4150,direct_name,
CP141125.1,mRNA,1029069,1030970,-,mRNA,cpbgf_8004160,Uncharacterized protein,cgd8_4160,direct_name,
CP141125.1,mRNA,1031317,1034591,+,mRNA,cpbgf_8004170,CCAAT-binding factor,cgd8_4170,direct_name,
CP141125.1,mRNA,1034591,1036904,-,mRNA,cpbgf_8004190,Uncharacterized protein,cgd8_4190,direct_name,
CP141125.1,lnc_RNA,1034769,1036449,+,ncRNA,cpbgf_8004193,lncRNA,None,None,
CP141125.1,lnc_RNA,1037210,1038049,+,ncRNA,cpbgf_8004195,lncRNA,None,None,
CP141125.1,mRNA,1037239,1041050,-,mRNA,cpbgf_8004200,Uncharacterized protein,cgd8_4200,direct_name,
CP141125.1,snRNA,1037257,1037561,+,ncRNA,cpbgf_8004203,snRNA,None,None,
CP141125.1,snRNA,1037629,1037850,+,ncRNA,cpbgf_8004205,snRNA,None,None,
CP141125.1,mRNA,1040647,1042177,-,mRNA,cpbgf_8004210,Uncharacterized protein,cgd8_4210,direct_name,
CP141125.1,mRNA,1042660,1043687,+,mRNA,cpbgf_8004220,High mobility group box domain containing protein,cgd8_4220,direct_name,
CP141125.1,mRNA,1043864,1046512,-,mRNA,cpbgf_8004230,Glucose-methanol-choline oxidoreductase,cgd8_4230,direct_name,
CP141125.1,mRNA,1047058,1051246,+,mRNA,cpbgf_8004240,Cleavage/polyadenylation specificity factor subunit A,cgd8_4240,direct_name,
CP141125.1,lnc_RNA,1047730,1051334,-,ncRNA,cpbgf_8004245,lncRNA,None,None,
CP141125.1,mRNA,1051398,1053553,+,mRNA,cpbgf_8004253,Short-chain dehydrogenase/reductase SDR,cgd8_4253,direct_name,
CP141125.1,mRNA,1053441,1054105,-,mRNA,cpbgf_8004260,Rad60/SUMO-like domain containing protein,cgd8_4260,direct_name,
CP141125.1,lnc_RNA,1054211,1055263,+,ncRNA,cpbgf_8004265,lncRNA,None,None,
CP141125.1,mRNA,1054395,1055465,-,mRNA,cpbgf_8004270,Methyltransferase-like protein,cgd8_4270,direct_name,
CP141125.1,mRNA,1055791,1058205,+,mRNA,cpbgf_8004280,KRR1 interacting protein 1,cgd8_4280,direct_name,
CP141125.1,mRNA,1057370,1059515,-,mRNA,cpbgf_8004290,PH domain-like protein,cgd8_4290,direct_name,
CP141125.1,mRNA,1059654,1061495,+,mRNA,cpbgf_8004310,Uncharacterized protein,cgd8_4310,direct_name,
CP141125.1,mRNA,1061513,1062407,-,mRNA,cpbgf_8004320,Uncharacterized Protein,cgd8_4320,direct_name,
CP141125.1,snRNA,1062639,1062919,-,ncRNA,cpbgf_8004325,snRNA,None,None,
CP141125.1,mRNA,1063192,1064266,-,mRNA,cpbgf_8004330,Fibrillarin RNA methylase,cgd8_4330,direct_name,
CP141125.1,mRNA,1064798,1067294,+,mRNA,cpbgf_8004340,Ubiquitin carboxyl-terminal hydrolase of the cysteine proteinase fold,cgd8_4340,direct_name,
CP141125.1,mRNA,1067548,1068677,-,mRNA,cpbgf_8004350,60S ribosomal protein L7/L30,cgd8_4350,direct_name,
CP141125.1,mRNA,1069237,1070192,-,mRNA,cpbgf_8004360,Ribosomal protein S8,cgd8_4360,direct_name,
CP141125.1,mRNA,1070574,1073876,+,mRNA,cpbgf_8004370,Nucleolar protein 14,cgd8_4370,direct_name,
CP141125.1,lnc_RNA,1071502,1073935,-,ncRNA,cpbgf_8004375,lncRNA,None,None,
CP141125.1,mRNA,1074166,1075870,+,mRNA,cpbgf_8004380,SNW family nuclear protein,cgd8_4380,direct_name,
CP141125.1,mRNA,1075848,1076794,-,mRNA,cpbgf_8004390,Uncharacterized protein,cgd8_4390,direct_name,
CP141125.1,mRNA,1077617,1080050,+,mRNA,cpbgf_8004400,Transcription elongation factor TFIIS,cgd8_4400,direct_name,
CP141125.1,mRNA,1079047,1081054,-,mRNA,cpbgf_8004410,Uncharacterized protein,cgd8_4410,direct_name,
CP141125.1,mRNA,1081156,1084809,+,mRNA,cpbgf_8004420,WD40/YVTN/Zinc finger%2CRING/FYVE/PHD-type domain containing protein,cgd8_4420,direct_name,
CP141125.1,mRNA,1084712,1085665,-,mRNA,cpbgf_8004430,Translation initiation factor IF2/IF5%2Czinc-binding,cgd8_4430,direct_name,
CP141125.1,mRNA,1086065,1088541,-,mRNA,cpbgf_8004440,Acyltransferase 3,cgd8_4440,direct_name,
CP141125.1,tRNA,1086270,1086376,+,tRNA,cpbgf_8004443,tRNA-Ala,None,None,
CP141125.1,lnc_RNA,1086575,1088686,+,ncRNA,cpbgf_8004445,lncRNA,None,None,
CP141125.1,mRNA,1089292,1091235,-,mRNA,cpbgf_8004450,Uncharacterized protein,cgd8_4450,direct_name,
CP141125.1,mRNA,1092613,1094072,+,mRNA,cpbgf_8004460,Cell differentiation family Caf40/Rcd1-like,cgd8_4460,direct_name,
CP141125.1,lnc_RNA,1092675,1094352,-,ncRNA,cpbgf_8004465,lncRNA,None,None,
CP141125.1,mRNA,1094468,1097379,+,mRNA,cpbgf_8004470,Sec23/Sec24,cgd8_4470,direct_name,
CP141125.1,lnc_RNA,1094526,1097541,-,ncRNA,cpbgf_8004475,lncRNA,None,None,
CP141125.1,mRNA,1098029,1099669,+,mRNA,cpbgf_8004480,Uncharacterized protein,cgd8_4480,direct_name,
CP141125.1,mRNA,1100085,1102765,+,mRNA,cpbgf_8004490,Uncharacterized protein,cgd8_4490,direct_name,
CP141125.1,mRNA,1103044,1106895,+,mRNA,cpbgf_8004500,Phosphatidylinositol 3-/4-kinase,cgd8_4500,direct_name,
CP141125.1,mRNA,1107067,1110745,-,mRNA,cpbgf_8004510,Uncharacterized protein,cgd8_4510,direct_name,
CP141125.1,mRNA,1111327,1112172,+,mRNA,cpbgf_8004520,hypothetical protein,cgd8_4520,direct_name,
CP141125.1,mRNA,1112146,1119155,-,mRNA,cpbgf_8004526,Uncharacterized Protein,cgd8_4520,no_direct_name,
CP141125.1,mRNA,1119550,1121312,-,mRNA,cpbgf_8004530,WD40 repeat containing protein,cgd8_4530,direct_name,
CP141125.1,mRNA,1121585,1123945,-,mRNA,cpbgf_8004540,PH domain-like containing protein,cgd8_4540,direct_name,
CP141125.1,mRNA,1124883,1126187,+,mRNA,cpbgf_8004550,Uncharacterized protein,cgd8_4550,direct_name,
CP141125.1,lnc_RNA,1126694,1127202,-,ncRNA,cpbgf_8004555,lncRNA,None,None,
CP141125.1,mRNA,1126721,1127176,+,mRNA,cpbgf_8004560,Uncharacterized protein,cgd8_4560,direct_name,
CP141125.1,mRNA,1127778,1129727,-,mRNA,cpbgf_8004570,Uncharacterized protein,cgd8_4570,direct_name,
CP141125.1,mRNA,1130530,1132113,+,mRNA,cpbgf_8004580,Uncharacterized Protein,cgd8_4580,direct_name,
CP141125.1,mRNA,1132335,1133009,+,mRNA,cpbgf_8004590,Dynactin subunit p22,cgd8_4590,direct_name,
CP141125.1,mRNA,1133041,1134327,-,mRNA,cpbgf_8004600,Uncharacterized protein,cgd8_4600,direct_name,
CP141125.1,mRNA,1136005,1136628,+,mRNA,cpbgf_8004610,NUDIX hydrolase domain containing protein,cgd8_4610,direct_name,
CP141125.1,mRNA,1136824,1144160,-,mRNA,cpbgf_8004620,Helicase superfamily 1-2/SNF2/Zinc finger%2CRING/FYVE/PHD-type domain containing protein,cgd8_4620,direct_name,
CP141125.1,snRNA,1143845,1144060,-,ncRNA,cpbgf_8004625,snRNA,None,None,
CP141125.1,mRNA,1145113,1146785,+,mRNA,cpbgf_8004630,Elongation of fatty acids protein,cgd8_4630,direct_name,
CP141125.1,lnc_RNA,1145560,1146492,-,ncRNA,cpbgf_8004633,lncRNA,None,None,
CP141125.1,lnc_RNA,1146578,1148134,+,ncRNA,cpbgf_8004635,lncRNA,None,None,
CP141125.1,mRNA,1146717,1148198,-,mRNA,cpbgf_8004640,WD40/YVTN repeat-like-containing protein,cgd8_4640,direct_name,
CP141125.1,mRNA,1148211,1148932,-,mRNA,cpbgf_8004650,DNA polymerase delta subunit 4,cgd8_4650,direct_name,
CP141125.1,mRNA,1149243,1150436,-,mRNA,cpbgf_8004660,Uncharacterized protein,cgd8_4660,direct_name,
CP141125.1,mRNA,1151147,1152104,+,mRNA,cpbgf_8004670,Uncharacterized Protein,cgd8_4670,direct_name,
CP141125.1,mRNA,1152059,1153305,-,mRNA,cpbgf_8004680,Brix domain containing protein,cgd8_4680,direct_name,
CP141125.1,lnc_RNA,1153488,1155435,+,ncRNA,cpbgf_8004685,lncRNA,None,None,
CP141125.1,mRNA,1153659,1157030,-,mRNA,cpbgf_8004690,Uncharacterized protein,cgd8_4690,direct_name,
CP141125.1,mRNA,1157453,1158417,-,mRNA,cpbgf_8004700,Serine-threonine/tyrosine-protein kinase,cgd8_4700,direct_name,
CP141125.1,mRNA,1158473,1160571,-,mRNA,cpbgf_8004710,CCHC-type Zinc finger protein,cgd8_4710,direct_name,
CP141125.1,lnc_RNA,1159035,1159836,+,ncRNA,cpbgf_8004715,lncRNA,None,None,
CP141125.1,mRNA,1161085,1162803,+,mRNA,cpbgf_8004720,Seryl-tRNA synthetase%2Ccytoplasmic,cgd8_4720,direct_name,
CP141125.1,mRNA,1162746,1165002,-,mRNA,cpbgf_8004730,Palmitoyltransferase,cgd8_4730,direct_name,
CP141125.1,mRNA,1165230,1166694,+,mRNA,cpbgf_8004740,4'-phosphopantetheinyl transferase,cgd8_4740,direct_name,
CP141125.1,mRNA,1166767,1167429,+,mRNA,cpbgf_8004743,hypothetical protein,cgd8_4743,direct_name,
CP141125.1,tRNA,1167568,1167654,+,tRNA,cpbgf_8004745,tRNA-Ser,None,None,
CP141125.1,mRNA,1167746,1169733,-,mRNA,cpbgf_8004750,Dbp5p-like eIF4A-1-family RNA SFII helicase,cgd8_4750,direct_name,
CP141125.1,mRNA,1169799,1171144,+,mRNA,cpbgf_8004760,Arginine n-methyltransferase,cgd8_4760,direct_name,
CP141125.1,mRNA,1171497,1177647,+,mRNA,cpbgf_8004770,Cleavage/polyadenylation specificity factor A subunit,cgd8_4770,direct_name,
CP141125.1,mRNA,1178068,1183392,+,mRNA,cpbgf_8004780,Ribosome control protein 1,cgd8_4780,direct_name,
CP141125.1,lnc_RNA,1179956,1181377,-,ncRNA,cpbgf_8004781,lncRNA,None,None,
CP141125.1,mRNA,1183879,1184576,+,mRNA,cpbgf_8004783,Uncharacterized protein,cgd8_4783,direct_name,
CP141125.1,mRNA,1184709,1185643,-,mRNA,cpbgf_8004790,Vacuolar ATP synthase subunit,cgd8_4790,direct_name,
CP141125.1,mRNA,1186945,1190486,+,mRNA,cpbgf_8004800,Zinc finger%2CRING/FYVE/FHA/SMAD/PHD-type domain containing protein,cgd8_4800,direct_name,
CP141125.1,lnc_RNA,1188619,1189734,-,ncRNA,cpbgf_8004805,lncRNA,None,None,
CP141125.1,mRNA,1191698,1193986,+,mRNA,cpbgf_8004810,NLI interacting factor-like phosphatase FCP1/BRCT/HAD domain containing protein,cgd8_4810,direct_name,
CP141125.1,mRNA,1194530,1195133,+,mRNA,cpbgf_8004820,hypothetical protein,cgd8_4820,direct_name,
CP141125.1,mRNA,1195135,1195659,-,mRNA,cpbgf_8004826,Transcription initiation factor TAFII31,cgd8_4820,no_direct_name,
CP141125.1,mRNA,1196677,1198104,+,mRNA,cpbgf_8004830,Signal peptide%2CKazal-type serine protease inhibitor domain containing protein,cgd8_4830,direct_name,
CP141125.1,mRNA,1199984,1207642,-,mRNA,cpbgf_8004840,SANT/Myb domain/WD40YVTN repeat containing protein,cgd8_4840,direct_name,
CP141125.1,mRNA,1207803,1211385,-,mRNA,cpbgf_8004850,SUN/Galactose-binding domain containing protein,cgd8_4850,direct_name,
CP141125.1,mRNA,1211860,1213950,+,mRNA,cpbgf_8004860,WD40 repeat protein,cgd8_4860,direct_name,
CP141125.1,mRNA,1214312,1215734,+,mRNA,cpbgf_8004870,rRNA-processing protein Fcf1/Utp23,cgd8_4870,direct_name,
CP141125.1,mRNA,1216155,1217921,+,mRNA,cpbgf_8004880,putative transmembrane Protein,cgd8_4880,direct_name,
CP141125.1,mRNA,1217962,1218630,-,mRNA,cpbgf_8004890,Uncharacterized protein,cgd8_4890,direct_name,
CP141125.1,mRNA,1218894,1219644,-,mRNA,cpbgf_8004900,Clathrin adaptor complex small chain containing protein,cgd8_4900,direct_name,
CP141125.1,mRNA,1220175,1226277,+,mRNA,cpbgf_8004910,Exonuclease%2CRNase T/DNA polymerase III,cgd8_4910,direct_name,
CP141125.1,lnc_RNA,1221981,1224316,-,ncRNA,cpbgf_8004915,lncRNA,None,None,
CP141125.1,mRNA,1226556,1227494,+,mRNA,cpbgf_8004920,WD40-repeat-containing protein,cgd8_4920,direct_name,
CP141125.1,mRNA,1227872,1229740,-,mRNA,cpbgf_8004930,DnaJ domain containing protein,cgd8_4930,direct_name,
CP141125.1,lnc_RNA,1230402,1233760,-,ncRNA,cpbgf_8004935,lncRNA,None,None,
CP141125.1,mRNA,1230451,1234704,+,mRNA,cpbgf_8004940,Alpha-trehalose-phosphate synthase,cgd8_4940,direct_name,
CP141125.1,mRNA,1234795,1239088,-,mRNA,cpbgf_8004950,RecQ4 SF II RNA helicase,cgd8_4950,direct_name,
CP141125.1,mRNA,1239619,1241774,-,mRNA,cpbgf_8004960,Uncharacterized protein,cgd8_4960,direct_name,
CP141125.1,lnc_RNA,1241834,1242114,+,ncRNA,cpbgf_8004963,lncRNA,None,None,
CP141125.1,lnc_RNA,1241975,1242487,-,ncRNA,cpbgf_8004965,lncRNA,None,None,
CP141125.1,mRNA,1242723,1247818,+,mRNA,cpbgf_8004970,Tetratricopeptide-like helical domain protein,cgd8_4970,direct_name,
CP141125.1,lnc_RNA,1246889,1247790,-,ncRNA,cpbgf_8004973,lncRNA,None,None,
CP141125.1,tRNA,1247850,1247928,+,tRNA,cpbgf_8004975,tRNA-Gln,None,None,
CP141125.1,mRNA,1248277,1248657,-,mRNA,cpbgf_8004980,Uncharacterized protein,cgd8_4980,direct_name,
CP141125.1,mRNA,1248677,1250902,-,mRNA,cpbgf_8004990,Gtr1/RagA G protein,cgd8_4990,direct_name,
CP141125.1,mRNA,1250361,1251615,+,mRNA,cpbgf_8005000,Uncharacterized protein,cgd8_5000,direct_name,
CP141125.1,mRNA,1251813,1252632,+,mRNA,cpbgf_8005010,Uncharacterized protein,cgd8_5010,direct_name,
CP141125.1,mRNA,1252721,1253197,-,mRNA,cpbgf_8005020,Carbohydrate binding module family 20,cgd8_5020,direct_name,
CP141125.1,mRNA,1254718,1255692,+,mRNA,cpbgf_8005030,Articulin family protein%2CPfs77 protein-related,cgd8_5030,direct_name,
CP141125.1,mRNA,1255976,1256296,-,mRNA,cpbgf_8005040,Uncharacterized protein,cgd8_5040,direct_name,
CP141125.1,mRNA,1256957,1258398,+,mRNA,cpbgf_8005050,Palmitoyltransferase,cgd8_5050,direct_name,
CP141125.1,mRNA,1258536,1259263,+,mRNA,cpbgf_8005060,Uncharacterized protein,cgd8_5060,direct_name,
CP141125.1,mRNA,1259213,1259867,-,mRNA,cpbgf_8005070,Trafficking protein particle complex subunit 2,cgd8_5070,direct_name,
CP141125.1,mRNA,1259817,1261277,-,mRNA,cpbgf_8005080,Uncharacterized protein,cgd8_5080,direct_name,
CP141125.1,mRNA,1261470,1262390,+,mRNA,cpbgf_8005090,Uncharacterized protein,cgd8_5090,direct_name,
CP141125.1,mRNA,1262177,1263093,-,mRNA,cpbgf_8005100,Uncharacterized protein,cgd8_5100,direct_name,
CP141125.1,mRNA,1263134,1263983,-,mRNA,cpbgf_8005110,Uncharacterized protein,cgd8_5110,direct_name,
CP141125.1,mRNA,1264047,1265642,+,mRNA,cpbgf_8005125,Protein kinase NPK2,cgd8_5120,no_direct_name,
CP141125.1,tRNA,1265400,1265484,+,tRNA,cpbgf_8005127,tRNA-Ala,None,None,
CP141125.1,mRNA,1265530,1266643,+,mRNA,cpbgf_8005130,TatSF1-like protein with RNA recognition motif domain,cgd8_5130,direct_name,
CP141125.1,lnc_RNA,1266627,1267660,-,ncRNA,cpbgf_8005135,lncRNA,None,None,
CP141125.1,mRNA,1266830,1267711,+,mRNA,cpbgf_8005140,emp24/gp25L/p24 family/GOLD domain containing protein,cgd8_5140,direct_name,
CP141125.1,mRNA,1268002,1271284,+,mRNA,cpbgf_8005150,Ssd1p/F48E8.6-like RNAseII,cgd8_5150,direct_name,
CP141125.1,mRNA,1271302,1273200,+,mRNA,cpbgf_8005160,Uncharacterized protein,cgd8_5160,direct_name,
CP141125.1,snRNA,1271968,1272157,+,ncRNA,cpbgf_8005165,snRNA,None,None,
CP141125.1,mRNA,1272685,1273350,-,mRNA,cpbgf_8005170,Uncharacterized protein,cgd8_5170,direct_name,
CP141125.1,mRNA,1273778,1275402,+,mRNA,cpbgf_8005180,Serine/threonine-protein kinase,cgd8_5180,direct_name,
CP141125.1,mRNA,1275095,1278594,-,mRNA,cpbgf_8005183,Armadillo-type fold containing protein,cgd8_5183,direct_name,
CP141125.1,mRNA,1278594,1283212,-,mRNA,cpbgf_8005186,BRCT repeat containing protein,cgd8_5190,no_direct_name,
CP141125.1,mRNA,1283269,1284762,-,mRNA,cpbgf_8005200,Phosphatidic acid phosphatase type 2/haloperoxidase,cgd8_5200,direct_name,
CP141125.1,tRNA,1283379,1283454,-,tRNA,cpbgf_8005205,tRNA-Ala,None,None,
CP141125.1,mRNA,1284935,1288271,-,mRNA,cpbgf_8005210,Uncharacterized protein,cgd8_5210,direct_name,
CP141125.1,mRNA,1288967,1290080,+,mRNA,cpbgf_8005220,OST3 / OST6 family,cgd8_5220,direct_name,
CP141125.1,mRNA,1290134,1290847,-,mRNA,cpbgf_8005230,Histone H4,cgd8_5230,direct_name,
CP141125.1,mRNA,1291300,1292049,+,mRNA,cpbgf_8005240,U2 auxiliary factor small subunit,cgd8_5240,direct_name,
CP141125.1,mRNA,1292099,1293109,-,mRNA,cpbgf_8005250,Zinc finger%2CRING/FYVE/PHD-type domain containing protein,cgd8_5250,direct_name,
CP141125.1,mRNA,1293261,1295123,+,mRNA,cpbgf_8005260,SRP54-type protein%2CGTPase domain containing protein,cgd8_5260,direct_name,
CP141125.1,lnc_RNA,1295301,1296864,-,ncRNA,cpbgf_8005265,lncRNA,None,None,
CP141125.1,mRNA,1295336,1296838,+,mRNA,cpbgf_8005270,Amino acid permease/polyamine transporter I,cgd8_5270,direct_name,
CP141125.1,mRNA,1296916,1298075,+,mRNA,cpbgf_8005280,Pseudouridine synthase I TruA,cgd8_5280,direct_name,
CP141125.1,mRNA,1298585,1304676,+,mRNA,cpbgf_8005290,putative Secreted Protein,cgd8_5290,direct_name,
CP141125.1,mRNA,1305403,1308024,+,mRNA,cpbgf_8005300,putative Secreted Protein,cgd8_5300,direct_name,
CP141125.1,lnc_RNA,1305481,1308103,-,ncRNA,cpbgf_8005305,lncRNA,None,None,
CP141125.1,mRNA,1308218,1312138,+,mRNA,cpbgf_8005310,putative Secreted Protein,cgd8_5310,direct_name,
CP141125.1,mRNA,1312127,1314957,-,mRNA,cpbgf_8005320,Serine/threonine-protein kinase,cgd8_5323,no_direct_name,
CP141125.1,lnc_RNA,1313721,1314724,+,ncRNA,cpbgf_8005325,lncRNA,None,None,
CP141125.1,mRNA,1315158,1319290,+,mRNA,cpbgf_8005340,putative Secreted Protein,cgd8_5340,direct_name,
CP141125.1,mRNA,1319283,1321814,+,mRNA,cpbgf_8005350,Uncharacterized protein,cgd8_5350,direct_name,
CP141125.1,mRNA,1322047,1322953,+,mRNA,cpbgf_8005360,Uncharacterized protein,cgd8_5360,direct_name,
CP141125.1,mRNA,1323792,1324268,+,mRNA,cpbgf_8005370,Uncharacterized protein,cgd8_5370,direct_name,
CP141125.1,lnc_RNA,1325092,1327551,-,ncRNA,cpbgf_8005375,lncRNA,None,None,
CP141125.1,mRNA,1325285,1326229,+,mRNA,cpbgf_8005380,Uncharacterized protein,cgd8_5380,direct_name,
CP141125.1,mRNA,1326260,1327669,+,mRNA,cpbgf_8005390,Uncharacterized protein,cgd8_5390,direct_name,
CP141125.1,mRNA,1328357,1329526,+,mRNA,cpbgf_8005400,Uncharacterized protein,cgd8_5400,direct_name,
CP141125.1,mRNA,1330118,1330759,-,mRNA,cpbgf_8005410,HhH-GPD domain containing protein,cgd8_5410,direct_name,
CP141125.1,mRNA,1330911,1332534,-,mRNA,cpbgf_8005420,Uncharacterized protein,cgd8_5420,direct_name,
CP141125.1,lnc_RNA,1331056,1331599,+,ncRNA,cpbgf_8005435,lncRNA,None,None,
CP141125.1,lnc_RNA,1331855,1332084,+,ncRNA,cpbgf_8005445,lncRNA,None,None,
CP141125.1,lnc_RNA,1332652,1333207,+,ncRNA,cpbgf_8005455,lncRNA,None,None,
CP141125.1,lnc_RNA,1334226,1336417,-,ncRNA,cpbgf_8005465,lncRNA,None,None,
CP141125.1,rRNA,1335089,1336834,+,rRNA,cpbgf_8005475,18S ribosomal RNA,None,None,
CP141125.1,rRNA,1337995,1341430,+,rRNA,cpbgf_8005495,28S ribosomal RNA,None,None,
CP141125.1,lnc_RNA,1338383,1340245,-,ncRNA,cpbgf_8005505,lncRNA,None,None,
CP141125.1,mRNA,1348447,1349941,-,mRNA,cpbgf_8005520,hypothetical protein,cgd5_4530,no_direct_name,chr_change
CP141125.1,mRNA,1355147,1355572,+,mRNA,cpbgf_8003943,hypothetical protein,cgd5_4550,no_direct_name,
CP141125.1,lnc_RNA,1356451,1358546,+,ncRNA,cpbgf_8003945,lncRNA,None,None,
CP141125.1,mRNA,1360392,1361636,-,mRNA,cpbgf_8005530,hypothetical protein,cgd5_4570,no_direct_name,chr_change
CP141125.1,lnc_RNA,1363299,1364710,+,ncRNA,cpbgf_8003963,lncRNA,None,None,
CP141125.1,lnc_RNA,1363910,1364574,-,ncRNA,cpbgf_8003967,lncRNA,None,None,
CP141125.1,lnc_RNA,1364860,1365244,+,ncRNA,cpbgf_8005750,lncRNA,None,None,
CP141125.1,lnc_RNA,1366217,1366721,+,ncRNA,cpbgf_8005740,lncRNA,None,None,