transcript_id,gene_id
rna-gnl|cpbgf|cpbgf_1004000-RA,cpbgf_1004000
rna-gnl|cpbgf|cpbgf_1003990-RA,cpbgf_1003990
rna-gnl|cpbgf|cpbgf_1003980-RA,cpbgf_1003980
rna-gnl|cpbgf|cpbgf_1003970-RA,cpbgf_1003970
rna-gnl|cpbgf|cpbgf_1003960-RA,cpbgf_1003960
rna-gnl|cpbgf|cpbgf_1003950-RA,cpbgf_1003950
rna-gnl|cpbgf|cpbgf_1003920-RA,cpbgf_1003920
rna-gnl|cpbgf|cpbgf_1003910-RA,cpbgf_1003910
rna-gnl|cpbgf|cpbgf_1003900-RA,cpbgf_1003900
rna-gnl|cpbgf|cpbgf_1003890-RA,cpbgf_1003890
rna-cpbgf_1003875,cpbgf_1003875
rna-cpbgf_1003870,cpbgf_1003870
rna-cpbgf_1005860,cpbgf_1005860
rna-cpbgf_1008,cpbgf_1008
rna-gnl|cpbgf|cpbgf_10010-RA,cpbgf_10010
rna-cpbgf_10013,cpbgf_10013
rna-gnl|cpbgf|cpbgf_10020-RA,cpbgf_10020
rna-cpbgf_10015,cpbgf_10015
rna-gnl|cpbgf|cpbgf_10030-RA,cpbgf_10030
rna-cpbgf_10025,cpbgf_10025
rna-gnl|cpbgf|cpbgf_10040-RA,cpbgf_10040
rna-gnl|cpbgf|cpbgf_10050-RA,cpbgf_10050
rna-cpbgf_10065,cpbgf_10065
rna-gnl|cpbgf|cpbgf_10060-RA,cpbgf_10060
rna-gnl|cpbgf|cpbgf_10070-RA,cpbgf_10070
rna-gnl|cpbgf|cpbgf_10080-RA,cpbgf_10080
rna-gnl|cpbgf|cpbgf_10090-RA,cpbgf_10090
rna-gnl|cpbgf|cpbgf_100100-RA,cpbgf_100100
rna-gnl|cpbgf|cpbgf_100110-RA,cpbgf_100110
rna-gnl|cpbgf|cpbgf_100120-RA,cpbgf_100120
rna-gnl|cpbgf|cpbgf_100130-RA,cpbgf_100130
rna-cpbgf_100135,cpbgf_100135
rna-gnl|cpbgf|cpbgf_100140-RA,cpbgf_100140
rna-gnl|cpbgf|cpbgf_100150-RA,cpbgf_100150
rna-gnl|cpbgf|cpbgf_100160-RA,cpbgf_100160
rna-gnl|cpbgf|cpbgf_100170-RA,cpbgf_100170
rna-gnl|cpbgf|cpbgf_100180-RA,cpbgf_100180
rna-gnl|cpbgf|cpbgf_100190-RA,cpbgf_100190
rna-gnl|cpbgf|cpbgf_100200-RA,cpbgf_100200
rna-gnl|cpbgf|cpbgf_100203-RA,cpbgf_100203
rna-gnl|cpbgf|cpbgf_100210-RA,cpbgf_100210
rna-gnl|cpbgf|cpbgf_100220-RA,cpbgf_100220
rna-gnl|cpbgf|cpbgf_100230-RA,cpbgf_100230
rna-gnl|cpbgf|cpbgf_100240-RA,cpbgf_100240
rna-gnl|cpbgf|cpbgf_100250-RA,cpbgf_100250
rna-cpbgf_100245,cpbgf_100245
rna-gnl|cpbgf|cpbgf_100260-RA,cpbgf_100260
rna-gnl|cpbgf|cpbgf_100270-RA,cpbgf_100270
rna-gnl|cpbgf|cpbgf_100280-RA,cpbgf_100280
rna-gnl|cpbgf|cpbgf_100290-RA,cpbgf_100290
rna-gnl|cpbgf|cpbgf_100300-RA,cpbgf_100300
rna-gnl|cpbgf|cpbgf_100310-RA,cpbgf_100310
rna-gnl|cpbgf|cpbgf_100320-RA,cpbgf_100320
rna-cpbgf_100315,cpbgf_100315
rna-gnl|cpbgf|cpbgf_100330-RA,cpbgf_100330
rna-gnl|cpbgf|cpbgf_100340-RA,cpbgf_100340
rna-gnl|cpbgf|cpbgf_100350-RA,cpbgf_100350
rna-gnl|cpbgf|cpbgf_100360-RA,cpbgf_100360
rna-cpbgf_100365,cpbgf_100365
rna-gnl|cpbgf|cpbgf_100370-RA,cpbgf_100370
rna-cpbgf_100385,cpbgf_100385
rna-gnl|cpbgf|cpbgf_100380-RA,cpbgf_100380
rna-gnl|cpbgf|cpbgf_100390-RA,cpbgf_100390
rna-gnl|cpbgf|cpbgf_100410-RA,cpbgf_100410
rna-gnl|cpbgf|cpbgf_100420-RA,cpbgf_100420
rna-gnl|cpbgf|cpbgf_100440-RA,cpbgf_100440
rna-gnl|cpbgf|cpbgf_100430-RA,cpbgf_100430
rna-gnl|cpbgf|cpbgf_100450-RA,cpbgf_100450
rna-gnl|cpbgf|cpbgf_100455-RA,cpbgf_100455
rna-gnl|cpbgf|cpbgf_100460-RA,cpbgf_100460
rna-gnl|cpbgf|cpbgf_100470-RA,cpbgf_100470
rna-gnl|cpbgf|cpbgf_100490-RA,cpbgf_100490
rna-gnl|cpbgf|cpbgf_100493-RA,cpbgf_100493
rna-gnl|cpbgf|cpbgf_100500-RA,cpbgf_100500
rna-gnl|cpbgf|cpbgf_100510-RA,cpbgf_100510
rna-cpbgf_100515,cpbgf_100515
rna-gnl|cpbgf|cpbgf_100520-RA,cpbgf_100520
rna-cpbgf_100525,cpbgf_100525
rna-gnl|cpbgf|cpbgf_100530-RA,cpbgf_100530
rna-gnl|cpbgf|cpbgf_100540-RA,cpbgf_100540
rna-gnl|cpbgf|cpbgf_100543-RA,cpbgf_100543
rna-gnl|cpbgf|cpbgf_100550-RA,cpbgf_100550
rna-gnl|cpbgf|cpbgf_100560-RA,cpbgf_100560
rna-gnl|cpbgf|cpbgf_100570-RA,cpbgf_100570
rna-gnl|cpbgf|cpbgf_100580-RA,cpbgf_100580
rna-gnl|cpbgf|cpbgf_100590-RA,cpbgf_100590
rna-gnl|cpbgf|cpbgf_100600-RA,cpbgf_100600
rna-gnl|cpbgf|cpbgf_100610-RA,cpbgf_100610
rna-gnl|cpbgf|cpbgf_100620-RA,cpbgf_100620
rna-gnl|cpbgf|cpbgf_100630-RA,cpbgf_100630
rna-gnl|cpbgf|cpbgf_100640-RA,cpbgf_100640
rna-cpbgf_100643,cpbgf_100643
rna-cpbgf_100647,cpbgf_100647
rna-cpbgf_100645,cpbgf_100645
rna-gnl|cpbgf|cpbgf_100650-RA,cpbgf_100650
rna-gnl|cpbgf|cpbgf_100660-RA,cpbgf_100660
rna-gnl|cpbgf|cpbgf_100670-RA,cpbgf_100670
rna-gnl|cpbgf|cpbgf_100680-RA,cpbgf_100680
rna-gnl|cpbgf|cpbgf_100690-RA,cpbgf_100690
rna-gnl|cpbgf|cpbgf_100700-RA,cpbgf_100700
rna-gnl|cpbgf|cpbgf_100710-RA,cpbgf_100710
rna-gnl|cpbgf|cpbgf_100720-RA,cpbgf_100720
rna-gnl|cpbgf|cpbgf_100730-RA,cpbgf_100730
rna-gnl|cpbgf|cpbgf_100733-RA,cpbgf_100733
rna-gnl|cpbgf|cpbgf_100740-RA,cpbgf_100740
rna-gnl|cpbgf|cpbgf_100750-RA,cpbgf_100750
rna-gnl|cpbgf|cpbgf_100760-RA,cpbgf_100760
rna-cpbgf_100755,cpbgf_100755
rna-gnl|cpbgf|cpbgf_100770-RA,cpbgf_100770
rna-cpbgf_100775,cpbgf_100775
rna-gnl|cpbgf|cpbgf_100780-RA,cpbgf_100780
rna-gnl|cpbgf|cpbgf_100790-RA,cpbgf_100790
rna-gnl|cpbgf|cpbgf_100800-RA,cpbgf_100800
rna-gnl|cpbgf|cpbgf_100810-RA,cpbgf_100810
rna-gnl|cpbgf|cpbgf_100820-RA,cpbgf_100820
rna-cpbgf_100813,cpbgf_100813
rna-cpbgf_100815,cpbgf_100815
rna-gnl|cpbgf|cpbgf_100830-RA,cpbgf_100830
rna-gnl|cpbgf|cpbgf_100840-RA,cpbgf_100840
rna-gnl|cpbgf|cpbgf_100843-RA,cpbgf_100843
rna-gnl|cpbgf|cpbgf_100850-RA,cpbgf_100850
rna-gnl|cpbgf|cpbgf_100860-RA,cpbgf_100860
rna-gnl|cpbgf|cpbgf_100870-RA,cpbgf_100870
rna-gnl|cpbgf|cpbgf_100880-RA,cpbgf_100880
rna-gnl|cpbgf|cpbgf_100890-RA,cpbgf_100890
rna-gnl|cpbgf|cpbgf_100900-RA,cpbgf_100900
rna-cpbgf_100905,cpbgf_100905
rna-gnl|cpbgf|cpbgf_100910-RA,cpbgf_100910
rna-gnl|cpbgf|cpbgf_100920-RA,cpbgf_100920
rna-gnl|cpbgf|cpbgf_100930-RA,cpbgf_100930
rna-gnl|cpbgf|cpbgf_100940-RA,cpbgf_100940
rna-gnl|cpbgf|cpbgf_100950-RA,cpbgf_100950
rna-gnl|cpbgf|cpbgf_100960-RA,cpbgf_100960
rna-gnl|cpbgf|cpbgf_100970-RA,cpbgf_100970
rna-cpbgf_100975,cpbgf_100975
rna-gnl|cpbgf|cpbgf_100980-RA,cpbgf_100980
rna-gnl|cpbgf|cpbgf_100990-RA,cpbgf_100990
rna-cpbgf_100985,cpbgf_100985
rna-cpbgf_100995,cpbgf_100995
rna-gnl|cpbgf|cpbgf_1001000-RA,cpbgf_1001000
rna-gnl|cpbgf|cpbgf_1001010-RA,cpbgf_1001010
rna-gnl|cpbgf|cpbgf_1001020-RA,cpbgf_1001020
rna-gnl|cpbgf|cpbgf_1001030-RA,cpbgf_1001030
rna-gnl|cpbgf|cpbgf_1001040-RA,cpbgf_1001040
rna-gnl|cpbgf|cpbgf_1001050-RA,cpbgf_1001050
rna-gnl|cpbgf|cpbgf_1001060-RA,cpbgf_1001060
rna-gnl|cpbgf|cpbgf_1001070-RA,cpbgf_1001070
rna-gnl|cpbgf|cpbgf_1001080-RA,cpbgf_1001080
rna-gnl|cpbgf|cpbgf_1001090-RA,cpbgf_1001090
rna-gnl|cpbgf|cpbgf_1001100-RA,cpbgf_1001100
rna-gnl|cpbgf|cpbgf_1001110-RA,cpbgf_1001110
rna-gnl|cpbgf|cpbgf_1001120-RA,cpbgf_1001120
rna-gnl|cpbgf|cpbgf_1001130-RA,cpbgf_1001130
rna-gnl|cpbgf|cpbgf_1001150-RA,cpbgf_1001150
rna-gnl|cpbgf|cpbgf_1001140-RA,cpbgf_1001140
rna-gnl|cpbgf|cpbgf_1001160-RA,cpbgf_1001160
rna-gnl|cpbgf|cpbgf_1001170-RA,cpbgf_1001170
rna-gnl|cpbgf|cpbgf_1001190-RA,cpbgf_1001190
rna-gnl|cpbgf|cpbgf_1001180-RA,cpbgf_1001180
rna-gnl|cpbgf|cpbgf_1001210-RA,cpbgf_1001210
rna-gnl|cpbgf|cpbgf_1001200-RA,cpbgf_1001200
rna-gnl|cpbgf|cpbgf_1001220-RA,cpbgf_1001220
rna-cpbgf_1001215,cpbgf_1001215
rna-gnl|cpbgf|cpbgf_1001230-RA,cpbgf_1001230
rna-cpbgf_1001235,cpbgf_1001235
rna-gnl|cpbgf|cpbgf_1001240-RA,cpbgf_1001240
rna-cpbgf_1001245,cpbgf_1001245
rna-gnl|cpbgf|cpbgf_1001250-RA,cpbgf_1001250
rna-gnl|cpbgf|cpbgf_1001270-RA,cpbgf_1001270
rna-gnl|cpbgf|cpbgf_1001260-RA,cpbgf_1001260
rna-gnl|cpbgf|cpbgf_1001280-RA,cpbgf_1001280
rna-gnl|cpbgf|cpbgf_1001300-RA,cpbgf_1001300
rna-gnl|cpbgf|cpbgf_1001290-RA,cpbgf_1001290
rna-gnl|cpbgf|cpbgf_1001310-RA,cpbgf_1001310
rna-gnl|cpbgf|cpbgf_1001320-RA,cpbgf_1001320
rna-gnl|cpbgf|cpbgf_1001330-RA,cpbgf_1001330
rna-gnl|cpbgf|cpbgf_1001340-RA,cpbgf_1001340
rna-gnl|cpbgf|cpbgf_1001350-RA,cpbgf_1001350
rna-gnl|cpbgf|cpbgf_1001360-RA,cpbgf_1001360
rna-gnl|cpbgf|cpbgf_1001370-RA,cpbgf_1001370
rna-gnl|cpbgf|cpbgf_1001380-RA,cpbgf_1001380
rna-gnl|cpbgf|cpbgf_1001390-RA,cpbgf_1001390
rna-gnl|cpbgf|cpbgf_1001400-RA,cpbgf_1001400
rna-gnl|cpbgf|cpbgf_1001410-RA,cpbgf_1001410
rna-gnl|cpbgf|cpbgf_1001420-RA,cpbgf_1001420
rna-gnl|cpbgf|cpbgf_1001440-RA,cpbgf_1001440
rna-gnl|cpbgf|cpbgf_1001450-RA,cpbgf_1001450
rna-gnl|cpbgf|cpbgf_1001460-RA,cpbgf_1001460
rna-cpbgf_1001455,cpbgf_1001455
rna-gnl|cpbgf|cpbgf_1001470-RA,cpbgf_1001470
rna-gnl|cpbgf|cpbgf_1001480-RA,cpbgf_1001480
rna-cpbgf_1001485,cpbgf_1001485
rna-gnl|cpbgf|cpbgf_1001490-RA,cpbgf_1001490
rna-gnl|cpbgf|cpbgf_1001500-RA,cpbgf_1001500
rna-gnl|cpbgf|cpbgf_1001510-RA,cpbgf_1001510
rna-gnl|cpbgf|cpbgf_1001520-RA,cpbgf_1001520
rna-gnl|cpbgf|cpbgf_1001530-RA,cpbgf_1001530
rna-gnl|cpbgf|cpbgf_1001540-RA,cpbgf_1001540
rna-gnl|cpbgf|cpbgf_1001550-RA,cpbgf_1001550
rna-gnl|cpbgf|cpbgf_1001560-RA,cpbgf_1001560
rna-gnl|cpbgf|cpbgf_1001570-RA,cpbgf_1001570
rna-gnl|cpbgf|cpbgf_1001580-RA,cpbgf_1001580
rna-gnl|cpbgf|cpbgf_1001590-RA,cpbgf_1001590
rna-gnl|cpbgf|cpbgf_1001600-RA,cpbgf_1001600
rna-gnl|cpbgf|cpbgf_1001610-RA,cpbgf_1001610
rna-gnl|cpbgf|cpbgf_1001620-RA,cpbgf_1001620
rna-cpbgf_1001623,cpbgf_1001623
rna-cpbgf_1001625,cpbgf_1001625
rna-gnl|cpbgf|cpbgf_1001630-RA,cpbgf_1001630
rna-gnl|cpbgf|cpbgf_1001640-RA,cpbgf_1001640
rna-gnl|cpbgf|cpbgf_1001650-RA,cpbgf_1001650
rna-gnl|cpbgf|cpbgf_1001660-RA,cpbgf_1001660
rna-gnl|cpbgf|cpbgf_1001670-RA,cpbgf_1001670
rna-gnl|cpbgf|cpbgf_1001680-RA,cpbgf_1001680
rna-gnl|cpbgf|cpbgf_1001690-RA,cpbgf_1001690
rna-gnl|cpbgf|cpbgf_1001700-RA,cpbgf_1001700
rna-cpbgf_1001695,cpbgf_1001695
rna-gnl|cpbgf|cpbgf_1001710-RA,cpbgf_1001710
rna-gnl|cpbgf|cpbgf_1001720-RA,cpbgf_1001720
rna-gnl|cpbgf|cpbgf_1001730-RA,cpbgf_1001730
rna-gnl|cpbgf|cpbgf_1001740-RA,cpbgf_1001740
rna-gnl|cpbgf|cpbgf_1001750-RA,cpbgf_1001750
rna-gnl|cpbgf|cpbgf_1001760-RA,cpbgf_1001760
rna-gnl|cpbgf|cpbgf_1001770-RA,cpbgf_1001770
rna-gnl|cpbgf|cpbgf_1001780-RA,cpbgf_1001780
rna-cpbgf_1001795,cpbgf_1001795
rna-gnl|cpbgf|cpbgf_1001790-RA,cpbgf_1001790
rna-gnl|cpbgf|cpbgf_1001800-RA,cpbgf_1001800
rna-gnl|cpbgf|cpbgf_1001810-RA,cpbgf_1001810
rna-gnl|cpbgf|cpbgf_1001820-RA,cpbgf_1001820
rna-gnl|cpbgf|cpbgf_1001830-RA,cpbgf_1001830
rna-gnl|cpbgf|cpbgf_1001840-RA,cpbgf_1001840
rna-cpbgf_1001845,cpbgf_1001845
rna-gnl|cpbgf|cpbgf_1001850-RA,cpbgf_1001850
rna-gnl|cpbgf|cpbgf_1001860-RA,cpbgf_1001860
rna-gnl|cpbgf|cpbgf_1001880-RA,cpbgf_1001880
rna-gnl|cpbgf|cpbgf_1001870-RA,cpbgf_1001870
rna-gnl|cpbgf|cpbgf_1001890-RA,cpbgf_1001890
rna-cpbgf_1001895,cpbgf_1001895
rna-gnl|cpbgf|cpbgf_1001900-RA,cpbgf_1001900
rna-gnl|cpbgf|cpbgf_1001910-RA,cpbgf_1001910
rna-cpbgf_1001915,cpbgf_1001915
rna-gnl|cpbgf|cpbgf_1001920-RA,cpbgf_1001920
rna-cpbgf_1001925,cpbgf_1001925
rna-gnl|cpbgf|cpbgf_1001940-RA,cpbgf_1001940
rna-gnl|cpbgf|cpbgf_1001930-RA,cpbgf_1001930
rna-gnl|cpbgf|cpbgf_1001950-RA,cpbgf_1001950
rna-gnl|cpbgf|cpbgf_1001960-RA,cpbgf_1001960
rna-gnl|cpbgf|cpbgf_1001970-RA,cpbgf_1001970
rna-gnl|cpbgf|cpbgf_1001980-RA,cpbgf_1001980
rna-cpbgf_1001975,cpbgf_1001975
rna-gnl|cpbgf|cpbgf_1001990-RA,cpbgf_1001990
rna-gnl|cpbgf|cpbgf_1002000-RA,cpbgf_1002000
rna-gnl|cpbgf|cpbgf_1002010-RA,cpbgf_1002010
rna-gnl|cpbgf|cpbgf_1002020-RA,cpbgf_1002020
rna-gnl|cpbgf|cpbgf_1002030-RA,cpbgf_1002030
rna-cpbgf_1002025,cpbgf_1002025
rna-cpbgf_1002055,cpbgf_1002055
rna-gnl|cpbgf|cpbgf_1002040-RA,cpbgf_1002040
rna-gnl|cpbgf|cpbgf_1002050-RA,cpbgf_1002050
rna-gnl|cpbgf|cpbgf_1002060-RA,cpbgf_1002060
rna-gnl|cpbgf|cpbgf_1002070-RA,cpbgf_1002070
rna-gnl|cpbgf|cpbgf_1002080-RA,cpbgf_1002080
rna-gnl|cpbgf|cpbgf_1002090-RA,cpbgf_1002090
rna-cpbgf_1002093,cpbgf_1002093
rna-cpbgf_1002095,cpbgf_1002095
rna-gnl|cpbgf|cpbgf_1002100-RA,cpbgf_1002100
rna-gnl|cpbgf|cpbgf_1002110-RA,cpbgf_1002110
rna-gnl|cpbgf|cpbgf_1002120-RA,cpbgf_1002120
rna-gnl|cpbgf|cpbgf_1002130-RA,cpbgf_1002130
rna-gnl|cpbgf|cpbgf_1002140-RA,cpbgf_1002140
rna-gnl|cpbgf|cpbgf_1002150-RA,cpbgf_1002150
rna-gnl|cpbgf|cpbgf_1002160-RA,cpbgf_1002160
rna-gnl|cpbgf|cpbgf_1002170-RA,cpbgf_1002170
rna-gnl|cpbgf|cpbgf_1002180-RA,cpbgf_1002180
rna-cpbgf_1002195,cpbgf_1002195
rna-gnl|cpbgf|cpbgf_1002190-RA,cpbgf_1002190
rna-gnl|cpbgf|cpbgf_1002200-RA,cpbgf_1002200
rna-gnl|cpbgf|cpbgf_1002210-RA,cpbgf_1002210
rna-gnl|cpbgf|cpbgf_1002230-RA,cpbgf_1002230
rna-gnl|cpbgf|cpbgf_1002220-RA,cpbgf_1002220
rna-cpbgf_1002235,cpbgf_1002235
rna-gnl|cpbgf|cpbgf_1002240-RA,cpbgf_1002240
rna-gnl|cpbgf|cpbgf_1002250-RA,cpbgf_1002250
rna-gnl|cpbgf|cpbgf_1002260-RA,cpbgf_1002260
rna-gnl|cpbgf|cpbgf_1002270-RA,cpbgf_1002270
rna-gnl|cpbgf|cpbgf_1002290-RA,cpbgf_1002290
rna-gnl|cpbgf|cpbgf_1002280-RA,cpbgf_1002280
rna-gnl|cpbgf|cpbgf_1002293-RA,cpbgf_1002293
rna-gnl|cpbgf|cpbgf_1002300-RA,cpbgf_1002300
rna-cpbgf_1002305,cpbgf_1002305
rna-gnl|cpbgf|cpbgf_1002310-RA,cpbgf_1002310
rna-gnl|cpbgf|cpbgf_1002320-RA,cpbgf_1002320
rna-gnl|cpbgf|cpbgf_1002330-RA,cpbgf_1002330
rna-gnl|cpbgf|cpbgf_1002340-RA,cpbgf_1002340
rna-gnl|cpbgf|cpbgf_1002350-RA,cpbgf_1002350
rna-gnl|cpbgf|cpbgf_1002360-RA,cpbgf_1002360
rna-gnl|cpbgf|cpbgf_1002370-RA,cpbgf_1002370
rna-gnl|cpbgf|cpbgf_1002380-RA,cpbgf_1002380
rna-cpbgf_1002385,cpbgf_1002385
rna-gnl|cpbgf|cpbgf_1002390-RA,cpbgf_1002390
rna-gnl|cpbgf|cpbgf_1002400-RA,cpbgf_1002400
rna-gnl|cpbgf|cpbgf_1002410-RA,cpbgf_1002410
rna-cpbgf_1002403,cpbgf_1002403
rna-gnl|cpbgf|cpbgf_1002420-RA,cpbgf_1002420
rna-cpbgf_1002415,cpbgf_1002415
rna-gnl|cpbgf|cpbgf_1002430-RA,cpbgf_1002430
rna-gnl|cpbgf|cpbgf_1002440-RA,cpbgf_1002440
rna-gnl|cpbgf|cpbgf_1002450-RA,cpbgf_1002450
rna-gnl|cpbgf|cpbgf_1002445-RA,cpbgf_1002445
rna-gnl|cpbgf|cpbgf_1002460-RA,cpbgf_1002460
rna-gnl|cpbgf|cpbgf_1002470-RA,cpbgf_1002470
rna-gnl|cpbgf|cpbgf_1002480-RA,cpbgf_1002480
rna-gnl|cpbgf|cpbgf_1002490-RA,cpbgf_1002490
rna-gnl|cpbgf|cpbgf_1002500-RA,cpbgf_1002500
rna-gnl|cpbgf|cpbgf_1002510-RA,cpbgf_1002510
rna-gnl|cpbgf|cpbgf_1002520-RA,cpbgf_1002520
rna-gnl|cpbgf|cpbgf_1002530-RA,cpbgf_1002530
rna-gnl|cpbgf|cpbgf_1002540-RA,cpbgf_1002540
rna-gnl|cpbgf|cpbgf_1002550-RA,cpbgf_1002550
rna-cpbgf_1002555,cpbgf_1002555
rna-gnl|cpbgf|cpbgf_1002560-RA,cpbgf_1002560
rna-gnl|cpbgf|cpbgf_1002570-RA,cpbgf_1002570
rna-gnl|cpbgf|cpbgf_1002580-RA,cpbgf_1002580
rna-gnl|cpbgf|cpbgf_1002590-RA,cpbgf_1002590
rna-gnl|cpbgf|cpbgf_1002600-RA,cpbgf_1002600
rna-gnl|cpbgf|cpbgf_1002620-RA,cpbgf_1002620
rna-cpbgf_1002610,cpbgf_1002610
rna-gnl|cpbgf|cpbgf_1002630-RA,cpbgf_1002630
rna-gnl|cpbgf|cpbgf_1002635-RA,cpbgf_1002635
rna-gnl|cpbgf|cpbgf_1002640-RA,cpbgf_1002640
rna-cpbgf_1002633,cpbgf_1002633
rna-gnl|cpbgf|cpbgf_1002650-RA,cpbgf_1002650
rna-gnl|cpbgf|cpbgf_1002670-RA,cpbgf_1002670
rna-gnl|cpbgf|cpbgf_1002660-RA,cpbgf_1002660
rna-gnl|cpbgf|cpbgf_1002663-RA,cpbgf_1002663
rna-gnl|cpbgf|cpbgf_1002680-RA,cpbgf_1002680
rna-gnl|cpbgf|cpbgf_1002700-RA,cpbgf_1002700
rna-gnl|cpbgf|cpbgf_1002690-RA,cpbgf_1002690
rna-gnl|cpbgf|cpbgf_1002710-RA,cpbgf_1002710
rna-gnl|cpbgf|cpbgf_1002720-RA,cpbgf_1002720
rna-gnl|cpbgf|cpbgf_1002730-RA,cpbgf_1002730
rna-gnl|cpbgf|cpbgf_1002740-RA,cpbgf_1002740
rna-gnl|cpbgf|cpbgf_1002750-RA,cpbgf_1002750
rna-gnl|cpbgf|cpbgf_1002760-RA,cpbgf_1002760
rna-cpbgf_1002765,cpbgf_1002765
rna-gnl|cpbgf|cpbgf_1002770-RA,cpbgf_1002770
rna-gnl|cpbgf|cpbgf_1002773-RA,cpbgf_1002773
rna-gnl|cpbgf|cpbgf_1002780-RA,cpbgf_1002780
rna-gnl|cpbgf|cpbgf_1002790-RA,cpbgf_1002790
rna-gnl|cpbgf|cpbgf_1002800-RA,cpbgf_1002800
rna-gnl|cpbgf|cpbgf_1002810-RA,cpbgf_1002810
rna-gnl|cpbgf|cpbgf_1002830-RA,cpbgf_1002830
rna-gnl|cpbgf|cpbgf_1002840-RA,cpbgf_1002840
rna-gnl|cpbgf|cpbgf_1002850-RA,cpbgf_1002850
rna-gnl|cpbgf|cpbgf_1002860-RA,cpbgf_1002860
rna-gnl|cpbgf|cpbgf_1002870-RA,cpbgf_1002870
rna-cpbgf_1002875,cpbgf_1002875
rna-gnl|cpbgf|cpbgf_1002887-RA,cpbgf_1002887
rna-cpbgf_1002877,cpbgf_1002877
rna-gnl|cpbgf|cpbgf_1002880-RA,cpbgf_1002880
rna-gnl|cpbgf|cpbgf_1002890-RA,cpbgf_1002890
rna-cpbgf_1002895,cpbgf_1002895
rna-gnl|cpbgf|cpbgf_1002900-RA,cpbgf_1002900
rna-gnl|cpbgf|cpbgf_1002910-RA,cpbgf_1002910
rna-gnl|cpbgf|cpbgf_1002920-RA,cpbgf_1002920
rna-gnl|cpbgf|cpbgf_1002930-RA,cpbgf_1002930
rna-gnl|cpbgf|cpbgf_1002940-RA,cpbgf_1002940
rna-gnl|cpbgf|cpbgf_1002950-RA,cpbgf_1002950
rna-gnl|cpbgf|cpbgf_1002960-RA,cpbgf_1002960
rna-gnl|cpbgf|cpbgf_1002970-RA,cpbgf_1002970
rna-gnl|cpbgf|cpbgf_1002980-RA,cpbgf_1002980
rna-gnl|cpbgf|cpbgf_1002990-RA,cpbgf_1002990
rna-gnl|cpbgf|cpbgf_1003000-RA,cpbgf_1003000
rna-cpbgf_1003005,cpbgf_1003005
rna-gnl|cpbgf|cpbgf_1003010-RA,cpbgf_1003010
rna-gnl|cpbgf|cpbgf_1003020-RA,cpbgf_1003020
rna-gnl|cpbgf|cpbgf_1003030-RA,cpbgf_1003030
rna-gnl|cpbgf|cpbgf_1003040-RA,cpbgf_1003040
rna-gnl|cpbgf|cpbgf_1003050-RA,cpbgf_1003050
rna-gnl|cpbgf|cpbgf_1003060-RA,cpbgf_1003060
rna-gnl|cpbgf|cpbgf_1003070-RA,cpbgf_1003070
rna-gnl|cpbgf|cpbgf_1003080-RA,cpbgf_1003080
rna-cpbgf_1003075,cpbgf_1003075
rna-gnl|cpbgf|cpbgf_1003090-RA,cpbgf_1003090
rna-cpbgf_1003095,cpbgf_1003095
rna-gnl|cpbgf|cpbgf_1003100-RA,cpbgf_1003100
rna-gnl|cpbgf|cpbgf_1003110-RA,cpbgf_1003110
rna-gnl|cpbgf|cpbgf_1003120-RA,cpbgf_1003120
rna-cpbgf_1003115,cpbgf_1003115
rna-gnl|cpbgf|cpbgf_1003130-RA,cpbgf_1003130
rna-cpbgf_1003125,cpbgf_1003125
rna-gnl|cpbgf|cpbgf_1003140-RA,cpbgf_1003140
rna-gnl|cpbgf|cpbgf_1003150-RA,cpbgf_1003150
rna-gnl|cpbgf|cpbgf_1003160-RA,cpbgf_1003160
rna-gnl|cpbgf|cpbgf_1003170-RA,cpbgf_1003170
rna-gnl|cpbgf|cpbgf_1003180-RA,cpbgf_1003180
rna-gnl|cpbgf|cpbgf_1003190-RA,cpbgf_1003190
rna-gnl|cpbgf|cpbgf_1003200-RA,cpbgf_1003200
rna-gnl|cpbgf|cpbgf_1003210-RA,cpbgf_1003210
rna-gnl|cpbgf|cpbgf_1003220-RA,cpbgf_1003220
rna-gnl|cpbgf|cpbgf_1003230-RA,cpbgf_1003230
rna-gnl|cpbgf|cpbgf_1003240-RA,cpbgf_1003240
rna-gnl|cpbgf|cpbgf_1003245-RA,cpbgf_1003245
rna-gnl|cpbgf|cpbgf_1003250-RA,cpbgf_1003250
rna-gnl|cpbgf|cpbgf_1003260-RA,cpbgf_1003260
rna-gnl|cpbgf|cpbgf_1003270-RA,cpbgf_1003270
rna-gnl|cpbgf|cpbgf_1003280-RA,cpbgf_1003280
rna-gnl|cpbgf|cpbgf_1003290-RA,cpbgf_1003290
rna-gnl|cpbgf|cpbgf_1003300-RA,cpbgf_1003300
rna-gnl|cpbgf|cpbgf_1003310-RA,cpbgf_1003310
rna-gnl|cpbgf|cpbgf_1003320-RA,cpbgf_1003320
rna-gnl|cpbgf|cpbgf_1003330-RA,cpbgf_1003330
rna-gnl|cpbgf|cpbgf_1003340-RA,cpbgf_1003340
rna-cpbgf_1003342,cpbgf_1003342
rna-gnl|cpbgf|cpbgf_1003343-RA,cpbgf_1003343
rna-gnl|cpbgf|cpbgf_1003350-RA,cpbgf_1003350
rna-gnl|cpbgf|cpbgf_1003360-RA,cpbgf_1003360
rna-cpbgf_1003355,cpbgf_1003355
rna-gnl|cpbgf|cpbgf_1003370-RA,cpbgf_1003370
rna-gnl|cpbgf|cpbgf_1003380-RA,cpbgf_1003380
rna-cpbgf_1003385,cpbgf_1003385
rna-cpbgf_1003383,cpbgf_1003383
rna-gnl|cpbgf|cpbgf_1003390-RA,cpbgf_1003390
rna-gnl|cpbgf|cpbgf_1003400-RA,cpbgf_1003400
rna-gnl|cpbgf|cpbgf_1003410-RA,cpbgf_1003410
rna-gnl|cpbgf|cpbgf_1003420-RA,cpbgf_1003420
rna-gnl|cpbgf|cpbgf_1003430-RA,cpbgf_1003430
rna-gnl|cpbgf|cpbgf_1003440-RA,cpbgf_1003440
rna-gnl|cpbgf|cpbgf_1003450-RA,cpbgf_1003450
rna-gnl|cpbgf|cpbgf_1003460-RA,cpbgf_1003460
rna-gnl|cpbgf|cpbgf_1003470-RA,cpbgf_1003470
rna-gnl|cpbgf|cpbgf_1003480-RA,cpbgf_1003480
rna-gnl|cpbgf|cpbgf_1003490-RA,cpbgf_1003490
rna-gnl|cpbgf|cpbgf_1003500-RA,cpbgf_1003500
rna-cpbgf_1003495,cpbgf_1003495
rna-gnl|cpbgf|cpbgf_1003510-RA,cpbgf_1003510
rna-gnl|cpbgf|cpbgf_1003520-RA,cpbgf_1003520
rna-cpbgf_1003523,cpbgf_1003523
rna-gnl|cpbgf|cpbgf_1003530-RA,cpbgf_1003530
rna-cpbgf_1003525,cpbgf_1003525
rna-gnl|cpbgf|cpbgf_1003540-RA,cpbgf_1003540
rna-gnl|cpbgf|cpbgf_1003543-RA,cpbgf_1003543
rna-cpbgf_1003542,cpbgf_1003542
rna-gnl|cpbgf|cpbgf_1003550-RA,cpbgf_1003550
rna-gnl|cpbgf|cpbgf_1003560-RA,cpbgf_1003560
rna-gnl|cpbgf|cpbgf_1003570-RA,cpbgf_1003570
rna-gnl|cpbgf|cpbgf_1003580-RA,cpbgf_1003580
rna-cpbgf_1003585,cpbgf_1003585
rna-gnl|cpbgf|cpbgf_1003590-RA,cpbgf_1003590
rna-gnl|cpbgf|cpbgf_1003600-RA,cpbgf_1003600
rna-gnl|cpbgf|cpbgf_1003610-RA,cpbgf_1003610
rna-gnl|cpbgf|cpbgf_1003620-RA,cpbgf_1003620
rna-gnl|cpbgf|cpbgf_1003630-RA,cpbgf_1003630
rna-gnl|cpbgf|cpbgf_1003640-RA,cpbgf_1003640
rna-gnl|cpbgf|cpbgf_1003650-RA,cpbgf_1003650
rna-gnl|cpbgf|cpbgf_1003660-RA,cpbgf_1003660
rna-gnl|cpbgf|cpbgf_1003670-RA,cpbgf_1003670
rna-gnl|cpbgf|cpbgf_1003680-RB,cpbgf_1003680
rna-gnl|cpbgf|cpbgf_1003680-RA,cpbgf_1003680
rna-gnl|cpbgf|cpbgf_1003690-RA,cpbgf_1003690
rna-gnl|cpbgf|cpbgf_1003700-RA,cpbgf_1003700
rna-gnl|cpbgf|cpbgf_1003710-RA,cpbgf_1003710
rna-gnl|cpbgf|cpbgf_1003720-RA,cpbgf_1003720
rna-gnl|cpbgf|cpbgf_1003730-RA,cpbgf_1003730
rna-gnl|cpbgf|cpbgf_1003740-RA,cpbgf_1003740
rna-gnl|cpbgf|cpbgf_1003750-RA,cpbgf_1003750
rna-gnl|cpbgf|cpbgf_1003760-RA,cpbgf_1003760
rna-cpbgf_1003765,cpbgf_1003765
rna-gnl|cpbgf|cpbgf_1003770-RA,cpbgf_1003770
rna-gnl|cpbgf|cpbgf_1003780-RA,cpbgf_1003780
rna-gnl|cpbgf|cpbgf_1003800-RA,cpbgf_1003800
rna-gnl|cpbgf|cpbgf_1003790-RA,cpbgf_1003790
rna-gnl|cpbgf|cpbgf_1003810-RA,cpbgf_1003810
rna-gnl|cpbgf|cpbgf_1003820-RA,cpbgf_1003820
rna-cpbgf_1003835,cpbgf_1003835
rna-gnl|cpbgf|cpbgf_1003830-RA,cpbgf_1003830
rna-gnl|cpbgf|cpbgf_1003840-RA,cpbgf_1003840
rna-cpbgf_1003845,cpbgf_1003845
rna-gnl|cpbgf|cpbgf_1003850-RA,cpbgf_1003850
rna-gnl|cpbgf|cpbgf_1003860-RA,cpbgf_1003860
rna-cpbgf_1003865,cpbgf_1003865
rna-gnl|cpbgf|cpbgf_200460-RA,cpbgf_200460
rna-gnl|cpbgf|cpbgf_200450-RA,cpbgf_200450
rna-cpbgf_200445,cpbgf_200445
rna-gnl|cpbgf|cpbgf_200440-RA,cpbgf_200440
rna-gnl|cpbgf|cpbgf_200430-RA,cpbgf_200430
rna-cpbgf_200425,cpbgf_200425
rna-gnl|cpbgf|cpbgf_200420-RA,cpbgf_200420
rna-gnl|cpbgf|cpbgf_200410-RA,cpbgf_200410
rna-cpbgf_200405,cpbgf_200405
rna-gnl|cpbgf|cpbgf_200400-RA,cpbgf_200400
rna-cpbgf_200385,cpbgf_200385
rna-gnl|cpbgf|cpbgf_200390-RA,cpbgf_200390
rna-gnl|cpbgf|cpbgf_200380-RA,cpbgf_200380
rna-gnl|cpbgf|cpbgf_200370-RA,cpbgf_200370
rna-gnl|cpbgf|cpbgf_200360-RA,cpbgf_200360
rna-gnl|cpbgf|cpbgf_200340-RA,cpbgf_200340
rna-gnl|cpbgf|cpbgf_200350-RA,cpbgf_200350
rna-gnl|cpbgf|cpbgf_200330-RA,cpbgf_200330
rna-cpbgf_200335,cpbgf_200335
rna-gnl|cpbgf|cpbgf_200320-RA,cpbgf_200320
rna-gnl|cpbgf|cpbgf_200310-RA,cpbgf_200310
rna-gnl|cpbgf|cpbgf_200300-RA,cpbgf_200300
rna-cpbgf_200305,cpbgf_200305
rna-gnl|cpbgf|cpbgf_200290-RA,cpbgf_200290
rna-gnl|cpbgf|cpbgf_200280-RA,cpbgf_200280
rna-gnl|cpbgf|cpbgf_200270-RA,cpbgf_200270
rna-cpbgf_200265,cpbgf_200265
rna-gnl|cpbgf|cpbgf_200260-RA,cpbgf_200260
rna-gnl|cpbgf|cpbgf_200250-RA,cpbgf_200250
rna-gnl|cpbgf|cpbgf_200240-RA,cpbgf_200240
rna-gnl|cpbgf|cpbgf_200230-RA,cpbgf_200230
rna-gnl|cpbgf|cpbgf_200220-RA,cpbgf_200220
rna-cpbgf_200207,cpbgf_200207
rna-gnl|cpbgf|cpbgf_200210-RA,cpbgf_200210
rna-gnl|cpbgf|cpbgf_200200-RA,cpbgf_200200
rna-cpbgf_200205,cpbgf_200205
rna-gnl|cpbgf|cpbgf_200190-RA,cpbgf_200190
rna-gnl|cpbgf|cpbgf_200180-RA,cpbgf_200180
rna-gnl|cpbgf|cpbgf_200170-RA,cpbgf_200170
rna-gnl|cpbgf|cpbgf_200160-RA,cpbgf_200160
rna-cpbgf_200165,cpbgf_200165
rna-gnl|cpbgf|cpbgf_200150-RA,cpbgf_200150
rna-gnl|cpbgf|cpbgf_200140-RA,cpbgf_200140
rna-gnl|cpbgf|cpbgf_200130-RA,cpbgf_200130
rna-gnl|cpbgf|cpbgf_200120-RA,cpbgf_200120
rna-gnl|cpbgf|cpbgf_200110-RA,cpbgf_200110
rna-gnl|cpbgf|cpbgf_200100-RA,cpbgf_200100
rna-gnl|cpbgf|cpbgf_20090-RA,cpbgf_20090
rna-cpbgf_20087,cpbgf_20087
rna-gnl|cpbgf|cpbgf_20080-RA,cpbgf_20080
rna-cpbgf_20085,cpbgf_20085
rna-cpbgf_20083,cpbgf_20083
rna-cpbgf_20075,cpbgf_20075
rna-gnl|cpbgf|cpbgf_20070-RA,cpbgf_20070
rna-cpbgf_20067,cpbgf_20067
rna-gnl|cpbgf|cpbgf_20060-RA,cpbgf_20060
rna-cpbgf_20065,cpbgf_20065
rna-cpbgf_20055,cpbgf_20055
rna-gnl|cpbgf|cpbgf_20050-RA,cpbgf_20050
rna-cpbgf_20053,cpbgf_20053
rna-gnl|cpbgf|cpbgf_20040-RA,cpbgf_20040
rna-gnl|cpbgf|cpbgf_20030-RA,cpbgf_20030
rna-gnl|cpbgf|cpbgf_20020-RA,cpbgf_20020
rna-cpbgf_20015,cpbgf_20015
rna-gnl|cpbgf|cpbgf_20010-RA,cpbgf_20010
rna-gnl|cpbgf|cpbgf_200470-RA,cpbgf_200470
rna-gnl|cpbgf|cpbgf_200480-RA,cpbgf_200480
rna-gnl|cpbgf|cpbgf_200490-RA,cpbgf_200490
rna-gnl|cpbgf|cpbgf_200500-RA,cpbgf_200500
rna-gnl|cpbgf|cpbgf_200510-RA,cpbgf_200510
rna-gnl|cpbgf|cpbgf_200520-RA,cpbgf_200520
rna-gnl|cpbgf|cpbgf_200530-RA,cpbgf_200530
rna-gnl|cpbgf|cpbgf_200540-RA,cpbgf_200540
rna-gnl|cpbgf|cpbgf_200550-RA,cpbgf_200550
rna-gnl|cpbgf|cpbgf_200560-RA,cpbgf_200560
rna-gnl|cpbgf|cpbgf_200570-RA,cpbgf_200570
rna-cpbgf_200575,cpbgf_200575
rna-gnl|cpbgf|cpbgf_200580-RA,cpbgf_200580
rna-gnl|cpbgf|cpbgf_200590-RA,cpbgf_200590
rna-gnl|cpbgf|cpbgf_200600-RA,cpbgf_200600
rna-cpbgf_200595,cpbgf_200595
rna-gnl|cpbgf|cpbgf_200610-RA,cpbgf_200610
rna-gnl|cpbgf|cpbgf_200620-RA,cpbgf_200620
rna-gnl|cpbgf|cpbgf_200630-RA,cpbgf_200630
rna-cpbgf_200635,cpbgf_200635
rna-gnl|cpbgf|cpbgf_200640-RA,cpbgf_200640
rna-cpbgf_200645,cpbgf_200645
rna-gnl|cpbgf|cpbgf_200650-RA,cpbgf_200650
rna-gnl|cpbgf|cpbgf_200660-RA,cpbgf_200660
rna-gnl|cpbgf|cpbgf_200670-RA,cpbgf_200670
rna-gnl|cpbgf|cpbgf_200680-RA,cpbgf_200680
rna-cpbgf_200683,cpbgf_200683
rna-gnl|cpbgf|cpbgf_200690-RA,cpbgf_200690
rna-cpbgf_200685,cpbgf_200685
rna-cpbgf_200693,cpbgf_200693
rna-cpbgf_200695,cpbgf_200695
rna-gnl|cpbgf|cpbgf_200700-RA,cpbgf_200700
rna-gnl|cpbgf|cpbgf_200710-RA,cpbgf_200710
rna-cpbgf_200715,cpbgf_200715
rna-gnl|cpbgf|cpbgf_200720-RA,cpbgf_200720
rna-gnl|cpbgf|cpbgf_200730-RA,cpbgf_200730
rna-gnl|cpbgf|cpbgf_200740-RA,cpbgf_200740
rna-gnl|cpbgf|cpbgf_200750-RA,cpbgf_200750
rna-gnl|cpbgf|cpbgf_200760-RA,cpbgf_200760
rna-gnl|cpbgf|cpbgf_200770-RA,cpbgf_200770
rna-gnl|cpbgf|cpbgf_200780-RA,cpbgf_200780
rna-gnl|cpbgf|cpbgf_200785-RA,cpbgf_200785
rna-gnl|cpbgf|cpbgf_200790-RA,cpbgf_200790
rna-gnl|cpbgf|cpbgf_200800-RA,cpbgf_200800
rna-gnl|cpbgf|cpbgf_200810-RA,cpbgf_200810
rna-cpbgf_200825,cpbgf_200825
rna-gnl|cpbgf|cpbgf_200820-RA,cpbgf_200820
rna-gnl|cpbgf|cpbgf_200830-RA,cpbgf_200830
rna-gnl|cpbgf|cpbgf_200840-RA,cpbgf_200840
rna-gnl|cpbgf|cpbgf_200850-RA,cpbgf_200850
rna-gnl|cpbgf|cpbgf_200860-RA,cpbgf_200860
rna-gnl|cpbgf|cpbgf_200870-RA,cpbgf_200870
rna-gnl|cpbgf|cpbgf_200880-RA,cpbgf_200880
rna-gnl|cpbgf|cpbgf_200883-RA,cpbgf_200883
rna-gnl|cpbgf|cpbgf_200890-RA,cpbgf_200890
rna-gnl|cpbgf|cpbgf_200900-RA,cpbgf_200900
rna-gnl|cpbgf|cpbgf_200910-RA,cpbgf_200910
rna-gnl|cpbgf|cpbgf_200920-RA,cpbgf_200920
rna-cpbgf_200935,cpbgf_200935
rna-gnl|cpbgf|cpbgf_200930-RA,cpbgf_200930
rna-gnl|cpbgf|cpbgf_200940-RA,cpbgf_200940
rna-cpbgf_200945,cpbgf_200945
rna-gnl|cpbgf|cpbgf_200950-RA,cpbgf_200950
rna-gnl|cpbgf|cpbgf_200960-RA,cpbgf_200960
rna-gnl|cpbgf|cpbgf_200970-RA,cpbgf_200970
rna-gnl|cpbgf|cpbgf_200980-RA,cpbgf_200980
rna-gnl|cpbgf|cpbgf_200990-RA,cpbgf_200990
rna-gnl|cpbgf|cpbgf_2001000-RA,cpbgf_2001000
rna-gnl|cpbgf|cpbgf_2001010-RA,cpbgf_2001010
rna-cpbgf_2001005,cpbgf_2001005
rna-gnl|cpbgf|cpbgf_2001020-RA,cpbgf_2001020
rna-gnl|cpbgf|cpbgf_2001030-RA,cpbgf_2001030
rna-gnl|cpbgf|cpbgf_2001040-RA,cpbgf_2001040
rna-gnl|cpbgf|cpbgf_2001050-RA,cpbgf_2001050
rna-gnl|cpbgf|cpbgf_2001060-RA,cpbgf_2001060
rna-gnl|cpbgf|cpbgf_2001070-RA,cpbgf_2001070
rna-gnl|cpbgf|cpbgf_2001080-RA,cpbgf_2001080
rna-gnl|cpbgf|cpbgf_2001090-RA,cpbgf_2001090
rna-gnl|cpbgf|cpbgf_2001100-RA,cpbgf_2001100
rna-cpbgf_2001105,cpbgf_2001105
rna-gnl|cpbgf|cpbgf_2001110-RA,cpbgf_2001110
rna-gnl|cpbgf|cpbgf_2001120-RA,cpbgf_2001120
rna-gnl|cpbgf|cpbgf_2001130-RA,cpbgf_2001130
rna-gnl|cpbgf|cpbgf_2001140-RA,cpbgf_2001140
rna-gnl|cpbgf|cpbgf_2001150-RA,cpbgf_2001150
rna-gnl|cpbgf|cpbgf_2001160-RA,cpbgf_2001160
rna-gnl|cpbgf|cpbgf_2001180-RA,cpbgf_2001180
rna-gnl|cpbgf|cpbgf_2001190-RA,cpbgf_2001190
rna-cpbgf_2001195,cpbgf_2001195
rna-gnl|cpbgf|cpbgf_2001200-RA,cpbgf_2001200
rna-gnl|cpbgf|cpbgf_2001210-RA,cpbgf_2001210
rna-gnl|cpbgf|cpbgf_2001220-RA,cpbgf_2001220
rna-gnl|cpbgf|cpbgf_2001230-RA,cpbgf_2001230
rna-gnl|cpbgf|cpbgf_2001240-RA,cpbgf_2001240
rna-gnl|cpbgf|cpbgf_2001250-RA,cpbgf_2001250
rna-gnl|cpbgf|cpbgf_2001260-RA,cpbgf_2001260
rna-gnl|cpbgf|cpbgf_2001270-RA,cpbgf_2001270
rna-gnl|cpbgf|cpbgf_2001280-RA,cpbgf_2001280
rna-gnl|cpbgf|cpbgf_2001290-RA,cpbgf_2001290
rna-gnl|cpbgf|cpbgf_2001300-RA,cpbgf_2001300
rna-gnl|cpbgf|cpbgf_2001310-RA,cpbgf_2001310
rna-gnl|cpbgf|cpbgf_2001330-RA,cpbgf_2001330
rna-gnl|cpbgf|cpbgf_2001340-RA,cpbgf_2001340
rna-gnl|cpbgf|cpbgf_2001350-RA,cpbgf_2001350
rna-gnl|cpbgf|cpbgf_2001360-RA,cpbgf_2001360
rna-gnl|cpbgf|cpbgf_2001365-RA,cpbgf_2001365
rna-cpbgf_2001363,cpbgf_2001363
rna-gnl|cpbgf|cpbgf_2001370-RA,cpbgf_2001370
rna-cpbgf_2001393,cpbgf_2001393
rna-cpbgf_2001395,cpbgf_2001395
rna-gnl|cpbgf|cpbgf_2001380-RA,cpbgf_2001380
rna-gnl|cpbgf|cpbgf_2001390-RA,cpbgf_2001390
rna-gnl|cpbgf|cpbgf_2001400-RA,cpbgf_2001400
rna-gnl|cpbgf|cpbgf_2001410-RA,cpbgf_2001410
rna-gnl|cpbgf|cpbgf_2001415-RA,cpbgf_2001415
rna-gnl|cpbgf|cpbgf_2001425-RA,cpbgf_2001425
rna-gnl|cpbgf|cpbgf_2001420-RA,cpbgf_2001420
rna-gnl|cpbgf|cpbgf_2001430-RA,cpbgf_2001430
rna-gnl|cpbgf|cpbgf_2001440-RA,cpbgf_2001440
rna-cpbgf_2001455,cpbgf_2001455
rna-gnl|cpbgf|cpbgf_2001450-RA,cpbgf_2001450
rna-gnl|cpbgf|cpbgf_2001460-RA,cpbgf_2001460
rna-gnl|cpbgf|cpbgf_2001470-RA,cpbgf_2001470
rna-gnl|cpbgf|cpbgf_2001480-RA,cpbgf_2001480
rna-gnl|cpbgf|cpbgf_2001490-RA,cpbgf_2001490
rna-gnl|cpbgf|cpbgf_2001500-RA,cpbgf_2001500
rna-cpbgf_2001505,cpbgf_2001505
rna-gnl|cpbgf|cpbgf_2001510-RA,cpbgf_2001510
rna-gnl|cpbgf|cpbgf_2001520-RA,cpbgf_2001520
rna-gnl|cpbgf|cpbgf_2001530-RA,cpbgf_2001530
rna-gnl|cpbgf|cpbgf_2001540-RA,cpbgf_2001540
rna-gnl|cpbgf|cpbgf_2001550-RA,cpbgf_2001550
rna-gnl|cpbgf|cpbgf_2001560-RA,cpbgf_2001560
rna-gnl|cpbgf|cpbgf_2001570-RA,cpbgf_2001570
rna-gnl|cpbgf|cpbgf_2001580-RA,cpbgf_2001580
rna-gnl|cpbgf|cpbgf_2001590-RA,cpbgf_2001590
rna-gnl|cpbgf|cpbgf_2001600-RA,cpbgf_2001600
rna-gnl|cpbgf|cpbgf_2001610-RA,cpbgf_2001610
rna-gnl|cpbgf|cpbgf_2001620-RA,cpbgf_2001620
rna-gnl|cpbgf|cpbgf_2001630-RA,cpbgf_2001630
rna-gnl|cpbgf|cpbgf_2001640-RA,cpbgf_2001640
rna-gnl|cpbgf|cpbgf_2001660-RA,cpbgf_2001660
rna-gnl|cpbgf|cpbgf_2001650-RA,cpbgf_2001650
rna-gnl|cpbgf|cpbgf_2001670-RA,cpbgf_2001670
rna-gnl|cpbgf|cpbgf_2001680-RA,cpbgf_2001680
rna-cpbgf_2001695,cpbgf_2001695
rna-gnl|cpbgf|cpbgf_2001690-RA,cpbgf_2001690
rna-gnl|cpbgf|cpbgf_2001700-RA,cpbgf_2001700
rna-gnl|cpbgf|cpbgf_2001710-RA,cpbgf_2001710
rna-gnl|cpbgf|cpbgf_2001720-RA,cpbgf_2001720
rna-gnl|cpbgf|cpbgf_2001730-RA,cpbgf_2001730
rna-cpbgf_2001735,cpbgf_2001735
rna-gnl|cpbgf|cpbgf_2001750-RA,cpbgf_2001750
rna-cpbgf_2001745,cpbgf_2001745
rna-gnl|cpbgf|cpbgf_2001755-RA,cpbgf_2001755
rna-gnl|cpbgf|cpbgf_2001760-RA,cpbgf_2001760
rna-cpbgf_2001765,cpbgf_2001765
rna-gnl|cpbgf|cpbgf_2001770-RA,cpbgf_2001770
rna-gnl|cpbgf|cpbgf_2001780-RA,cpbgf_2001780
rna-gnl|cpbgf|cpbgf_2001790-RA,cpbgf_2001790
rna-cpbgf_2001805,cpbgf_2001805
rna-gnl|cpbgf|cpbgf_2001800-RA,cpbgf_2001800
rna-gnl|cpbgf|cpbgf_2001810-RA,cpbgf_2001810
rna-gnl|cpbgf|cpbgf_2001820-RA,cpbgf_2001820
rna-gnl|cpbgf|cpbgf_2001840-RA,cpbgf_2001840
rna-gnl|cpbgf|cpbgf_2001830-RA,cpbgf_2001830
rna-gnl|cpbgf|cpbgf_2001850-RA,cpbgf_2001850
rna-gnl|cpbgf|cpbgf_2001860-RA,cpbgf_2001860
rna-gnl|cpbgf|cpbgf_2001870-RA,cpbgf_2001870
rna-gnl|cpbgf|cpbgf_2001880-RA,cpbgf_2001880
rna-gnl|cpbgf|cpbgf_2001890-RA,cpbgf_2001890
rna-gnl|cpbgf|cpbgf_2001900-RA,cpbgf_2001900
rna-gnl|cpbgf|cpbgf_2001910-RA,cpbgf_2001910
rna-gnl|cpbgf|cpbgf_2001920-RA,cpbgf_2001920
rna-cpbgf_2001945,cpbgf_2001945
rna-gnl|cpbgf|cpbgf_2001930-RA,cpbgf_2001930
rna-gnl|cpbgf|cpbgf_2001940-RA,cpbgf_2001940
rna-gnl|cpbgf|cpbgf_2001950-RA,cpbgf_2001950
rna-gnl|cpbgf|cpbgf_2001960-RA,cpbgf_2001960
rna-gnl|cpbgf|cpbgf_2001970-RA,cpbgf_2001970
rna-gnl|cpbgf|cpbgf_2001980-RA,cpbgf_2001980
rna-gnl|cpbgf|cpbgf_2001990-RA,cpbgf_2001990
rna-gnl|cpbgf|cpbgf_2002000-RA,cpbgf_2002000
rna-cpbgf_2002005,cpbgf_2002005
rna-gnl|cpbgf|cpbgf_2002010-RA,cpbgf_2002010
rna-gnl|cpbgf|cpbgf_2002020-RA,cpbgf_2002020
rna-gnl|cpbgf|cpbgf_2002030-RA,cpbgf_2002030
rna-gnl|cpbgf|cpbgf_2002040-RA,cpbgf_2002040
rna-gnl|cpbgf|cpbgf_2002050-RA,cpbgf_2002050
rna-gnl|cpbgf|cpbgf_2002060-RA,cpbgf_2002060
rna-gnl|cpbgf|cpbgf_2002070-RA,cpbgf_2002070
rna-gnl|cpbgf|cpbgf_2002080-RA,cpbgf_2002080
rna-gnl|cpbgf|cpbgf_2002090-RA,cpbgf_2002090
rna-gnl|cpbgf|cpbgf_2002100-RA,cpbgf_2002100
rna-gnl|cpbgf|cpbgf_2002110-RA,cpbgf_2002110
rna-gnl|cpbgf|cpbgf_2002120-RA,cpbgf_2002120
rna-gnl|cpbgf|cpbgf_2002130-RA,cpbgf_2002130
rna-gnl|cpbgf|cpbgf_2002140-RA,cpbgf_2002140
rna-gnl|cpbgf|cpbgf_2002150-RA,cpbgf_2002150
rna-gnl|cpbgf|cpbgf_2002160-RA,cpbgf_2002160
rna-gnl|cpbgf|cpbgf_2002170-RA,cpbgf_2002170
rna-gnl|cpbgf|cpbgf_2002180-RA,cpbgf_2002180
rna-gnl|cpbgf|cpbgf_2002190-RA,cpbgf_2002190
rna-cpbgf_2002205,cpbgf_2002205
rna-gnl|cpbgf|cpbgf_2002200-RA,cpbgf_2002200
rna-gnl|cpbgf|cpbgf_2002210-RA,cpbgf_2002210
rna-cpbgf_2002207,cpbgf_2002207
rna-gnl|cpbgf|cpbgf_2002220-RA,cpbgf_2002220
rna-gnl|cpbgf|cpbgf_2002230-RA,cpbgf_2002230
rna-gnl|cpbgf|cpbgf_2002250-RA,cpbgf_2002250
rna-gnl|cpbgf|cpbgf_2002240-RA,cpbgf_2002240
rna-gnl|cpbgf|cpbgf_2002260-RA,cpbgf_2002260
rna-gnl|cpbgf|cpbgf_2002270-RA,cpbgf_2002270
rna-gnl|cpbgf|cpbgf_2002280-RA,cpbgf_2002280
rna-cpbgf_2002275,cpbgf_2002275
rna-gnl|cpbgf|cpbgf_2002290-RA,cpbgf_2002290
rna-gnl|cpbgf|cpbgf_2002300-RA,cpbgf_2002300
rna-gnl|cpbgf|cpbgf_2002310-RA,cpbgf_2002310
rna-gnl|cpbgf|cpbgf_2002320-RA,cpbgf_2002320
rna-cpbgf_2002315,cpbgf_2002315
rna-gnl|cpbgf|cpbgf_2002330-RA,cpbgf_2002330
rna-gnl|cpbgf|cpbgf_2002340-RA,cpbgf_2002340
rna-gnl|cpbgf|cpbgf_2002350-RA,cpbgf_2002350
rna-gnl|cpbgf|cpbgf_2002360-RA,cpbgf_2002360
rna-gnl|cpbgf|cpbgf_2002370-RA,cpbgf_2002370
rna-gnl|cpbgf|cpbgf_2002380-RA,cpbgf_2002380
rna-gnl|cpbgf|cpbgf_2002390-RA,cpbgf_2002390
rna-cpbgf_2002385,cpbgf_2002385
rna-gnl|cpbgf|cpbgf_2002410-RA,cpbgf_2002410
rna-cpbgf_2002395,cpbgf_2002395
rna-gnl|cpbgf|cpbgf_2002400-RA,cpbgf_2002400
rna-gnl|cpbgf|cpbgf_2002420-RA,cpbgf_2002420
rna-gnl|cpbgf|cpbgf_2002430-RA,cpbgf_2002430
rna-gnl|cpbgf|cpbgf_2002440-RA,cpbgf_2002440
rna-gnl|cpbgf|cpbgf_2002450-RA,cpbgf_2002450
rna-gnl|cpbgf|cpbgf_2002460-RA,cpbgf_2002460
rna-gnl|cpbgf|cpbgf_2002470-RA,cpbgf_2002470
rna-gnl|cpbgf|cpbgf_2002480-RA,cpbgf_2002480
rna-cpbgf_2002483,cpbgf_2002483
rna-cpbgf_2002485,cpbgf_2002485
rna-gnl|cpbgf|cpbgf_2002490-RA,cpbgf_2002490
rna-gnl|cpbgf|cpbgf_2002500-RA,cpbgf_2002500
rna-gnl|cpbgf|cpbgf_2002510-RA,cpbgf_2002510
rna-gnl|cpbgf|cpbgf_2002520-RA,cpbgf_2002520
rna-gnl|cpbgf|cpbgf_2002523-RA,cpbgf_2002523
rna-gnl|cpbgf|cpbgf_2002530-RA,cpbgf_2002530
rna-gnl|cpbgf|cpbgf_2002535-RA,cpbgf_2002535
rna-cpbgf_2002533,cpbgf_2002533
rna-gnl|cpbgf|cpbgf_2002540-RA,cpbgf_2002540
rna-cpbgf_2002545,cpbgf_2002545
rna-gnl|cpbgf|cpbgf_2002550-RA,cpbgf_2002550
rna-gnl|cpbgf|cpbgf_2002560-RA,cpbgf_2002560
rna-cpbgf_2002565,cpbgf_2002565
rna-gnl|cpbgf|cpbgf_2002570-RA,cpbgf_2002570
rna-gnl|cpbgf|cpbgf_2002590-RA,cpbgf_2002590
rna-cpbgf_2002575,cpbgf_2002575
rna-gnl|cpbgf|cpbgf_2002600-RA,cpbgf_2002600
rna-cpbgf_2002605,cpbgf_2002605
rna-gnl|cpbgf|cpbgf_2002610-RA,cpbgf_2002610
rna-cpbgf_2002607,cpbgf_2002607
rna-gnl|cpbgf|cpbgf_2002620-RA,cpbgf_2002620
rna-cpbgf_2002635,cpbgf_2002635
rna-gnl|cpbgf|cpbgf_2002630-RA,cpbgf_2002630
rna-gnl|cpbgf|cpbgf_2002640-RA,cpbgf_2002640
rna-cpbgf_2002665,cpbgf_2002665
rna-gnl|cpbgf|cpbgf_2002650-RA,cpbgf_2002650
rna-gnl|cpbgf|cpbgf_2002660-RA,cpbgf_2002660
rna-gnl|cpbgf|cpbgf_2002670-RA,cpbgf_2002670
rna-gnl|cpbgf|cpbgf_2002680-RA,cpbgf_2002680
rna-gnl|cpbgf|cpbgf_2002690-RA,cpbgf_2002690
rna-gnl|cpbgf|cpbgf_2002700-RA,cpbgf_2002700
rna-gnl|cpbgf|cpbgf_2002710-RA,cpbgf_2002710
rna-gnl|cpbgf|cpbgf_2002720-RA,cpbgf_2002720
rna-gnl|cpbgf|cpbgf_2002730-RA,cpbgf_2002730
rna-gnl|cpbgf|cpbgf_2002740-RA,cpbgf_2002740
rna-gnl|cpbgf|cpbgf_2002750-RA,cpbgf_2002750
rna-gnl|cpbgf|cpbgf_2002760-RA,cpbgf_2002760
rna-gnl|cpbgf|cpbgf_2002770-RA,cpbgf_2002770
rna-cpbgf_2002765,cpbgf_2002765
rna-gnl|cpbgf|cpbgf_2002780-RA,cpbgf_2002780
rna-gnl|cpbgf|cpbgf_2002790-RA,cpbgf_2002790
rna-cpbgf_2002805,cpbgf_2002805
rna-gnl|cpbgf|cpbgf_2002800-RA,cpbgf_2002800
rna-gnl|cpbgf|cpbgf_2002810-RA,cpbgf_2002810
rna-gnl|cpbgf|cpbgf_2002820-RA,cpbgf_2002820
rna-gnl|cpbgf|cpbgf_2002830-RA,cpbgf_2002830
rna-gnl|cpbgf|cpbgf_2002830-RB,cpbgf_2002830
rna-gnl|cpbgf|cpbgf_2002840-RA,cpbgf_2002840
rna-cpbgf_2002835,cpbgf_2002835
rna-gnl|cpbgf|cpbgf_2002860-RA,cpbgf_2002860
rna-gnl|cpbgf|cpbgf_2002850-RA,cpbgf_2002850
rna-gnl|cpbgf|cpbgf_2002870-RA,cpbgf_2002870
rna-gnl|cpbgf|cpbgf_2002890-RA,cpbgf_2002890
rna-gnl|cpbgf|cpbgf_2002880-RA,cpbgf_2002880
rna-gnl|cpbgf|cpbgf_2002900-RA,cpbgf_2002900
rna-gnl|cpbgf|cpbgf_2002910-RA,cpbgf_2002910
rna-cpbgf_2002905,cpbgf_2002905
rna-gnl|cpbgf|cpbgf_2002920-RA,cpbgf_2002920
rna-gnl|cpbgf|cpbgf_2002930-RA,cpbgf_2002930
rna-gnl|cpbgf|cpbgf_2002940-RA,cpbgf_2002940
rna-gnl|cpbgf|cpbgf_2002950-RA,cpbgf_2002950
rna-cpbgf_2002945,cpbgf_2002945
rna-gnl|cpbgf|cpbgf_2002960-RA,cpbgf_2002960
rna-gnl|cpbgf|cpbgf_2002970-RA,cpbgf_2002970
rna-gnl|cpbgf|cpbgf_2002980-RA,cpbgf_2002980
rna-gnl|cpbgf|cpbgf_2002990-RA,cpbgf_2002990
rna-gnl|cpbgf|cpbgf_2003000-RA,cpbgf_2003000
rna-gnl|cpbgf|cpbgf_2003010-RA,cpbgf_2003010
rna-gnl|cpbgf|cpbgf_2003020-RA,cpbgf_2003020
rna-gnl|cpbgf|cpbgf_2003030-RA,cpbgf_2003030
rna-gnl|cpbgf|cpbgf_2003040-RA,cpbgf_2003040
rna-gnl|cpbgf|cpbgf_2003060-RA,cpbgf_2003060
rna-gnl|cpbgf|cpbgf_2003050-RA,cpbgf_2003050
rna-gnl|cpbgf|cpbgf_2003070-RA,cpbgf_2003070
rna-gnl|cpbgf|cpbgf_2003080-RA,cpbgf_2003080
rna-cpbgf_2003085,cpbgf_2003085
rna-gnl|cpbgf|cpbgf_2003090-RA,cpbgf_2003090
rna-cpbgf_2003103,cpbgf_2003103
rna-gnl|cpbgf|cpbgf_2003100-RA,cpbgf_2003100
rna-cpbgf_2003105,cpbgf_2003105
rna-gnl|cpbgf|cpbgf_2003110-RA,cpbgf_2003110
rna-gnl|cpbgf|cpbgf_2003120-RA,cpbgf_2003120
rna-gnl|cpbgf|cpbgf_2003130-RA,cpbgf_2003130
rna-gnl|cpbgf|cpbgf_2003140-RA,cpbgf_2003140
rna-gnl|cpbgf|cpbgf_2003150-RA,cpbgf_2003150
rna-gnl|cpbgf|cpbgf_2003160-RA,cpbgf_2003160
rna-gnl|cpbgf|cpbgf_2003170-RA,cpbgf_2003170
rna-gnl|cpbgf|cpbgf_2003180-RA,cpbgf_2003180
rna-gnl|cpbgf|cpbgf_2003190-RA,cpbgf_2003190
rna-gnl|cpbgf|cpbgf_2003200-RA,cpbgf_2003200
rna-gnl|cpbgf|cpbgf_2003210-RA,cpbgf_2003210
rna-gnl|cpbgf|cpbgf_2003220-RA,cpbgf_2003220
rna-cpbgf_2003225,cpbgf_2003225
rna-gnl|cpbgf|cpbgf_2003230-RA,cpbgf_2003230
rna-cpbgf_2003235,cpbgf_2003235
rna-gnl|cpbgf|cpbgf_2003240-RA,cpbgf_2003240
rna-cpbgf_2003260,cpbgf_2003260
rna-gnl|cpbgf|cpbgf_2003250-RA,cpbgf_2003250
rna-gnl|cpbgf|cpbgf_2003270-RC,cpbgf_2003270
rna-gnl|cpbgf|cpbgf_2003270-RA,cpbgf_2003270
rna-gnl|cpbgf|cpbgf_2003270-RB,cpbgf_2003270
rna-gnl|cpbgf|cpbgf_2003290-RA,cpbgf_2003290
rna-cpbgf_2003285,cpbgf_2003285
rna-gnl|cpbgf|cpbgf_2003300-RA,cpbgf_2003300
rna-gnl|cpbgf|cpbgf_2003310-RA,cpbgf_2003310
rna-gnl|cpbgf|cpbgf_2003320-RA,cpbgf_2003320
rna-gnl|cpbgf|cpbgf_2003330-RA,cpbgf_2003330
rna-gnl|cpbgf|cpbgf_2003340-RA,cpbgf_2003340
rna-gnl|cpbgf|cpbgf_2003350-RA,cpbgf_2003350
rna-gnl|cpbgf|cpbgf_2003360-RA,cpbgf_2003360
rna-gnl|cpbgf|cpbgf_2003370-RA,cpbgf_2003370
rna-gnl|cpbgf|cpbgf_2003380-RA,cpbgf_2003380
rna-gnl|cpbgf|cpbgf_2003390-RA,cpbgf_2003390
rna-gnl|cpbgf|cpbgf_2003395-RA,cpbgf_2003395
rna-gnl|cpbgf|cpbgf_2003400-RA,cpbgf_2003400
rna-gnl|cpbgf|cpbgf_2003410-RA,cpbgf_2003410
rna-gnl|cpbgf|cpbgf_2003420-RA,cpbgf_2003420
rna-gnl|cpbgf|cpbgf_2003430-RA,cpbgf_2003430
rna-cpbgf_2003425,cpbgf_2003425
rna-gnl|cpbgf|cpbgf_2003440-RA,cpbgf_2003440
rna-gnl|cpbgf|cpbgf_2003450-RA,cpbgf_2003450
rna-gnl|cpbgf|cpbgf_2003460-RA,cpbgf_2003460
rna-gnl|cpbgf|cpbgf_2003470-RA,cpbgf_2003470
rna-gnl|cpbgf|cpbgf_2003480-RA,cpbgf_2003480
rna-cpbgf_2003475,cpbgf_2003475
rna-gnl|cpbgf|cpbgf_2003490-RA,cpbgf_2003490
rna-gnl|cpbgf|cpbgf_2003500-RA,cpbgf_2003500
rna-cpbgf_2003495,cpbgf_2003495
rna-gnl|cpbgf|cpbgf_2003510-RA,cpbgf_2003510
rna-gnl|cpbgf|cpbgf_2003520-RA,cpbgf_2003520
rna-gnl|cpbgf|cpbgf_2003530-RA,cpbgf_2003530
rna-gnl|cpbgf|cpbgf_2003540-RA,cpbgf_2003540
rna-gnl|cpbgf|cpbgf_2003550-RA,cpbgf_2003550
rna-gnl|cpbgf|cpbgf_2003560-RA,cpbgf_2003560
rna-gnl|cpbgf|cpbgf_2003570-RA,cpbgf_2003570
rna-gnl|cpbgf|cpbgf_2003580-RA,cpbgf_2003580
rna-cpbgf_2003583,cpbgf_2003583
rna-cpbgf_2003584,cpbgf_2003584
rna-gnl|cpbgf|cpbgf_2003590-RA,cpbgf_2003590
rna-cpbgf_2003585,cpbgf_2003585
rna-gnl|cpbgf|cpbgf_2003600-RA,cpbgf_2003600
rna-gnl|cpbgf|cpbgf_2003620-RA,cpbgf_2003620
rna-gnl|cpbgf|cpbgf_2003630-RA,cpbgf_2003630
rna-gnl|cpbgf|cpbgf_2003645-RA,cpbgf_2003645
rna-gnl|cpbgf|cpbgf_2003650-RA,cpbgf_2003650
rna-cpbgf_2003655,cpbgf_2003655
rna-gnl|cpbgf|cpbgf_2003660-RA,cpbgf_2003660
rna-gnl|cpbgf|cpbgf_2003670-RA,cpbgf_2003670
rna-cpbgf_2003675,cpbgf_2003675
rna-gnl|cpbgf|cpbgf_2003680-RA,cpbgf_2003680
rna-gnl|cpbgf|cpbgf_2003695-RA,cpbgf_2003695
rna-gnl|cpbgf|cpbgf_2003690-RA,cpbgf_2003690
rna-gnl|cpbgf|cpbgf_2003700-RA,cpbgf_2003700
rna-gnl|cpbgf|cpbgf_2003710-RA,cpbgf_2003710
rna-gnl|cpbgf|cpbgf_2003720-RA,cpbgf_2003720
rna-gnl|cpbgf|cpbgf_2003730-RA,cpbgf_2003730
rna-gnl|cpbgf|cpbgf_2003740-RA,cpbgf_2003740
rna-cpbgf_2003735,cpbgf_2003735
rna-gnl|cpbgf|cpbgf_2003750-RA,cpbgf_2003750
rna-cpbgf_2003765,cpbgf_2003765
rna-gnl|cpbgf|cpbgf_2003760-RA,cpbgf_2003760
rna-gnl|cpbgf|cpbgf_2003770-RA,cpbgf_2003770
rna-gnl|cpbgf|cpbgf_2003780-RA,cpbgf_2003780
rna-gnl|cpbgf|cpbgf_2003790-RA,cpbgf_2003790
rna-gnl|cpbgf|cpbgf_2003800-RA,cpbgf_2003800
rna-gnl|cpbgf|cpbgf_2003820-RA,cpbgf_2003820
rna-gnl|cpbgf|cpbgf_2003830-RA,cpbgf_2003830
rna-gnl|cpbgf|cpbgf_2003840-RA,cpbgf_2003840
rna-gnl|cpbgf|cpbgf_2003850-RA,cpbgf_2003850
rna-gnl|cpbgf|cpbgf_2003860-RA,cpbgf_2003860
rna-gnl|cpbgf|cpbgf_2003870-RA,cpbgf_2003870
rna-gnl|cpbgf|cpbgf_2003880-RA,cpbgf_2003880
rna-gnl|cpbgf|cpbgf_2003890-RA,cpbgf_2003890
rna-gnl|cpbgf|cpbgf_2003900-RA,cpbgf_2003900
rna-gnl|cpbgf|cpbgf_2003910-RA,cpbgf_2003910
rna-gnl|cpbgf|cpbgf_2003913-RA,cpbgf_2003913
rna-gnl|cpbgf|cpbgf_2003920-RA,cpbgf_2003920
rna-cpbgf_2003915,cpbgf_2003915
rna-gnl|cpbgf|cpbgf_2003930-RA,cpbgf_2003930
rna-gnl|cpbgf|cpbgf_2003940-RA,cpbgf_2003940
rna-gnl|cpbgf|cpbgf_2003950-RA,cpbgf_2003950
rna-cpbgf_2003955,cpbgf_2003955
rna-gnl|cpbgf|cpbgf_2003960-RA,cpbgf_2003960
rna-gnl|cpbgf|cpbgf_2003970-RA,cpbgf_2003970
rna-gnl|cpbgf|cpbgf_2003980-RA,cpbgf_2003980
rna-cpbgf_2003985,cpbgf_2003985
rna-gnl|cpbgf|cpbgf_2003990-RA,cpbgf_2003990
rna-gnl|cpbgf|cpbgf_2004000-RA,cpbgf_2004000
rna-gnl|cpbgf|cpbgf_2004010-RA,cpbgf_2004010
rna-gnl|cpbgf|cpbgf_2004020-RA,cpbgf_2004020
rna-gnl|cpbgf|cpbgf_2004030-RA,cpbgf_2004030
rna-gnl|cpbgf|cpbgf_2004040-RA,cpbgf_2004040
rna-gnl|cpbgf|cpbgf_2004050-RA,cpbgf_2004050
rna-gnl|cpbgf|cpbgf_2004060-RA,cpbgf_2004060
rna-gnl|cpbgf|cpbgf_2004070-RA,cpbgf_2004070
rna-gnl|cpbgf|cpbgf_2004080-RA,cpbgf_2004080
rna-gnl|cpbgf|cpbgf_2004090-RA,cpbgf_2004090
rna-gnl|cpbgf|cpbgf_2004100-RA,cpbgf_2004100
rna-gnl|cpbgf|cpbgf_2004103-RA,cpbgf_2004103
rna-gnl|cpbgf|cpbgf_2004110-RA,cpbgf_2004110
rna-cpbgf_2004105,cpbgf_2004105
rna-gnl|cpbgf|cpbgf_2004130-RA,cpbgf_2004130
rna-gnl|cpbgf|cpbgf_2004120-RA,cpbgf_2004120
rna-gnl|cpbgf|cpbgf_2004140-RA,cpbgf_2004140
rna-cpbgf_2004135,cpbgf_2004135
rna-cpbgf_2004145,cpbgf_2004145
rna-gnl|cpbgf|cpbgf_2004150-RA,cpbgf_2004150
rna-cpbgf_2004155,cpbgf_2004155
rna-gnl|cpbgf|cpbgf_2004160-RA,cpbgf_2004160
rna-gnl|cpbgf|cpbgf_2004170-RA,cpbgf_2004170
rna-cpbgf_2004175,cpbgf_2004175
rna-gnl|cpbgf|cpbgf_2004180-RA,cpbgf_2004180
rna-gnl|cpbgf|cpbgf_2004190-RA,cpbgf_2004190
rna-gnl|cpbgf|cpbgf_2004200-RA,cpbgf_2004200
rna-cpbgf_2004205,cpbgf_2004205
rna-gnl|cpbgf|cpbgf_2004210-RA,cpbgf_2004210
rna-gnl|cpbgf|cpbgf_2004220-RA,cpbgf_2004220
rna-gnl|cpbgf|cpbgf_2004230-RA,cpbgf_2004230
rna-gnl|cpbgf|cpbgf_2004240-RA,cpbgf_2004240
rna-gnl|cpbgf|cpbgf_2004250-RA,cpbgf_2004250
rna-cpbgf_2004265,cpbgf_2004265
rna-gnl|cpbgf|cpbgf_2004260-RA,cpbgf_2004260
rna-gnl|cpbgf|cpbgf_2004270-RA,cpbgf_2004270
rna-gnl|cpbgf|cpbgf_2004290-RA,cpbgf_2004290
rna-gnl|cpbgf|cpbgf_2004280-RA,cpbgf_2004280
rna-gnl|cpbgf|cpbgf_2004300-RA,cpbgf_2004300
rna-gnl|cpbgf|cpbgf_2004310-RA,cpbgf_2004310
rna-cpbgf_2004315,cpbgf_2004315
rna-gnl|cpbgf|cpbgf_2004320-RA,cpbgf_2004320
rna-gnl|cpbgf|cpbgf_2004330-RA,cpbgf_2004330
rna-gnl|cpbgf|cpbgf_2004340-RA,cpbgf_2004340
rna-gnl|cpbgf|cpbgf_2004350-RA,cpbgf_2004350
rna-cpbgf_2004353,cpbgf_2004353
rna-gnl|cpbgf|cpbgf_2004360-RA,cpbgf_2004360
rna-cpbgf_2004355,cpbgf_2004355
rna-cpbgf_2004365,cpbgf_2004365
rna-gnl|cpbgf|cpbgf_2004370-RA,cpbgf_2004370
rna-cpbgf_2004375,cpbgf_2004375
rna-gnl|cpbgf|cpbgf_2004380-RA,cpbgf_2004380
rna-gnl|cpbgf|cpbgf_30010-RA,cpbgf_30010
rna-cpbgf_30015,cpbgf_30015
rna-gnl|cpbgf|cpbgf_30020-RA,cpbgf_30020
rna-gnl|cpbgf|cpbgf_30030-RA,cpbgf_30030
rna-gnl|cpbgf|cpbgf_30040-RA,cpbgf_30040
rna-gnl|cpbgf|cpbgf_30050-RA,cpbgf_30050
rna-cpbgf_30055,cpbgf_30055
rna-gnl|cpbgf|cpbgf_30060-RA,cpbgf_30060
rna-gnl|cpbgf|cpbgf_30070-RA,cpbgf_30070
rna-gnl|cpbgf|cpbgf_30080-RA,cpbgf_30080
rna-gnl|cpbgf|cpbgf_30090-RA,cpbgf_30090
rna-gnl|cpbgf|cpbgf_300100-RA,cpbgf_300100
rna-gnl|cpbgf|cpbgf_300110-RA,cpbgf_300110
rna-gnl|cpbgf|cpbgf_300120-RA,cpbgf_300120
rna-gnl|cpbgf|cpbgf_300130-RA,cpbgf_300130
rna-gnl|cpbgf|cpbgf_300140-RA,cpbgf_300140
rna-cpbgf_300145,cpbgf_300145
rna-gnl|cpbgf|cpbgf_300150-RA,cpbgf_300150
rna-gnl|cpbgf|cpbgf_300160-RA,cpbgf_300160
rna-cpbgf_300165,cpbgf_300165
rna-gnl|cpbgf|cpbgf_300170-RA,cpbgf_300170
rna-gnl|cpbgf|cpbgf_300180-RA,cpbgf_300180
rna-gnl|cpbgf|cpbgf_300190-RA,cpbgf_300190
rna-gnl|cpbgf|cpbgf_300200-RA,cpbgf_300200
rna-gnl|cpbgf|cpbgf_300210-RA,cpbgf_300210
rna-cpbgf_300215,cpbgf_300215
rna-gnl|cpbgf|cpbgf_300220-RA,cpbgf_300220
rna-gnl|cpbgf|cpbgf_300230-RA,cpbgf_300230
rna-gnl|cpbgf|cpbgf_300240-RA,cpbgf_300240
rna-gnl|cpbgf|cpbgf_300250-RA,cpbgf_300250
rna-gnl|cpbgf|cpbgf_300260-RA,cpbgf_300260
rna-gnl|cpbgf|cpbgf_300270-RA,cpbgf_300270
rna-gnl|cpbgf|cpbgf_300280-RA,cpbgf_300280
rna-gnl|cpbgf|cpbgf_300290-RA,cpbgf_300290
rna-gnl|cpbgf|cpbgf_300300-RA,cpbgf_300300
rna-gnl|cpbgf|cpbgf_300310-RA,cpbgf_300310
rna-gnl|cpbgf|cpbgf_300320-RA,cpbgf_300320
rna-gnl|cpbgf|cpbgf_300330-RA,cpbgf_300330
rna-gnl|cpbgf|cpbgf_300340-RA,cpbgf_300340
rna-cpbgf_300345,cpbgf_300345
rna-gnl|cpbgf|cpbgf_300350-RA,cpbgf_300350
rna-gnl|cpbgf|cpbgf_300360-RA,cpbgf_300360
rna-gnl|cpbgf|cpbgf_300370-RA,cpbgf_300370
rna-cpbgf_300375,cpbgf_300375
rna-gnl|cpbgf|cpbgf_300380-RA,cpbgf_300380
rna-gnl|cpbgf|cpbgf_300390-RA,cpbgf_300390
rna-gnl|cpbgf|cpbgf_300400-RA,cpbgf_300400
rna-cpbgf_300405,cpbgf_300405
rna-gnl|cpbgf|cpbgf_300410-RA,cpbgf_300410
rna-gnl|cpbgf|cpbgf_300420-RA,cpbgf_300420
rna-gnl|cpbgf|cpbgf_300430-RA,cpbgf_300430
rna-gnl|cpbgf|cpbgf_300440-RA,cpbgf_300440
rna-gnl|cpbgf|cpbgf_300450-RA,cpbgf_300450
rna-gnl|cpbgf|cpbgf_300460-RA,cpbgf_300460
rna-gnl|cpbgf|cpbgf_300470-RA,cpbgf_300470
rna-gnl|cpbgf|cpbgf_300476-RA,cpbgf_300476
rna-gnl|cpbgf|cpbgf_300480-RA,cpbgf_300480
rna-cpbgf_300485,cpbgf_300485
rna-gnl|cpbgf|cpbgf_300490-RA,cpbgf_300490
rna-cpbgf_300495,cpbgf_300495
rna-gnl|cpbgf|cpbgf_300500-RA,cpbgf_300500
rna-cpbgf_300505,cpbgf_300505
rna-gnl|cpbgf|cpbgf_300510-RA,cpbgf_300510
rna-cpbgf_300515,cpbgf_300515
rna-gnl|cpbgf|cpbgf_300520-RA,cpbgf_300520
rna-gnl|cpbgf|cpbgf_300530-RA,cpbgf_300530
rna-cpbgf_300535,cpbgf_300535
rna-gnl|cpbgf|cpbgf_300540-RA,cpbgf_300540
rna-gnl|cpbgf|cpbgf_300550-RA,cpbgf_300550
rna-gnl|cpbgf|cpbgf_300560-RA,cpbgf_300560
rna-gnl|cpbgf|cpbgf_300570-RA,cpbgf_300570
rna-gnl|cpbgf|cpbgf_300580-RA,cpbgf_300580
rna-gnl|cpbgf|cpbgf_300590-RA,cpbgf_300590
rna-gnl|cpbgf|cpbgf_300600-RA,cpbgf_300600
rna-cpbgf_300605,cpbgf_300605
rna-cpbgf_300607,cpbgf_300607
rna-gnl|cpbgf|cpbgf_300610-RA,cpbgf_300610
rna-cpbgf_300615,cpbgf_300615
rna-gnl|cpbgf|cpbgf_300620-RA,cpbgf_300620
rna-gnl|cpbgf|cpbgf_300630-RA,cpbgf_300630
rna-gnl|cpbgf|cpbgf_300640-RA,cpbgf_300640
rna-gnl|cpbgf|cpbgf_300650-RA,cpbgf_300650
rna-cpbgf_300655,cpbgf_300655
rna-gnl|cpbgf|cpbgf_300660-RA,cpbgf_300660
rna-cpbgf_300665,cpbgf_300665
rna-gnl|cpbgf|cpbgf_300670-RA,cpbgf_300670
rna-cpbgf_300675,cpbgf_300675
rna-gnl|cpbgf|cpbgf_300680-RA,cpbgf_300680
rna-gnl|cpbgf|cpbgf_300690-RA,cpbgf_300690
rna-cpbgf_300695,cpbgf_300695
rna-gnl|cpbgf|cpbgf_300700-RA,cpbgf_300700
rna-gnl|cpbgf|cpbgf_300710-RA,cpbgf_300710
rna-gnl|cpbgf|cpbgf_300720-RA,cpbgf_300720
rna-gnl|cpbgf|cpbgf_300730-RA,cpbgf_300730
rna-gnl|cpbgf|cpbgf_300740-RA,cpbgf_300740
rna-gnl|cpbgf|cpbgf_300750-RA,cpbgf_300750
rna-cpbgf_300755,cpbgf_300755
rna-cpbgf_300757,cpbgf_300757
rna-cpbgf_300759,cpbgf_300759
rna-gnl|cpbgf|cpbgf_300760-RA,cpbgf_300760
rna-gnl|cpbgf|cpbgf_300770-RA,cpbgf_300770
rna-gnl|cpbgf|cpbgf_300780-RA,cpbgf_300780
rna-gnl|cpbgf|cpbgf_300790-RA,cpbgf_300790
rna-gnl|cpbgf|cpbgf_300800-RA,cpbgf_300800
rna-cpbgf_300805,cpbgf_300805
rna-cpbgf_300807,cpbgf_300807
rna-gnl|cpbgf|cpbgf_300810-RA,cpbgf_300810
rna-gnl|cpbgf|cpbgf_300820-RA,cpbgf_300820
rna-gnl|cpbgf|cpbgf_300830-RA,cpbgf_300830
rna-gnl|cpbgf|cpbgf_300840-RA,cpbgf_300840
rna-gnl|cpbgf|cpbgf_300850-RA,cpbgf_300850
rna-gnl|cpbgf|cpbgf_300860-RA,cpbgf_300860
rna-gnl|cpbgf|cpbgf_300870-RA,cpbgf_300870
rna-cpbgf_300875,cpbgf_300875
rna-gnl|cpbgf|cpbgf_300880-RA,cpbgf_300880
rna-gnl|cpbgf|cpbgf_300890-RA,cpbgf_300890
rna-gnl|cpbgf|cpbgf_300900-RA,cpbgf_300900
rna-gnl|cpbgf|cpbgf_300910-RA,cpbgf_300910
rna-gnl|cpbgf|cpbgf_300915-RA,cpbgf_300915
rna-gnl|cpbgf|cpbgf_300920-RA,cpbgf_300920
rna-gnl|cpbgf|cpbgf_300930-RA,cpbgf_300930
rna-gnl|cpbgf|cpbgf_300940-RA,cpbgf_300940
rna-gnl|cpbgf|cpbgf_300945-RA,cpbgf_300945
rna-gnl|cpbgf|cpbgf_300950-RA,cpbgf_300950
rna-gnl|cpbgf|cpbgf_300960-RA,cpbgf_300960
rna-gnl|cpbgf|cpbgf_300970-RA,cpbgf_300970
rna-gnl|cpbgf|cpbgf_300980-RA,cpbgf_300980
rna-gnl|cpbgf|cpbgf_300990-RA,cpbgf_300990
rna-gnl|cpbgf|cpbgf_3001000-RA,cpbgf_3001000
rna-gnl|cpbgf|cpbgf_3001010-RA,cpbgf_3001010
rna-gnl|cpbgf|cpbgf_3001020-RA,cpbgf_3001020
rna-gnl|cpbgf|cpbgf_3001030-RA,cpbgf_3001030
rna-gnl|cpbgf|cpbgf_3001040-RA,cpbgf_3001040
rna-gnl|cpbgf|cpbgf_3001050-RA,cpbgf_3001050
rna-cpbgf_3001055,cpbgf_3001055
rna-gnl|cpbgf|cpbgf_3001060-RA,cpbgf_3001060
rna-gnl|cpbgf|cpbgf_3001070-RA,cpbgf_3001070
rna-cpbgf_3001080,cpbgf_3001080
rna-gnl|cpbgf|cpbgf_3001090-RA,cpbgf_3001090
rna-gnl|cpbgf|cpbgf_3001100-RA,cpbgf_3001100
rna-gnl|cpbgf|cpbgf_3001110-RA,cpbgf_3001110
rna-cpbgf_3001115,cpbgf_3001115
rna-gnl|cpbgf|cpbgf_3001120-RA,cpbgf_3001120
rna-gnl|cpbgf|cpbgf_3001130-RA,cpbgf_3001130
rna-gnl|cpbgf|cpbgf_3001140-RA,cpbgf_3001140
rna-gnl|cpbgf|cpbgf_3001150-RA,cpbgf_3001150
rna-gnl|cpbgf|cpbgf_3001160-RA,cpbgf_3001160
rna-gnl|cpbgf|cpbgf_3001170-RA,cpbgf_3001170
rna-cpbgf_3001175,cpbgf_3001175
rna-gnl|cpbgf|cpbgf_3001180-RA,cpbgf_3001180
rna-gnl|cpbgf|cpbgf_3001200-RA,cpbgf_3001200
rna-gnl|cpbgf|cpbgf_3001210-RA,cpbgf_3001210
rna-gnl|cpbgf|cpbgf_3001220-RA,cpbgf_3001220
rna-gnl|cpbgf|cpbgf_3001230-RA,cpbgf_3001230
rna-gnl|cpbgf|cpbgf_3001240-RA,cpbgf_3001240
rna-gnl|cpbgf|cpbgf_3001250-RA,cpbgf_3001250
rna-cpbgf_3001255,cpbgf_3001255
rna-gnl|cpbgf|cpbgf_3001260-RA,cpbgf_3001260
rna-gnl|cpbgf|cpbgf_3001270-RA,cpbgf_3001270
rna-gnl|cpbgf|cpbgf_3001280-RA,cpbgf_3001280
rna-gnl|cpbgf|cpbgf_3001290-RA,cpbgf_3001290
rna-gnl|cpbgf|cpbgf_3001300-RA,cpbgf_3001300
rna-gnl|cpbgf|cpbgf_3001310-RA,cpbgf_3001310
rna-gnl|cpbgf|cpbgf_3001320-RA,cpbgf_3001320
rna-gnl|cpbgf|cpbgf_3001330-RA,cpbgf_3001330
rna-gnl|cpbgf|cpbgf_3001340-RA,cpbgf_3001340
rna-gnl|cpbgf|cpbgf_3001350-RA,cpbgf_3001350
rna-gnl|cpbgf|cpbgf_3001360-RA,cpbgf_3001360
rna-cpbgf_3001365,cpbgf_3001365
rna-gnl|cpbgf|cpbgf_3001370-RA,cpbgf_3001370
rna-gnl|cpbgf|cpbgf_3001380-RA,cpbgf_3001380
rna-cpbgf_3001385,cpbgf_3001385
rna-gnl|cpbgf|cpbgf_3001386-RA,cpbgf_3001386
rna-gnl|cpbgf|cpbgf_3001390-RA,cpbgf_3001390
rna-cpbgf_3001395,cpbgf_3001395
rna-gnl|cpbgf|cpbgf_3001400-RA,cpbgf_3001400
rna-gnl|cpbgf|cpbgf_3001410-RA,cpbgf_3001410
rna-cpbgf_3001415,cpbgf_3001415
rna-gnl|cpbgf|cpbgf_3001420-RA,cpbgf_3001420
rna-gnl|cpbgf|cpbgf_3001430-RA,cpbgf_3001430
rna-gnl|cpbgf|cpbgf_3001440-RA,cpbgf_3001440
rna-cpbgf_3001445,cpbgf_3001445
rna-gnl|cpbgf|cpbgf_3001450-RA,cpbgf_3001450
rna-gnl|cpbgf|cpbgf_3001460-RA,cpbgf_3001460
rna-cpbgf_3001465,cpbgf_3001465
rna-gnl|cpbgf|cpbgf_3001470-RA,cpbgf_3001470
rna-gnl|cpbgf|cpbgf_3001480-RA,cpbgf_3001480
rna-gnl|cpbgf|cpbgf_3001490-RA,cpbgf_3001490
rna-gnl|cpbgf|cpbgf_3001500-RA,cpbgf_3001500
rna-gnl|cpbgf|cpbgf_3001510-RA,cpbgf_3001510
rna-cpbgf_3001515,cpbgf_3001515
rna-gnl|cpbgf|cpbgf_3001520-RA,cpbgf_3001520
rna-gnl|cpbgf|cpbgf_3001530-RA,cpbgf_3001530
rna-gnl|cpbgf|cpbgf_3001540-RA,cpbgf_3001540
rna-cpbgf_3001545,cpbgf_3001545
rna-gnl|cpbgf|cpbgf_3001550-RA,cpbgf_3001550
rna-cpbgf_3001555,cpbgf_3001555
rna-gnl|cpbgf|cpbgf_3001560-RA,cpbgf_3001560
rna-gnl|cpbgf|cpbgf_3001570-RA,cpbgf_3001570
rna-gnl|cpbgf|cpbgf_3001580-RA,cpbgf_3001580
rna-gnl|cpbgf|cpbgf_3001590-RA,cpbgf_3001590
rna-cpbgf_3001595,cpbgf_3001595
rna-gnl|cpbgf|cpbgf_3001600-RA,cpbgf_3001600
rna-gnl|cpbgf|cpbgf_3001610-RA,cpbgf_3001610
rna-gnl|cpbgf|cpbgf_3001620-RA,cpbgf_3001620
rna-gnl|cpbgf|cpbgf_3001630-RA,cpbgf_3001630
rna-gnl|cpbgf|cpbgf_3001640-RA,cpbgf_3001640
rna-gnl|cpbgf|cpbgf_3001650-RA,cpbgf_3001650
rna-gnl|cpbgf|cpbgf_3001660-RA,cpbgf_3001660
rna-cpbgf_3001665,cpbgf_3001665
rna-cpbgf_3001667,cpbgf_3001667
rna-gnl|cpbgf|cpbgf_3001670-RA,cpbgf_3001670
rna-gnl|cpbgf|cpbgf_3001680-RA,cpbgf_3001680
rna-gnl|cpbgf|cpbgf_3001690-RA,cpbgf_3001690
rna-gnl|cpbgf|cpbgf_3001700-RA,cpbgf_3001700
rna-gnl|cpbgf|cpbgf_3001710-RA,cpbgf_3001710
rna-gnl|cpbgf|cpbgf_3001720-RA,cpbgf_3001720
rna-cpbgf_3001725,cpbgf_3001725
rna-gnl|cpbgf|cpbgf_3001730-RA,cpbgf_3001730
rna-gnl|cpbgf|cpbgf_3001740-RA,cpbgf_3001740
rna-gnl|cpbgf|cpbgf_3001750-RA,cpbgf_3001750
rna-cpbgf_3001755,cpbgf_3001755
rna-gnl|cpbgf|cpbgf_3001760-RA,cpbgf_3001760
rna-cpbgf_3001765,cpbgf_3001765
rna-cpbgf_3001767,cpbgf_3001767
rna-gnl|cpbgf|cpbgf_3001770-RA,cpbgf_3001770
rna-gnl|cpbgf|cpbgf_3001780-RA,cpbgf_3001780
rna-gnl|cpbgf|cpbgf_3001790-RA,cpbgf_3001790
rna-gnl|cpbgf|cpbgf_3001800-RA,cpbgf_3001800
rna-gnl|cpbgf|cpbgf_3001810-RA,cpbgf_3001810
rna-gnl|cpbgf|cpbgf_3001820-RA,cpbgf_3001820
rna-gnl|cpbgf|cpbgf_3001830-RA,cpbgf_3001830
rna-gnl|cpbgf|cpbgf_3001840-RA,cpbgf_3001840
rna-gnl|cpbgf|cpbgf_3001850-RA,cpbgf_3001850
rna-gnl|cpbgf|cpbgf_3001860-RA,cpbgf_3001860
rna-gnl|cpbgf|cpbgf_3001870-RA,cpbgf_3001870
rna-gnl|cpbgf|cpbgf_3001880-RA,cpbgf_3001880
rna-gnl|cpbgf|cpbgf_3001890-RA,cpbgf_3001890
rna-gnl|cpbgf|cpbgf_3001900-RA,cpbgf_3001900
rna-gnl|cpbgf|cpbgf_3001910-RA,cpbgf_3001910
rna-gnl|cpbgf|cpbgf_3001920-RA,cpbgf_3001920
rna-gnl|cpbgf|cpbgf_3001930-RA,cpbgf_3001930
rna-gnl|cpbgf|cpbgf_3001940-RA,cpbgf_3001940
rna-gnl|cpbgf|cpbgf_3001950-RA,cpbgf_3001950
rna-gnl|cpbgf|cpbgf_3001960-RA,cpbgf_3001960
rna-gnl|cpbgf|cpbgf_3001970-RA,cpbgf_3001970
rna-cpbgf_3001975,cpbgf_3001975
rna-cpbgf_3001977,cpbgf_3001977
rna-gnl|cpbgf|cpbgf_3001980-RA,cpbgf_3001980
rna-gnl|cpbgf|cpbgf_3001990-RA,cpbgf_3001990
rna-gnl|cpbgf|cpbgf_3002000-RA,cpbgf_3002000
rna-gnl|cpbgf|cpbgf_3002010-RA,cpbgf_3002010
rna-cpbgf_3002015,cpbgf_3002015
rna-cpbgf_3002017,cpbgf_3002017
rna-gnl|cpbgf|cpbgf_3002020-RA,cpbgf_3002020
rna-gnl|cpbgf|cpbgf_3002030-RA,cpbgf_3002030
rna-gnl|cpbgf|cpbgf_3002040-RA,cpbgf_3002040
rna-gnl|cpbgf|cpbgf_3002050-RA,cpbgf_3002050
rna-gnl|cpbgf|cpbgf_3002060-RA,cpbgf_3002060
rna-gnl|cpbgf|cpbgf_3002070-RA,cpbgf_3002070
rna-gnl|cpbgf|cpbgf_3002073-RA,cpbgf_3002073
rna-cpbgf_3002075,cpbgf_3002075
rna-gnl|cpbgf|cpbgf_3002080-RA,cpbgf_3002080
rna-gnl|cpbgf|cpbgf_3002090-RA,cpbgf_3002090
rna-gnl|cpbgf|cpbgf_3002100-RA,cpbgf_3002100
rna-gnl|cpbgf|cpbgf_3002110-RA,cpbgf_3002110
rna-gnl|cpbgf|cpbgf_3002120-RA,cpbgf_3002120
rna-gnl|cpbgf|cpbgf_3002130-RA,cpbgf_3002130
rna-gnl|cpbgf|cpbgf_3002140-RA,cpbgf_3002140
rna-gnl|cpbgf|cpbgf_3002160-RA,cpbgf_3002160
rna-gnl|cpbgf|cpbgf_3002150-RA,cpbgf_3002150
rna-gnl|cpbgf|cpbgf_3002170-RA,cpbgf_3002170
rna-gnl|cpbgf|cpbgf_3002180-RA,cpbgf_3002180
rna-gnl|cpbgf|cpbgf_3002190-RA,cpbgf_3002190
rna-gnl|cpbgf|cpbgf_3002200-RA,cpbgf_3002200
rna-cpbgf_3002205,cpbgf_3002205
rna-gnl|cpbgf|cpbgf_3002210-RA,cpbgf_3002210
rna-gnl|cpbgf|cpbgf_3002220-RA,cpbgf_3002220
rna-gnl|cpbgf|cpbgf_3002230-RA,cpbgf_3002230
rna-gnl|cpbgf|cpbgf_3002240-RA,cpbgf_3002240
rna-gnl|cpbgf|cpbgf_3002250-RA,cpbgf_3002250
rna-gnl|cpbgf|cpbgf_3002260-RA,cpbgf_3002260
rna-gnl|cpbgf|cpbgf_3002270-RA,cpbgf_3002270
rna-gnl|cpbgf|cpbgf_3002280-RA,cpbgf_3002280
rna-gnl|cpbgf|cpbgf_3002290-RA,cpbgf_3002290
rna-gnl|cpbgf|cpbgf_3002300-RA,cpbgf_3002300
rna-cpbgf_3002305,cpbgf_3002305
rna-gnl|cpbgf|cpbgf_3002310-RA,cpbgf_3002310
rna-gnl|cpbgf|cpbgf_3002322-RA,cpbgf_3002322
rna-gnl|cpbgf|cpbgf_3002323-RA,cpbgf_3002323
rna-gnl|cpbgf|cpbgf_3002330-RA,cpbgf_3002330
rna-gnl|cpbgf|cpbgf_3002340-RA,cpbgf_3002340
rna-gnl|cpbgf|cpbgf_3002350-RA,cpbgf_3002350
rna-gnl|cpbgf|cpbgf_3002353-RA,cpbgf_3002353
rna-gnl|cpbgf|cpbgf_3002360-RA,cpbgf_3002360
rna-cpbgf_3002365,cpbgf_3002365
rna-gnl|cpbgf|cpbgf_3002380-RA,cpbgf_3002380
rna-gnl|cpbgf|cpbgf_3002390-RA,cpbgf_3002390
rna-gnl|cpbgf|cpbgf_3002400-RA,cpbgf_3002400
rna-cpbgf_3002405,cpbgf_3002405
rna-gnl|cpbgf|cpbgf_3002410-RA,cpbgf_3002410
rna-gnl|cpbgf|cpbgf_3002423-RA,cpbgf_3002423
rna-gnl|cpbgf|cpbgf_3002440-RA,cpbgf_3002440
rna-gnl|cpbgf|cpbgf_3002450-RA,cpbgf_3002450
rna-gnl|cpbgf|cpbgf_3002460-RA,cpbgf_3002460
rna-cpbgf_3002465,cpbgf_3002465
rna-gnl|cpbgf|cpbgf_3002470-RA,cpbgf_3002470
rna-gnl|cpbgf|cpbgf_3002480-RA,cpbgf_3002480
rna-cpbgf_3002485,cpbgf_3002485
rna-gnl|cpbgf|cpbgf_3002490-RA,cpbgf_3002490
rna-gnl|cpbgf|cpbgf_3002500-RA,cpbgf_3002500
rna-gnl|cpbgf|cpbgf_3002503-RA,cpbgf_3002503
rna-gnl|cpbgf|cpbgf_3002510-RA,cpbgf_3002510
rna-cpbgf_3002515,cpbgf_3002515
rna-gnl|cpbgf|cpbgf_3002520-RA,cpbgf_3002520
rna-gnl|cpbgf|cpbgf_3002530-RA,cpbgf_3002530
rna-gnl|cpbgf|cpbgf_3002540-RA,cpbgf_3002540
rna-cpbgf_3002545,cpbgf_3002545
rna-gnl|cpbgf|cpbgf_3002550-RA,cpbgf_3002550
rna-gnl|cpbgf|cpbgf_3002560-RA,cpbgf_3002560
rna-gnl|cpbgf|cpbgf_3002580-RA,cpbgf_3002580
rna-gnl|cpbgf|cpbgf_3002570-RA,cpbgf_3002570
rna-gnl|cpbgf|cpbgf_3002590-RA,cpbgf_3002590
rna-cpbgf_3002595,cpbgf_3002595
rna-gnl|cpbgf|cpbgf_3002600-RA,cpbgf_3002600
rna-cpbgf_3002605,cpbgf_3002605
rna-gnl|cpbgf|cpbgf_3002610-RA,cpbgf_3002610
rna-gnl|cpbgf|cpbgf_3002620-RA,cpbgf_3002620
rna-gnl|cpbgf|cpbgf_3002630-RA,cpbgf_3002630
rna-gnl|cpbgf|cpbgf_3002640-RA,cpbgf_3002640
rna-gnl|cpbgf|cpbgf_3002650-RA,cpbgf_3002650
rna-gnl|cpbgf|cpbgf_3002660-RA,cpbgf_3002660
rna-gnl|cpbgf|cpbgf_3002670-RA,cpbgf_3002670
rna-gnl|cpbgf|cpbgf_3002680-RA,cpbgf_3002680
rna-gnl|cpbgf|cpbgf_3002690-RA,cpbgf_3002690
rna-gnl|cpbgf|cpbgf_3002700-RA,cpbgf_3002700
rna-gnl|cpbgf|cpbgf_3002706-RA,cpbgf_3002706
rna-gnl|cpbgf|cpbgf_3002730-RA,cpbgf_3002730
rna-gnl|cpbgf|cpbgf_3002740-RA,cpbgf_3002740
rna-gnl|cpbgf|cpbgf_3002750-RA,cpbgf_3002750
rna-cpbgf_3002755,cpbgf_3002755
rna-gnl|cpbgf|cpbgf_3002760-RA,cpbgf_3002760
rna-gnl|cpbgf|cpbgf_3002770-RA,cpbgf_3002770
rna-gnl|cpbgf|cpbgf_3002780-RA,cpbgf_3002780
rna-gnl|cpbgf|cpbgf_3002790-RA,cpbgf_3002790
rna-gnl|cpbgf|cpbgf_3002800-RA,cpbgf_3002800
rna-gnl|cpbgf|cpbgf_3002810-RA,cpbgf_3002810
rna-gnl|cpbgf|cpbgf_3002820-RA,cpbgf_3002820
rna-gnl|cpbgf|cpbgf_3002830-RA,cpbgf_3002830
rna-gnl|cpbgf|cpbgf_3002840-RA,cpbgf_3002840
rna-gnl|cpbgf|cpbgf_3002843-RA,cpbgf_3002843
rna-gnl|cpbgf|cpbgf_3002850-RA,cpbgf_3002850
rna-cpbgf_3002855,cpbgf_3002855
rna-cpbgf_3002857,cpbgf_3002857
rna-gnl|cpbgf|cpbgf_3002860-RA,cpbgf_3002860
rna-gnl|cpbgf|cpbgf_3002870-RA,cpbgf_3002870
rna-gnl|cpbgf|cpbgf_3002880-RA,cpbgf_3002880
rna-gnl|cpbgf|cpbgf_3002890-RA,cpbgf_3002890
rna-cpbgf_3002895,cpbgf_3002895
rna-gnl|cpbgf|cpbgf_3002900-RA,cpbgf_3002900
rna-cpbgf_3002905,cpbgf_3002905
rna-gnl|cpbgf|cpbgf_3002910-RA,cpbgf_3002910
rna-gnl|cpbgf|cpbgf_3002920-RA,cpbgf_3002920
rna-gnl|cpbgf|cpbgf_3002930-RA,cpbgf_3002930
rna-gnl|cpbgf|cpbgf_3002940-RA,cpbgf_3002940
rna-cpbgf_3002945,cpbgf_3002945
rna-gnl|cpbgf|cpbgf_3002950-RA,cpbgf_3002950
rna-gnl|cpbgf|cpbgf_3002960-RA,cpbgf_3002960
rna-gnl|cpbgf|cpbgf_3002970-RA,cpbgf_3002970
rna-cpbgf_3002975,cpbgf_3002975
rna-gnl|cpbgf|cpbgf_3002980-RA,cpbgf_3002980
rna-gnl|cpbgf|cpbgf_3002990-RA,cpbgf_3002990
rna-cpbgf_3002995,cpbgf_3002995
rna-gnl|cpbgf|cpbgf_3003000-RA,cpbgf_3003000
rna-gnl|cpbgf|cpbgf_3003010-RA,cpbgf_3003010
rna-cpbgf_3003015,cpbgf_3003015
rna-cpbgf_3003017,cpbgf_3003017
rna-cpbgf_3003019,cpbgf_3003019
rna-gnl|cpbgf|cpbgf_3003020-RA,cpbgf_3003020
rna-gnl|cpbgf|cpbgf_3003030-RA,cpbgf_3003030
rna-gnl|cpbgf|cpbgf_3003040-RA,cpbgf_3003040
rna-gnl|cpbgf|cpbgf_3003050-RA,cpbgf_3003050
rna-cpbgf_3003055,cpbgf_3003055
rna-gnl|cpbgf|cpbgf_3003063-RA,cpbgf_3003063
rna-gnl|cpbgf|cpbgf_3003070-RA,cpbgf_3003070
rna-gnl|cpbgf|cpbgf_3003073-RA,cpbgf_3003073
rna-gnl|cpbgf|cpbgf_3003076-RA,cpbgf_3003076
rna-gnl|cpbgf|cpbgf_3003080-RA,cpbgf_3003080
rna-gnl|cpbgf|cpbgf_3003090-RA,cpbgf_3003090
rna-gnl|cpbgf|cpbgf_3003100-RA,cpbgf_3003100
rna-gnl|cpbgf|cpbgf_3003110-RA,cpbgf_3003110
rna-cpbgf_3003115,cpbgf_3003115
rna-gnl|cpbgf|cpbgf_3003120-RA,cpbgf_3003120
rna-cpbgf_3003125,cpbgf_3003125
rna-gnl|cpbgf|cpbgf_3003130-RA,cpbgf_3003130
rna-gnl|cpbgf|cpbgf_3003136-RA,cpbgf_3003136
rna-gnl|cpbgf|cpbgf_3003140-RA,cpbgf_3003140
rna-gnl|cpbgf|cpbgf_3003150-RA,cpbgf_3003150
rna-gnl|cpbgf|cpbgf_3003160-RA,cpbgf_3003160
rna-gnl|cpbgf|cpbgf_3003170-RA,cpbgf_3003170
rna-cpbgf_3003175,cpbgf_3003175
rna-gnl|cpbgf|cpbgf_3003180-RA,cpbgf_3003180
rna-gnl|cpbgf|cpbgf_3003190-RA,cpbgf_3003190
rna-cpbgf_3003195,cpbgf_3003195
rna-gnl|cpbgf|cpbgf_3003200-RA,cpbgf_3003200
rna-gnl|cpbgf|cpbgf_3003210-RA,cpbgf_3003210
rna-cpbgf_3003215,cpbgf_3003215
rna-gnl|cpbgf|cpbgf_3003220-RA,cpbgf_3003220
rna-gnl|cpbgf|cpbgf_3003230-RA,cpbgf_3003230
rna-gnl|cpbgf|cpbgf_3003250-RA,cpbgf_3003250
rna-gnl|cpbgf|cpbgf_3003260-RA,cpbgf_3003260
rna-gnl|cpbgf|cpbgf_3003280-RA,cpbgf_3003280
rna-gnl|cpbgf|cpbgf_3003270-RA,cpbgf_3003270
rna-gnl|cpbgf|cpbgf_3003290-RA,cpbgf_3003290
rna-gnl|cpbgf|cpbgf_3003300-RA,cpbgf_3003300
rna-gnl|cpbgf|cpbgf_3003310-RA,cpbgf_3003310
rna-cpbgf_3003315,cpbgf_3003315
rna-gnl|cpbgf|cpbgf_3003320-RA,cpbgf_3003320
rna-cpbgf_3003325,cpbgf_3003325
rna-gnl|cpbgf|cpbgf_3003330-RA,cpbgf_3003330
rna-cpbgf_3003335,cpbgf_3003335
rna-cpbgf_3003337,cpbgf_3003337
rna-gnl|cpbgf|cpbgf_3003340-RA,cpbgf_3003340
rna-cpbgf_3003345,cpbgf_3003345
rna-cpbgf_3003347,cpbgf_3003347
rna-gnl|cpbgf|cpbgf_3003350-RA,cpbgf_3003350
rna-cpbgf_3003355,cpbgf_3003355
rna-gnl|cpbgf|cpbgf_3003360-RA,cpbgf_3003360
rna-gnl|cpbgf|cpbgf_3003370-RA,cpbgf_3003370
rna-gnl|cpbgf|cpbgf_3003380-RA,cpbgf_3003380
rna-gnl|cpbgf|cpbgf_3003390-RA,cpbgf_3003390
rna-gnl|cpbgf|cpbgf_3003400-RA,cpbgf_3003400
rna-gnl|cpbgf|cpbgf_3003410-RA,cpbgf_3003410
rna-gnl|cpbgf|cpbgf_3003420-RA,cpbgf_3003420
rna-gnl|cpbgf|cpbgf_3003430-RA,cpbgf_3003430
rna-gnl|cpbgf|cpbgf_3003440-RA,cpbgf_3003440
rna-gnl|cpbgf|cpbgf_3003450-RA,cpbgf_3003450
rna-gnl|cpbgf|cpbgf_3003460-RA,cpbgf_3003460
rna-gnl|cpbgf|cpbgf_3003470-RA,cpbgf_3003470
rna-gnl|cpbgf|cpbgf_3003480-RA,cpbgf_3003480
rna-gnl|cpbgf|cpbgf_3003490-RA,cpbgf_3003490
rna-gnl|cpbgf|cpbgf_3003500-RA,cpbgf_3003500
rna-gnl|cpbgf|cpbgf_3003510-RA,cpbgf_3003510
rna-gnl|cpbgf|cpbgf_3003520-RA,cpbgf_3003520
rna-gnl|cpbgf|cpbgf_3003533-RA,cpbgf_3003533
rna-gnl|cpbgf|cpbgf_3003550-RA,cpbgf_3003550
rna-gnl|cpbgf|cpbgf_3003560-RA,cpbgf_3003560
rna-gnl|cpbgf|cpbgf_3003570-RA,cpbgf_3003570
rna-cpbgf_3003575,cpbgf_3003575
rna-gnl|cpbgf|cpbgf_3003580-RA,cpbgf_3003580
rna-gnl|cpbgf|cpbgf_3003583-RA,cpbgf_3003583
rna-cpbgf_3003585,cpbgf_3003585
rna-gnl|cpbgf|cpbgf_3003590-RA,cpbgf_3003590
rna-gnl|cpbgf|cpbgf_3003600-RA,cpbgf_3003600
rna-gnl|cpbgf|cpbgf_3003610-RA,cpbgf_3003610
rna-cpbgf_3003615,cpbgf_3003615
rna-gnl|cpbgf|cpbgf_3003620-RA,cpbgf_3003620
rna-cpbgf_3003623,cpbgf_3003623
rna-cpbgf_3003625,cpbgf_3003625
rna-gnl|cpbgf|cpbgf_3003630-RA,cpbgf_3003630
rna-gnl|cpbgf|cpbgf_3003640-RA,cpbgf_3003640
rna-gnl|cpbgf|cpbgf_3003650-RA,cpbgf_3003650
rna-cpbgf_3003655,cpbgf_3003655
rna-gnl|cpbgf|cpbgf_3003660-RA,cpbgf_3003660
rna-gnl|cpbgf|cpbgf_3003670-RA,cpbgf_3003670
rna-cpbgf_3003675,cpbgf_3003675
rna-gnl|cpbgf|cpbgf_3003680-RA,cpbgf_3003680
rna-gnl|cpbgf|cpbgf_3003690-RA,cpbgf_3003690
rna-gnl|cpbgf|cpbgf_3003700-RA,cpbgf_3003700
rna-cpbgf_3003705,cpbgf_3003705
rna-gnl|cpbgf|cpbgf_3003710-RA,cpbgf_3003710
rna-gnl|cpbgf|cpbgf_3003720-RA,cpbgf_3003720
rna-gnl|cpbgf|cpbgf_3003730-RA,cpbgf_3003730
rna-gnl|cpbgf|cpbgf_3003740-RA,cpbgf_3003740
rna-cpbgf_3003743,cpbgf_3003743
rna-cpbgf_3003745,cpbgf_3003745
rna-gnl|cpbgf|cpbgf_3003750-RA,cpbgf_3003750
rna-gnl|cpbgf|cpbgf_3003760-RA,cpbgf_3003760
rna-gnl|cpbgf|cpbgf_3003770-RA,cpbgf_3003770
rna-gnl|cpbgf|cpbgf_3003780-RA,cpbgf_3003780
rna-gnl|cpbgf|cpbgf_3003790-RA,cpbgf_3003790
rna-gnl|cpbgf|cpbgf_3003800-RA,cpbgf_3003800
rna-gnl|cpbgf|cpbgf_3003810-RA,cpbgf_3003810
rna-gnl|cpbgf|cpbgf_3003820-RA,cpbgf_3003820
rna-gnl|cpbgf|cpbgf_3003830-RA,cpbgf_3003830
rna-gnl|cpbgf|cpbgf_3003840-RA,cpbgf_3003840
rna-gnl|cpbgf|cpbgf_3003850-RA,cpbgf_3003850
rna-gnl|cpbgf|cpbgf_3003860-RA,cpbgf_3003860
rna-cpbgf_3003865,cpbgf_3003865
rna-gnl|cpbgf|cpbgf_3003870-RA,cpbgf_3003870
rna-gnl|cpbgf|cpbgf_3003880-RA,cpbgf_3003880
rna-cpbgf_3003885,cpbgf_3003885
rna-gnl|cpbgf|cpbgf_3003890-RA,cpbgf_3003890
rna-gnl|cpbgf|cpbgf_3003900-RA,cpbgf_3003900
rna-gnl|cpbgf|cpbgf_3003910-RA,cpbgf_3003910
rna-gnl|cpbgf|cpbgf_3003920-RA,cpbgf_3003920
rna-gnl|cpbgf|cpbgf_3003930-RA,cpbgf_3003930
rna-cpbgf_3003935,cpbgf_3003935
rna-gnl|cpbgf|cpbgf_3003940-RA,cpbgf_3003940
rna-gnl|cpbgf|cpbgf_3003950-RA,cpbgf_3003950
rna-gnl|cpbgf|cpbgf_3003960-RA,cpbgf_3003960
rna-cpbgf_3003965,cpbgf_3003965
rna-gnl|cpbgf|cpbgf_3003970-RA,cpbgf_3003970
rna-gnl|cpbgf|cpbgf_3003980-RA,cpbgf_3003980
rna-gnl|cpbgf|cpbgf_3003990-RA,cpbgf_3003990
rna-gnl|cpbgf|cpbgf_3004000-RA,cpbgf_3004000
rna-gnl|cpbgf|cpbgf_3004010-RA,cpbgf_3004010
rna-gnl|cpbgf|cpbgf_3004020-RA,cpbgf_3004020
rna-gnl|cpbgf|cpbgf_3004030-RA,cpbgf_3004030
rna-cpbgf_3004035,cpbgf_3004035
rna-gnl|cpbgf|cpbgf_3004040-RA,cpbgf_3004040
rna-cpbgf_3004045,cpbgf_3004045
rna-gnl|cpbgf|cpbgf_3004050-RA,cpbgf_3004050
rna-gnl|cpbgf|cpbgf_3004060-RA,cpbgf_3004060
rna-cpbgf_3004065,cpbgf_3004065
rna-gnl|cpbgf|cpbgf_3004070-RA,cpbgf_3004070
rna-gnl|cpbgf|cpbgf_3004080-RA,cpbgf_3004080
rna-cpbgf_3004085,cpbgf_3004085
rna-gnl|cpbgf|cpbgf_3004090-RA,cpbgf_3004090
rna-gnl|cpbgf|cpbgf_3004100-RA,cpbgf_3004100
rna-gnl|cpbgf|cpbgf_3004110-RA,cpbgf_3004110
rna-gnl|cpbgf|cpbgf_3004130-RA,cpbgf_3004130
rna-gnl|cpbgf|cpbgf_3004120-RA,cpbgf_3004120
rna-cpbgf_3004135,cpbgf_3004135
rna-cpbgf_3004137,cpbgf_3004137
rna-gnl|cpbgf|cpbgf_3004140-RA,cpbgf_3004140
rna-gnl|cpbgf|cpbgf_3004150-RA,cpbgf_3004150
rna-cpbgf_3004155,cpbgf_3004155
rna-gnl|cpbgf|cpbgf_3004160-RA,cpbgf_3004160
rna-gnl|cpbgf|cpbgf_3004170-RA,cpbgf_3004170
rna-gnl|cpbgf|cpbgf_3004180-RA,cpbgf_3004180
rna-cpbgf_3004185,cpbgf_3004185
rna-gnl|cpbgf|cpbgf_3004190-RA,cpbgf_3004190
rna-cpbgf_3004195,cpbgf_3004195
rna-gnl|cpbgf|cpbgf_3004200-RA,cpbgf_3004200
rna-gnl|cpbgf|cpbgf_3004210-RA,cpbgf_3004210
rna-cpbgf_3004215,cpbgf_3004215
rna-gnl|cpbgf|cpbgf_3004220-RA,cpbgf_3004220
rna-gnl|cpbgf|cpbgf_3004230-RA,cpbgf_3004230
rna-gnl|cpbgf|cpbgf_3004240-RA,cpbgf_3004240
rna-gnl|cpbgf|cpbgf_3004250-RA,cpbgf_3004250
rna-cpbgf_3004255,cpbgf_3004255
rna-gnl|cpbgf|cpbgf_3004260-RA,cpbgf_3004260
rna-gnl|cpbgf|cpbgf_3004270-RA,cpbgf_3004270
rna-cpbgf_3004273,cpbgf_3004273
rna-cpbgf_3004275,cpbgf_3004275
rna-gnl|cpbgf|cpbgf_3004280-RA,cpbgf_3004280
rna-gnl|cpbgf|cpbgf_3004290-RA,cpbgf_3004290
rna-gnl|cpbgf|cpbgf_3004300-RA,cpbgf_3004300
rna-gnl|cpbgf|cpbgf_3004310-RA,cpbgf_3004310
rna-cpbgf_3004315,cpbgf_3004315
rna-gnl|cpbgf|cpbgf_3004320-RA,cpbgf_3004320
rna-gnl|cpbgf|cpbgf_3004330-RA,cpbgf_3004330
rna-gnl|cpbgf|cpbgf_3004340-RA,cpbgf_3004340
rna-gnl|cpbgf|cpbgf_3004350-RA,cpbgf_3004350
rna-gnl|cpbgf|cpbgf_3004360-RA,cpbgf_3004360
rna-gnl|cpbgf|cpbgf_4004510-RA,cpbgf_4004510
rna-gnl|cpbgf|cpbgf_4004500-RA,cpbgf_4004500
rna-cpbgf_4004495,cpbgf_4004495
rna-gnl|cpbgf|cpbgf_4004490-RA,cpbgf_4004490
rna-gnl|cpbgf|cpbgf_4004480-RA,cpbgf_4004480
rna-gnl|cpbgf|cpbgf_4004470-RA,cpbgf_4004470
rna-gnl|cpbgf|cpbgf_4004460-RA,cpbgf_4004460
rna-cpbgf_4004465,cpbgf_4004465
rna-cpbgf_4004455,cpbgf_4004455
rna-gnl|cpbgf|cpbgf_4004450-RA,cpbgf_4004450
rna-gnl|cpbgf|cpbgf_4004440-RA,cpbgf_4004440
rna-gnl|cpbgf|cpbgf_4004420-RA,cpbgf_4004420
rna-gnl|cpbgf|cpbgf_4004410-RA,cpbgf_4004410
rna-gnl|cpbgf|cpbgf_4004400-RA,cpbgf_4004400
rna-cpbgf_4004395,cpbgf_4004395
rna-gnl|cpbgf|cpbgf_4004390-RA,cpbgf_4004390
rna-gnl|cpbgf|cpbgf_4004380-RA,cpbgf_4004380
rna-cpbgf_4004375,cpbgf_4004375
rna-gnl|cpbgf|cpbgf_4004370-RA,cpbgf_4004370
rna-gnl|cpbgf|cpbgf_4004360-RA,cpbgf_4004360
rna-gnl|cpbgf|cpbgf_4004350-RA,cpbgf_4004350
rna-cpbgf_4004345,cpbgf_4004345
rna-gnl|cpbgf|cpbgf_4004340-RA,cpbgf_4004340
rna-gnl|cpbgf|cpbgf_4004330-RA,cpbgf_4004330
rna-gnl|cpbgf|cpbgf_4004320-RA,cpbgf_4004320
rna-gnl|cpbgf|cpbgf_4004310-RA,cpbgf_4004310
rna-gnl|cpbgf|cpbgf_4004300-RA,cpbgf_4004300
rna-gnl|cpbgf|cpbgf_4004290-RA,cpbgf_4004290
rna-cpbgf_4004275,cpbgf_4004275
rna-gnl|cpbgf|cpbgf_4004280-RA,cpbgf_4004280
rna-gnl|cpbgf|cpbgf_4004270-RA,cpbgf_4004270
rna-gnl|cpbgf|cpbgf_4004260-RA,cpbgf_4004260
rna-cpbgf_4004245,cpbgf_4004245
rna-gnl|cpbgf|cpbgf_4004240-RA,cpbgf_4004240
rna-gnl|cpbgf|cpbgf_4004230-RA,cpbgf_4004230
rna-gnl|cpbgf|cpbgf_4004220-RA,cpbgf_4004220
rna-gnl|cpbgf|cpbgf_4004210-RA,cpbgf_4004210
rna-gnl|cpbgf|cpbgf_4004200-RA,cpbgf_4004200
rna-gnl|cpbgf|cpbgf_4004160-RA,cpbgf_4004160
rna-gnl|cpbgf|cpbgf_4004150-RA,cpbgf_4004150
rna-gnl|cpbgf|cpbgf_4004140-RA,cpbgf_4004140
rna-gnl|cpbgf|cpbgf_4004130-RA,cpbgf_4004130
rna-cpbgf_4004125,cpbgf_4004125
rna-gnl|cpbgf|cpbgf_4004120-RA,cpbgf_4004120
rna-gnl|cpbgf|cpbgf_4004110-RA,cpbgf_4004110
rna-gnl|cpbgf|cpbgf_4004100-RA,cpbgf_4004100
rna-gnl|cpbgf|cpbgf_4004090-RA,cpbgf_4004090
rna-gnl|cpbgf|cpbgf_4004080-RA,cpbgf_4004080
rna-gnl|cpbgf|cpbgf_4004070-RA,cpbgf_4004070
rna-gnl|cpbgf|cpbgf_4004060-RA,cpbgf_4004060
rna-gnl|cpbgf|cpbgf_4004050-RA,cpbgf_4004050
rna-cpbgf_4004045,cpbgf_4004045
rna-gnl|cpbgf|cpbgf_4004040-RA,cpbgf_4004040
rna-gnl|cpbgf|cpbgf_4004030-RA,cpbgf_4004030
rna-gnl|cpbgf|cpbgf_4004020-RA,cpbgf_4004020
rna-cpbgf_4004015,cpbgf_4004015
rna-gnl|cpbgf|cpbgf_4004010-RA,cpbgf_4004010
rna-gnl|cpbgf|cpbgf_4004000-RA,cpbgf_4004000
rna-gnl|cpbgf|cpbgf_4003990-RA,cpbgf_4003990
rna-gnl|cpbgf|cpbgf_4003980-RA,cpbgf_4003980
rna-gnl|cpbgf|cpbgf_4003970-RA,cpbgf_4003970
rna-gnl|cpbgf|cpbgf_4003960-RA,cpbgf_4003960
rna-gnl|cpbgf|cpbgf_4003950-RA,cpbgf_4003950
rna-cpbgf_4003955,cpbgf_4003955
rna-gnl|cpbgf|cpbgf_4003940-RA,cpbgf_4003940
rna-cpbgf_4003935,cpbgf_4003935
rna-gnl|cpbgf|cpbgf_4003930-RA,cpbgf_4003930
rna-gnl|cpbgf|cpbgf_4003920-RA,cpbgf_4003920
rna-gnl|cpbgf|cpbgf_4001535-RA,cpbgf_4001535
rna-gnl|cpbgf|cpbgf_4001537-RA,cpbgf_4001537
rna-gnl|cpbgf|cpbgf_4001540-RA,cpbgf_4001540
rna-cpbgf_4001545,cpbgf_4001545
rna-gnl|cpbgf|cpbgf_4001550-RA,cpbgf_4001550
rna-cpbgf_4001556,cpbgf_4001556
rna-cpbgf_4001555,cpbgf_4001555
rna-gnl|cpbgf|cpbgf_4001560-RA,cpbgf_4001560
rna-gnl|cpbgf|cpbgf_4001570-RA,cpbgf_4001570
rna-cpbgf_4001563,cpbgf_4001563
rna-cpbgf_4001565,cpbgf_4001565
rna-gnl|cpbgf|cpbgf_4001580-RA,cpbgf_4001580
rna-cpbgf_4001585,cpbgf_4001585
rna-gnl|cpbgf|cpbgf_4001590-RA,cpbgf_4001590
rna-gnl|cpbgf|cpbgf_4001600-RA,cpbgf_4001600
rna-gnl|cpbgf|cpbgf_4001610-RA,cpbgf_4001610
rna-gnl|cpbgf|cpbgf_4001620-RA,cpbgf_4001620
rna-cpbgf_4001625,cpbgf_4001625
rna-gnl|cpbgf|cpbgf_4001630-RA,cpbgf_4001630
rna-gnl|cpbgf|cpbgf_4001640-RA,cpbgf_4001640
rna-gnl|cpbgf|cpbgf_4001650-RA,cpbgf_4001650
rna-gnl|cpbgf|cpbgf_4001660-RA,cpbgf_4001660
rna-gnl|cpbgf|cpbgf_4001670-RA,cpbgf_4001670
rna-cpbgf_4001675,cpbgf_4001675
rna-gnl|cpbgf|cpbgf_4001680-RA,cpbgf_4001680
rna-gnl|cpbgf|cpbgf_4001690-RA,cpbgf_4001690
rna-gnl|cpbgf|cpbgf_4001700-RA,cpbgf_4001700
rna-cpbgf_4001695,cpbgf_4001695
rna-gnl|cpbgf|cpbgf_4001710-RA,cpbgf_4001710
rna-gnl|cpbgf|cpbgf_4001730-RA,cpbgf_4001730
rna-gnl|cpbgf|cpbgf_4001735-RA,cpbgf_4001735
rna-gnl|cpbgf|cpbgf_4001740-RA,cpbgf_4001740
rna-gnl|cpbgf|cpbgf_4001750-RA,cpbgf_4001750
rna-gnl|cpbgf|cpbgf_4001760-RA,cpbgf_4001760
rna-gnl|cpbgf|cpbgf_4001770-RA,cpbgf_4001770
rna-gnl|cpbgf|cpbgf_4001780-RA,cpbgf_4001780
rna-gnl|cpbgf|cpbgf_4001790-RA,cpbgf_4001790
rna-gnl|cpbgf|cpbgf_4001800-RA,cpbgf_4001800
rna-gnl|cpbgf|cpbgf_4001810-RA,cpbgf_4001810
rna-gnl|cpbgf|cpbgf_4001820-RA,cpbgf_4001820
rna-gnl|cpbgf|cpbgf_4001830-RA,cpbgf_4001830
rna-gnl|cpbgf|cpbgf_4001840-RA,cpbgf_4001840
rna-gnl|cpbgf|cpbgf_4001850-RA,cpbgf_4001850
rna-gnl|cpbgf|cpbgf_4001860-RA,cpbgf_4001860
rna-cpbgf_4001855,cpbgf_4001855
rna-gnl|cpbgf|cpbgf_4001870-RA,cpbgf_4001870
rna-gnl|cpbgf|cpbgf_4001880-RA,cpbgf_4001880
rna-cpbgf_4001885,cpbgf_4001885
rna-gnl|cpbgf|cpbgf_4001890-RA,cpbgf_4001890
rna-gnl|cpbgf|cpbgf_4001900-RA,cpbgf_4001900
rna-gnl|cpbgf|cpbgf_4001910-RA,cpbgf_4001910
rna-cpbgf_4001915,cpbgf_4001915
rna-gnl|cpbgf|cpbgf_4001920-RA,cpbgf_4001920
rna-cpbgf_4001925,cpbgf_4001925
rna-gnl|cpbgf|cpbgf_4001930-RA,cpbgf_4001930
rna-gnl|cpbgf|cpbgf_4001940-RA,cpbgf_4001940
rna-gnl|cpbgf|cpbgf_4001950-RA,cpbgf_4001950
rna-gnl|cpbgf|cpbgf_4001960-RA,cpbgf_4001960
rna-gnl|cpbgf|cpbgf_4001970-RA,cpbgf_4001970
rna-gnl|cpbgf|cpbgf_4001980-RA,cpbgf_4001980
rna-gnl|cpbgf|cpbgf_4001990-RA,cpbgf_4001990
rna-gnl|cpbgf|cpbgf_4002000-RA,cpbgf_4002000
rna-gnl|cpbgf|cpbgf_4002010-RA,cpbgf_4002010
rna-gnl|cpbgf|cpbgf_4002020-RA,cpbgf_4002020
rna-cpbgf_4002025,cpbgf_4002025
rna-gnl|cpbgf|cpbgf_4002030-RA,cpbgf_4002030
rna-gnl|cpbgf|cpbgf_4002033-RA,cpbgf_4002033
rna-gnl|cpbgf|cpbgf_4002040-RA,cpbgf_4002040
rna-gnl|cpbgf|cpbgf_4002050-RA,cpbgf_4002050
rna-gnl|cpbgf|cpbgf_4002060-RA,cpbgf_4002060
rna-gnl|cpbgf|cpbgf_4002070-RA,cpbgf_4002070
rna-gnl|cpbgf|cpbgf_4002080-RA,cpbgf_4002080
rna-gnl|cpbgf|cpbgf_4002090-RA,cpbgf_4002090
rna-gnl|cpbgf|cpbgf_4002093-RA,cpbgf_4002093
rna-gnl|cpbgf|cpbgf_4002100-RA,cpbgf_4002100
rna-gnl|cpbgf|cpbgf_4002103-RA,cpbgf_4002103
rna-gnl|cpbgf|cpbgf_4002110-RA,cpbgf_4002110
rna-gnl|cpbgf|cpbgf_4002120-RA,cpbgf_4002120
rna-cpbgf_4002135,cpbgf_4002135
rna-gnl|cpbgf|cpbgf_4002130-RA,cpbgf_4002130
rna-gnl|cpbgf|cpbgf_4002140-RA,cpbgf_4002140
rna-gnl|cpbgf|cpbgf_4002150-RA,cpbgf_4002150
rna-cpbgf_4002145,cpbgf_4002145
rna-gnl|cpbgf|cpbgf_4002160-RA,cpbgf_4002160
rna-gnl|cpbgf|cpbgf_4002170-RA,cpbgf_4002170
rna-gnl|cpbgf|cpbgf_4002180-RA,cpbgf_4002180
rna-gnl|cpbgf|cpbgf_4002190-RA,cpbgf_4002190
rna-gnl|cpbgf|cpbgf_4002200-RA,cpbgf_4002200
rna-gnl|cpbgf|cpbgf_4002210-RA,cpbgf_4002210
rna-gnl|cpbgf|cpbgf_4002220-RA,cpbgf_4002220
rna-gnl|cpbgf|cpbgf_4002230-RA,cpbgf_4002230
rna-gnl|cpbgf|cpbgf_4002240-RA,cpbgf_4002240
rna-gnl|cpbgf|cpbgf_4002250-RA,cpbgf_4002250
rna-gnl|cpbgf|cpbgf_4002260-RA,cpbgf_4002260
rna-gnl|cpbgf|cpbgf_4002270-RA,cpbgf_4002270
rna-gnl|cpbgf|cpbgf_4002280-RA,cpbgf_4002280
rna-gnl|cpbgf|cpbgf_4002290-RA,cpbgf_4002290
rna-gnl|cpbgf|cpbgf_4002300-RA,cpbgf_4002300
rna-gnl|cpbgf|cpbgf_4002310-RA,cpbgf_4002310
rna-gnl|cpbgf|cpbgf_4002320-RA,cpbgf_4002320
rna-gnl|cpbgf|cpbgf_4002330-RA,cpbgf_4002330
rna-cpbgf_4002335,cpbgf_4002335
rna-gnl|cpbgf|cpbgf_4002340-RA,cpbgf_4002340
rna-gnl|cpbgf|cpbgf_4002350-RA,cpbgf_4002350
rna-gnl|cpbgf|cpbgf_4002360-RA,cpbgf_4002360
rna-gnl|cpbgf|cpbgf_4002370-RA,cpbgf_4002370
rna-cpbgf_4002365,cpbgf_4002365
rna-gnl|cpbgf|cpbgf_4002380-RA,cpbgf_4002380
rna-cpbgf_4002375,cpbgf_4002375
rna-cpbgf_4002385,cpbgf_4002385
rna-gnl|cpbgf|cpbgf_4002390-RA,cpbgf_4002390
rna-cpbgf_4002405,cpbgf_4002405
rna-gnl|cpbgf|cpbgf_4002400-RA,cpbgf_4002400
rna-gnl|cpbgf|cpbgf_4002410-RA,cpbgf_4002410
rna-gnl|cpbgf|cpbgf_4002420-RA,cpbgf_4002420
rna-cpbgf_4002415,cpbgf_4002415
rna-gnl|cpbgf|cpbgf_4002430-RA,cpbgf_4002430
rna-gnl|cpbgf|cpbgf_4002440-RA,cpbgf_4002440
rna-gnl|cpbgf|cpbgf_4002450-RA,cpbgf_4002450
rna-gnl|cpbgf|cpbgf_4002460-RA,cpbgf_4002460
rna-gnl|cpbgf|cpbgf_4002470-RA,cpbgf_4002470
rna-cpbgf_4002465,cpbgf_4002465
rna-cpbgf_4002475,cpbgf_4002475
rna-gnl|cpbgf|cpbgf_4002480-RA,cpbgf_4002480
rna-gnl|cpbgf|cpbgf_4002490-RA,cpbgf_4002490
rna-gnl|cpbgf|cpbgf_4002500-RA,cpbgf_4002500
rna-gnl|cpbgf|cpbgf_4002510-RA,cpbgf_4002510
rna-gnl|cpbgf|cpbgf_4002520-RA,cpbgf_4002520
rna-cpbgf_4002515,cpbgf_4002515
rna-gnl|cpbgf|cpbgf_4002530-RA,cpbgf_4002530
rna-gnl|cpbgf|cpbgf_4002540-RA,cpbgf_4002540
rna-cpbgf_4002535,cpbgf_4002535
rna-gnl|cpbgf|cpbgf_4002550-RA,cpbgf_4002550
rna-gnl|cpbgf|cpbgf_4002552-RA,cpbgf_4002552
rna-gnl|cpbgf|cpbgf_4002560-RA,cpbgf_4002560
rna-gnl|cpbgf|cpbgf_4002570-RA,cpbgf_4002570
rna-cpbgf_4002573,cpbgf_4002573
rna-gnl|cpbgf|cpbgf_4002580-RA,cpbgf_4002580
rna-cpbgf_4002575,cpbgf_4002575
rna-gnl|cpbgf|cpbgf_4002590-RA,cpbgf_4002590
rna-gnl|cpbgf|cpbgf_4002600-RA,cpbgf_4002600
rna-gnl|cpbgf|cpbgf_4002610-RA,cpbgf_4002610
rna-cpbgf_4002615,cpbgf_4002615
rna-gnl|cpbgf|cpbgf_4002620-RA,cpbgf_4002620
rna-gnl|cpbgf|cpbgf_4002630-RA,cpbgf_4002630
rna-gnl|cpbgf|cpbgf_4002640-RA,cpbgf_4002640
rna-gnl|cpbgf|cpbgf_4002650-RA,cpbgf_4002650
rna-gnl|cpbgf|cpbgf_4002660-RA,cpbgf_4002660
rna-gnl|cpbgf|cpbgf_4002670-RA,cpbgf_4002670
rna-gnl|cpbgf|cpbgf_4002680-RA,cpbgf_4002680
rna-gnl|cpbgf|cpbgf_4002690-RA,cpbgf_4002690
rna-gnl|cpbgf|cpbgf_4002693-RA,cpbgf_4002693
rna-gnl|cpbgf|cpbgf_4002700-RA,cpbgf_4002700
rna-cpbgf_4002705,cpbgf_4002705
rna-gnl|cpbgf|cpbgf_4002710-RA,cpbgf_4002710
rna-gnl|cpbgf|cpbgf_4002720-RA,cpbgf_4002720
rna-gnl|cpbgf|cpbgf_4002730-RA,cpbgf_4002730
rna-gnl|cpbgf|cpbgf_4002740-RA,cpbgf_4002740
rna-gnl|cpbgf|cpbgf_4002750-RA,cpbgf_4002750
rna-gnl|cpbgf|cpbgf_4002760-RA,cpbgf_4002760
rna-gnl|cpbgf|cpbgf_4002770-RA,cpbgf_4002770
rna-gnl|cpbgf|cpbgf_4002780-RA,cpbgf_4002780
rna-gnl|cpbgf|cpbgf_4002790-RA,cpbgf_4002790
rna-gnl|cpbgf|cpbgf_4002800-RA,cpbgf_4002800
rna-gnl|cpbgf|cpbgf_4002810-RA,cpbgf_4002810
rna-gnl|cpbgf|cpbgf_4002820-RA,cpbgf_4002820
rna-gnl|cpbgf|cpbgf_4002830-RA,cpbgf_4002830
rna-gnl|cpbgf|cpbgf_4002840-RA,cpbgf_4002840
rna-gnl|cpbgf|cpbgf_4002850-RA,cpbgf_4002850
rna-cpbgf_4002853,cpbgf_4002853
rna-gnl|cpbgf|cpbgf_4002860-RA,cpbgf_4002860
rna-cpbgf_4002855,cpbgf_4002855
rna-gnl|cpbgf|cpbgf_4002870-RA,cpbgf_4002870
rna-gnl|cpbgf|cpbgf_4002880-RA,cpbgf_4002880
rna-gnl|cpbgf|cpbgf_4002890-RA,cpbgf_4002890
rna-gnl|cpbgf|cpbgf_4002900-RA,cpbgf_4002900
rna-cpbgf_4002895,cpbgf_4002895
rna-gnl|cpbgf|cpbgf_4002910-RA,cpbgf_4002910
rna-gnl|cpbgf|cpbgf_4002920-RA,cpbgf_4002920
rna-gnl|cpbgf|cpbgf_4002930-RA,cpbgf_4002930
rna-cpbgf_4002925,cpbgf_4002925
rna-cpbgf_4002937,cpbgf_4002937
rna-gnl|cpbgf|cpbgf_4002940-RA,cpbgf_4002940
rna-gnl|cpbgf|cpbgf_4002950-RA,cpbgf_4002950
rna-gnl|cpbgf|cpbgf_4002960-RA,cpbgf_4002960
rna-gnl|cpbgf|cpbgf_4002970-RA,cpbgf_4002970
rna-cpbgf_4002973,cpbgf_4002973
rna-cpbgf_4002975,cpbgf_4002975
rna-gnl|cpbgf|cpbgf_4002980-RA,cpbgf_4002980
rna-gnl|cpbgf|cpbgf_4002985-RA,cpbgf_4002985
rna-gnl|cpbgf|cpbgf_4002990-RA,cpbgf_4002990
rna-gnl|cpbgf|cpbgf_4003000-RA,cpbgf_4003000
rna-gnl|cpbgf|cpbgf_4003010-RA,cpbgf_4003010
rna-gnl|cpbgf|cpbgf_4003020-RA,cpbgf_4003020
rna-cpbgf_4003033,cpbgf_4003033
rna-gnl|cpbgf|cpbgf_4003030-RA,cpbgf_4003030
rna-cpbgf_4003035,cpbgf_4003035
rna-gnl|cpbgf|cpbgf_4003040-RA,cpbgf_4003040
rna-gnl|cpbgf|cpbgf_4003050-RA,cpbgf_4003050
rna-gnl|cpbgf|cpbgf_4003060-RA,cpbgf_4003060
rna-gnl|cpbgf|cpbgf_4003070-RA,cpbgf_4003070
rna-cpbgf_4003085,cpbgf_4003085
rna-gnl|cpbgf|cpbgf_4003080-RA,cpbgf_4003080
rna-gnl|cpbgf|cpbgf_4003090-RA,cpbgf_4003090
rna-gnl|cpbgf|cpbgf_4003100-RA,cpbgf_4003100
rna-gnl|cpbgf|cpbgf_4003110-RA,cpbgf_4003110
rna-gnl|cpbgf|cpbgf_4003120-RA,cpbgf_4003120
rna-gnl|cpbgf|cpbgf_4003130-RA,cpbgf_4003130
rna-gnl|cpbgf|cpbgf_4003140-RA,cpbgf_4003140
rna-gnl|cpbgf|cpbgf_4003150-RA,cpbgf_4003150
rna-cpbgf_4003165,cpbgf_4003165
rna-gnl|cpbgf|cpbgf_4003160-RA,cpbgf_4003160
rna-gnl|cpbgf|cpbgf_4003170-RA,cpbgf_4003170
rna-gnl|cpbgf|cpbgf_4003180-RA,cpbgf_4003180
rna-gnl|cpbgf|cpbgf_4003190-RA,cpbgf_4003190
rna-gnl|cpbgf|cpbgf_4003193-RA,cpbgf_4003193
rna-gnl|cpbgf|cpbgf_4003200-RA,cpbgf_4003200
rna-gnl|cpbgf|cpbgf_4003210-RA,cpbgf_4003210
rna-gnl|cpbgf|cpbgf_4003220-RA,cpbgf_4003220
rna-gnl|cpbgf|cpbgf_4003230-RA,cpbgf_4003230
rna-gnl|cpbgf|cpbgf_4003240-RA,cpbgf_4003240
rna-gnl|cpbgf|cpbgf_4003250-RA,cpbgf_4003250
rna-gnl|cpbgf|cpbgf_4003260-RA,cpbgf_4003260
rna-gnl|cpbgf|cpbgf_4003265-RA,cpbgf_4003265
rna-gnl|cpbgf|cpbgf_4003270-RA,cpbgf_4003270
rna-gnl|cpbgf|cpbgf_4003280-RA,cpbgf_4003280
rna-cpbgf_4003287,cpbgf_4003287
rna-gnl|cpbgf|cpbgf_4003285-RA,cpbgf_4003285
rna-gnl|cpbgf|cpbgf_4003290-RA,cpbgf_4003290
rna-gnl|cpbgf|cpbgf_4003300-RA,cpbgf_4003300
rna-gnl|cpbgf|cpbgf_4003310-RA,cpbgf_4003310
rna-gnl|cpbgf|cpbgf_4003313-RA,cpbgf_4003313
rna-gnl|cpbgf|cpbgf_4003320-RA,cpbgf_4003320
rna-gnl|cpbgf|cpbgf_4003330-RA,cpbgf_4003330
rna-cpbgf_4003333,cpbgf_4003333
rna-gnl|cpbgf|cpbgf_4003340-RA,cpbgf_4003340
rna-cpbgf_4003335,cpbgf_4003335
rna-gnl|cpbgf|cpbgf_4003350-RA,cpbgf_4003350
rna-gnl|cpbgf|cpbgf_4003360-RA,cpbgf_4003360
rna-cpbgf_4003365,cpbgf_4003365
rna-gnl|cpbgf|cpbgf_4003370-RA,cpbgf_4003370
rna-gnl|cpbgf|cpbgf_4003380-RA,cpbgf_4003380
rna-gnl|cpbgf|cpbgf_4003390-RA,cpbgf_4003390
rna-gnl|cpbgf|cpbgf_4003400-RA,cpbgf_4003400
rna-gnl|cpbgf|cpbgf_4003410-RA,cpbgf_4003410
rna-gnl|cpbgf|cpbgf_4003420-RA,cpbgf_4003420
rna-gnl|cpbgf|cpbgf_4003430-RA,cpbgf_4003430
rna-gnl|cpbgf|cpbgf_4003440-RA,cpbgf_4003440
rna-gnl|cpbgf|cpbgf_4003450-RA,cpbgf_4003450
rna-gnl|cpbgf|cpbgf_4003460-RA,cpbgf_4003460
rna-cpbgf_4003455,cpbgf_4003455
rna-gnl|cpbgf|cpbgf_4003470-RA,cpbgf_4003470
rna-gnl|cpbgf|cpbgf_4003480-RA,cpbgf_4003480
rna-gnl|cpbgf|cpbgf_4003490-RA,cpbgf_4003490
rna-gnl|cpbgf|cpbgf_4003510-RA,cpbgf_4003510
rna-gnl|cpbgf|cpbgf_4003520-RA,cpbgf_4003520
rna-gnl|cpbgf|cpbgf_4003530-RA,cpbgf_4003530
rna-gnl|cpbgf|cpbgf_4003540-RA,cpbgf_4003540
rna-cpbgf_4003543,cpbgf_4003543
rna-cpbgf_4003545,cpbgf_4003545
rna-gnl|cpbgf|cpbgf_4003550-RA,cpbgf_4003550
rna-gnl|cpbgf|cpbgf_4003560-RA,cpbgf_4003560
rna-gnl|cpbgf|cpbgf_4003570-RA,cpbgf_4003570
rna-gnl|cpbgf|cpbgf_4003580-RA,cpbgf_4003580
rna-cpbgf_4003575,cpbgf_4003575
rna-gnl|cpbgf|cpbgf_4003590-RA,cpbgf_4003590
rna-gnl|cpbgf|cpbgf_4003600-RA,cpbgf_4003600
rna-gnl|cpbgf|cpbgf_4003610-RA,cpbgf_4003610
rna-gnl|cpbgf|cpbgf_4003620-RA,cpbgf_4003620
rna-gnl|cpbgf|cpbgf_4003630-RA,cpbgf_4003630
rna-cpbgf_4003623,cpbgf_4003623
rna-cpbgf_4003625,cpbgf_4003625
rna-gnl|cpbgf|cpbgf_4003640-RA,cpbgf_4003640
rna-cpbgf_4003645,cpbgf_4003645
rna-gnl|cpbgf|cpbgf_4003650-RA,cpbgf_4003650
rna-gnl|cpbgf|cpbgf_4003660-RA,cpbgf_4003660
rna-gnl|cpbgf|cpbgf_4003670-RA,cpbgf_4003670
rna-cpbgf_4003665,cpbgf_4003665
rna-cpbgf_4003675,cpbgf_4003675
rna-gnl|cpbgf|cpbgf_4003680-RA,cpbgf_4003680
rna-gnl|cpbgf|cpbgf_4003690-RA,cpbgf_4003690
rna-gnl|cpbgf|cpbgf_4003700-RA,cpbgf_4003700
rna-gnl|cpbgf|cpbgf_4003710-RA,cpbgf_4003710
rna-cpbgf_4003715,cpbgf_4003715
rna-gnl|cpbgf|cpbgf_4003720-RA,cpbgf_4003720
rna-gnl|cpbgf|cpbgf_4003723-RA,cpbgf_4003723
rna-gnl|cpbgf|cpbgf_4003730-RA,cpbgf_4003730
rna-gnl|cpbgf|cpbgf_4003740-RA,cpbgf_4003740
rna-gnl|cpbgf|cpbgf_4003750-RA,cpbgf_4003750
rna-cpbgf_4003745,cpbgf_4003745
rna-cpbgf_4003755,cpbgf_4003755
rna-gnl|cpbgf|cpbgf_4003760-RA,cpbgf_4003760
rna-gnl|cpbgf|cpbgf_4003770-RA,cpbgf_4003770
rna-gnl|cpbgf|cpbgf_4003780-RA,cpbgf_4003780
rna-gnl|cpbgf|cpbgf_4003790-RA,cpbgf_4003790
rna-gnl|cpbgf|cpbgf_4003800-RA,cpbgf_4003800
rna-cpbgf_4003805,cpbgf_4003805
rna-gnl|cpbgf|cpbgf_4003810-RA,cpbgf_4003810
rna-gnl|cpbgf|cpbgf_4003820-RA,cpbgf_4003820
rna-gnl|cpbgf|cpbgf_4003830-RA,cpbgf_4003830
rna-gnl|cpbgf|cpbgf_4003840-RA,cpbgf_4003840
rna-gnl|cpbgf|cpbgf_4003850-RA,cpbgf_4003850
rna-gnl|cpbgf|cpbgf_4003860-RA,cpbgf_4003860
rna-gnl|cpbgf|cpbgf_4003870-RA,cpbgf_4003870
rna-gnl|cpbgf|cpbgf_4003880-RA,cpbgf_4003880
rna-gnl|cpbgf|cpbgf_4003890-RA,cpbgf_4003890
rna-gnl|cpbgf|cpbgf_4003900-RA,cpbgf_4003900
rna-cpbgf_4003905,cpbgf_4003905
rna-gnl|cpbgf|cpbgf_4003910-RA,cpbgf_4003910
rna-gnl|cpbgf|cpbgf_4001530-RA,cpbgf_4001530
rna-cpbgf_4001525,cpbgf_4001525
rna-gnl|cpbgf|cpbgf_4001520-RA,cpbgf_4001520
rna-gnl|cpbgf|cpbgf_4001513-RA,cpbgf_4001513
rna-cpbgf_4001515,cpbgf_4001515
rna-gnl|cpbgf|cpbgf_4001510-RA,cpbgf_4001510
rna-gnl|cpbgf|cpbgf_4001500-RA,cpbgf_4001500
rna-gnl|cpbgf|cpbgf_4001490-RA,cpbgf_4001490
rna-gnl|cpbgf|cpbgf_4001480-RA,cpbgf_4001480
rna-cpbgf_4001475,cpbgf_4001475
rna-gnl|cpbgf|cpbgf_4001470-RA,cpbgf_4001470
rna-gnl|cpbgf|cpbgf_4001460-RA,cpbgf_4001460
rna-gnl|cpbgf|cpbgf_4001450-RA,cpbgf_4001450
rna-gnl|cpbgf|cpbgf_4001440-RA,cpbgf_4001440
rna-cpbgf_4001445,cpbgf_4001445
rna-gnl|cpbgf|cpbgf_4001430-RA,cpbgf_4001430
rna-gnl|cpbgf|cpbgf_4001420-RA,cpbgf_4001420
rna-gnl|cpbgf|cpbgf_4001410-RA,cpbgf_4001410
rna-gnl|cpbgf|cpbgf_4001400-RA,cpbgf_4001400
rna-cpbgf_4001405,cpbgf_4001405
rna-gnl|cpbgf|cpbgf_4001390-RA,cpbgf_4001390
rna-cpbgf_4001385,cpbgf_4001385
rna-gnl|cpbgf|cpbgf_4001380-RA,cpbgf_4001380
rna-cpbgf_4001375,cpbgf_4001375
rna-gnl|cpbgf|cpbgf_4001370-RA,cpbgf_4001370
rna-gnl|cpbgf|cpbgf_4001360-RA,cpbgf_4001360
rna-gnl|cpbgf|cpbgf_4001350-RA,cpbgf_4001350
rna-gnl|cpbgf|cpbgf_4001340-RA,cpbgf_4001340
rna-gnl|cpbgf|cpbgf_4001330-RA,cpbgf_4001330
rna-gnl|cpbgf|cpbgf_4001320-RA,cpbgf_4001320
rna-gnl|cpbgf|cpbgf_4001310-RA,cpbgf_4001310
rna-gnl|cpbgf|cpbgf_4001290-RA,cpbgf_4001290
rna-gnl|cpbgf|cpbgf_4001280-RA,cpbgf_4001280
rna-cpbgf_4001285,cpbgf_4001285
rna-gnl|cpbgf|cpbgf_4001270-RA,cpbgf_4001270
rna-gnl|cpbgf|cpbgf_4001260-RA,cpbgf_4001260
rna-gnl|cpbgf|cpbgf_4001250-RA,cpbgf_4001250
rna-gnl|cpbgf|cpbgf_4001240-RA,cpbgf_4001240
rna-gnl|cpbgf|cpbgf_4001230-RA,cpbgf_4001230
rna-gnl|cpbgf|cpbgf_4001220-RA,cpbgf_4001220
rna-gnl|cpbgf|cpbgf_4001210-RA,cpbgf_4001210
rna-gnl|cpbgf|cpbgf_4001200-RA,cpbgf_4001200
rna-gnl|cpbgf|cpbgf_4001190-RA,cpbgf_4001190
rna-gnl|cpbgf|cpbgf_4001180-RA,cpbgf_4001180
rna-gnl|cpbgf|cpbgf_4001170-RA,cpbgf_4001170
rna-gnl|cpbgf|cpbgf_4001160-RA,cpbgf_4001160
rna-gnl|cpbgf|cpbgf_4001150-RA,cpbgf_4001150
rna-gnl|cpbgf|cpbgf_4001140-RA,cpbgf_4001140
rna-gnl|cpbgf|cpbgf_4001133-RA,cpbgf_4001133
rna-gnl|cpbgf|cpbgf_4001130-RA,cpbgf_4001130
rna-gnl|cpbgf|cpbgf_4001120-RA,cpbgf_4001120
rna-gnl|cpbgf|cpbgf_4001110-RA,cpbgf_4001110
rna-cpbgf_4001107,cpbgf_4001107
rna-gnl|cpbgf|cpbgf_4001105-RA,cpbgf_4001105
rna-gnl|cpbgf|cpbgf_4001103-RA,cpbgf_4001103
rna-gnl|cpbgf|cpbgf_4001100-RA,cpbgf_4001100
rna-gnl|cpbgf|cpbgf_4001090-RA,cpbgf_4001090
rna-gnl|cpbgf|cpbgf_4001080-RA,cpbgf_4001080
rna-gnl|cpbgf|cpbgf_4001070-RA,cpbgf_4001070
rna-gnl|cpbgf|cpbgf_4001040-RA,cpbgf_4001040
rna-gnl|cpbgf|cpbgf_4001030-RA,cpbgf_4001030
rna-cpbgf_4001035,cpbgf_4001035
rna-gnl|cpbgf|cpbgf_4001020-RA,cpbgf_4001020
rna-gnl|cpbgf|cpbgf_4001010-RA,cpbgf_4001010
rna-gnl|cpbgf|cpbgf_4001000-RA,cpbgf_4001000
rna-gnl|cpbgf|cpbgf_400990-RA,cpbgf_400990
rna-gnl|cpbgf|cpbgf_400980-RA,cpbgf_400980
rna-gnl|cpbgf|cpbgf_400970-RA,cpbgf_400970
rna-gnl|cpbgf|cpbgf_400960-RA,cpbgf_400960
rna-gnl|cpbgf|cpbgf_400950-RA,cpbgf_400950
rna-gnl|cpbgf|cpbgf_400940-RA,cpbgf_400940
rna-cpbgf_400925,cpbgf_400925
rna-gnl|cpbgf|cpbgf_400930-RA,cpbgf_400930
rna-gnl|cpbgf|cpbgf_400920-RA,cpbgf_400920
rna-gnl|cpbgf|cpbgf_400910-RA,cpbgf_400910
rna-cpbgf_400905,cpbgf_400905
rna-gnl|cpbgf|cpbgf_400900-RA,cpbgf_400900
rna-gnl|cpbgf|cpbgf_400890-RA,cpbgf_400890
rna-cpbgf_400887,cpbgf_400887
rna-gnl|cpbgf|cpbgf_400880-RA,cpbgf_400880
rna-cpbgf_400885,cpbgf_400885
rna-gnl|cpbgf|cpbgf_400870-RA,cpbgf_400870
rna-cpbgf_400875,cpbgf_400875
rna-gnl|cpbgf|cpbgf_400860-RA,cpbgf_400860
rna-gnl|cpbgf|cpbgf_400850-RA,cpbgf_400850
rna-gnl|cpbgf|cpbgf_400840-RA,cpbgf_400840
rna-cpbgf_400835,cpbgf_400835
rna-gnl|cpbgf|cpbgf_400830-RA,cpbgf_400830
rna-gnl|cpbgf|cpbgf_400820-RA,cpbgf_400820
rna-cpbgf_400815,cpbgf_400815
rna-gnl|cpbgf|cpbgf_400810-RA,cpbgf_400810
rna-cpbgf_400805,cpbgf_400805
rna-gnl|cpbgf|cpbgf_400800-RA,cpbgf_400800
rna-gnl|cpbgf|cpbgf_400790-RA,cpbgf_400790
rna-gnl|cpbgf|cpbgf_400780-RA,cpbgf_400780
rna-gnl|cpbgf|cpbgf_400770-RA,cpbgf_400770
rna-gnl|cpbgf|cpbgf_400760-RA,cpbgf_400760
rna-cpbgf_400755,cpbgf_400755
rna-gnl|cpbgf|cpbgf_400750-RA,cpbgf_400750
rna-gnl|cpbgf|cpbgf_400745-RA,cpbgf_400745
rna-gnl|cpbgf|cpbgf_400743-RA,cpbgf_400743
rna-gnl|cpbgf|cpbgf_400740-RA,cpbgf_400740
rna-gnl|cpbgf|cpbgf_400730-RA,cpbgf_400730
rna-gnl|cpbgf|cpbgf_400720-RA,cpbgf_400720
rna-cpbgf_400715,cpbgf_400715
rna-gnl|cpbgf|cpbgf_400710-RA,cpbgf_400710
rna-gnl|cpbgf|cpbgf_400700-RA,cpbgf_400700
rna-gnl|cpbgf|cpbgf_400690-RA,cpbgf_400690
rna-gnl|cpbgf|cpbgf_400680-RA,cpbgf_400680
rna-cpbgf_400665,cpbgf_400665
rna-gnl|cpbgf|cpbgf_400670-RA,cpbgf_400670
rna-gnl|cpbgf|cpbgf_400660-RA,cpbgf_400660
rna-gnl|cpbgf|cpbgf_400650-RA,cpbgf_400650
rna-gnl|cpbgf|cpbgf_400640-RA,cpbgf_400640
rna-cpbgf_400645,cpbgf_400645
rna-gnl|cpbgf|cpbgf_400630-RA,cpbgf_400630
rna-gnl|cpbgf|cpbgf_400620-RA,cpbgf_400620
rna-gnl|cpbgf|cpbgf_400610-RA,cpbgf_400610
rna-gnl|cpbgf|cpbgf_400600-RA,cpbgf_400600
rna-gnl|cpbgf|cpbgf_400590-RA,cpbgf_400590
rna-cpbgf_400585,cpbgf_400585
rna-gnl|cpbgf|cpbgf_400580-RA,cpbgf_400580
rna-gnl|cpbgf|cpbgf_400570-RA,cpbgf_400570
rna-cpbgf_400565,cpbgf_400565
rna-gnl|cpbgf|cpbgf_400560-RA,cpbgf_400560
rna-gnl|cpbgf|cpbgf_400550-RA,cpbgf_400550
rna-gnl|cpbgf|cpbgf_400540-RA,cpbgf_400540
rna-gnl|cpbgf|cpbgf_400530-RA,cpbgf_400530
rna-gnl|cpbgf|cpbgf_400520-RA,cpbgf_400520
rna-cpbgf_400515,cpbgf_400515
rna-gnl|cpbgf|cpbgf_400510-RA,cpbgf_400510
rna-cpbgf_400505,cpbgf_400505
rna-gnl|cpbgf|cpbgf_400500-RA,cpbgf_400500
rna-gnl|cpbgf|cpbgf_400490-RA,cpbgf_400490
rna-gnl|cpbgf|cpbgf_400480-RA,cpbgf_400480
rna-cpbgf_400485,cpbgf_400485
rna-gnl|cpbgf|cpbgf_400470-RA,cpbgf_400470
rna-gnl|cpbgf|cpbgf_400460-RA,cpbgf_400460
rna-gnl|cpbgf|cpbgf_400450-RA,cpbgf_400450
rna-cpbgf_400455,cpbgf_400455
rna-cpbgf_400453,cpbgf_400453
rna-gnl|cpbgf|cpbgf_400440-RA,cpbgf_400440
rna-gnl|cpbgf|cpbgf_400430-RA,cpbgf_400430
rna-gnl|cpbgf|cpbgf_400420-RA,cpbgf_400420
rna-gnl|cpbgf|cpbgf_400410-RA,cpbgf_400410
rna-cpbgf_400405,cpbgf_400405
rna-cpbgf_400403,cpbgf_400403
rna-gnl|cpbgf|cpbgf_400400-RA,cpbgf_400400
rna-gnl|cpbgf|cpbgf_400390-RA,cpbgf_400390
rna-cpbgf_400385,cpbgf_400385
rna-gnl|cpbgf|cpbgf_400380-RA,cpbgf_400380
rna-cpbgf_400375,cpbgf_400375
rna-gnl|cpbgf|cpbgf_400370-RA,cpbgf_400370
rna-gnl|cpbgf|cpbgf_400360-RA,cpbgf_400360
rna-cpbgf_400355,cpbgf_400355
rna-gnl|cpbgf|cpbgf_400350-RA,cpbgf_400350
rna-cpbgf_400345,cpbgf_400345
rna-gnl|cpbgf|cpbgf_400340-RA,cpbgf_400340
rna-gnl|cpbgf|cpbgf_400330-RA,cpbgf_400330
rna-gnl|cpbgf|cpbgf_400320-RA,cpbgf_400320
rna-gnl|cpbgf|cpbgf_400310-RA,cpbgf_400310
rna-gnl|cpbgf|cpbgf_400300-RA,cpbgf_400300
rna-gnl|cpbgf|cpbgf_400290-RA,cpbgf_400290
rna-cpbgf_400285,cpbgf_400285
rna-gnl|cpbgf|cpbgf_400280-RA,cpbgf_400280
rna-gnl|cpbgf|cpbgf_400270-RA,cpbgf_400270
rna-gnl|cpbgf|cpbgf_400260-RA,cpbgf_400260
rna-cpbgf_400265,cpbgf_400265
rna-cpbgf_400255,cpbgf_400255
rna-gnl|cpbgf|cpbgf_400250-RA,cpbgf_400250
rna-gnl|cpbgf|cpbgf_400243-RA,cpbgf_400243
rna-gnl|cpbgf|cpbgf_400240-RA,cpbgf_400240
rna-gnl|cpbgf|cpbgf_400230-RA,cpbgf_400230
rna-gnl|cpbgf|cpbgf_400220-RA,cpbgf_400220
rna-gnl|cpbgf|cpbgf_400210-RA,cpbgf_400210
rna-gnl|cpbgf|cpbgf_400200-RA,cpbgf_400200
rna-gnl|cpbgf|cpbgf_400190-RA,cpbgf_400190
rna-gnl|cpbgf|cpbgf_400180-RA,cpbgf_400180
rna-gnl|cpbgf|cpbgf_400170-RA,cpbgf_400170
rna-gnl|cpbgf|cpbgf_400160-RA,cpbgf_400160
rna-cpbgf_400165,cpbgf_400165
rna-gnl|cpbgf|cpbgf_400150-RA,cpbgf_400150
rna-gnl|cpbgf|cpbgf_400140-RA,cpbgf_400140
rna-gnl|cpbgf|cpbgf_400130-RA,cpbgf_400130
rna-gnl|cpbgf|cpbgf_400120-RA,cpbgf_400120
rna-gnl|cpbgf|cpbgf_400115-RA,cpbgf_400115
rna-gnl|cpbgf|cpbgf_400110-RA,cpbgf_400110
rna-gnl|cpbgf|cpbgf_400100-RA,cpbgf_400100
rna-gnl|cpbgf|cpbgf_40090-RA,cpbgf_40090
rna-gnl|cpbgf|cpbgf_40080-RA,cpbgf_40080
rna-gnl|cpbgf|cpbgf_40070-RA,cpbgf_40070
rna-gnl|cpbgf|cpbgf_40060-RA,cpbgf_40060
rna-gnl|cpbgf|cpbgf_40050-RA,cpbgf_40050
rna-gnl|cpbgf|cpbgf_40040-RA,cpbgf_40040
rna-cpbgf_40033,cpbgf_40033
rna-gnl|cpbgf|cpbgf_40035-RA,cpbgf_40035
rna-gnl|cpbgf|cpbgf_40030-RA,cpbgf_40030
rna-gnl|cpbgf|cpbgf_40023-RA,cpbgf_40023
rna-gnl|cpbgf|cpbgf_40020-RA,cpbgf_40020
rna-cpbgf_40015,cpbgf_40015
rna-gnl|cpbgf|cpbgf_40010-RA,cpbgf_40010
rna-gnl|cpbgf|cpbgf_5005500-RA,cpbgf_5005500
rna-gnl|cpbgf|cpbgf_5005490-RA,cpbgf_5005490
rna-gnl|cpbgf|cpbgf_5005480-RA,cpbgf_5005480
rna-gnl|cpbgf|cpbgf_5005470-RA,cpbgf_5005470
rna-gnl|cpbgf|cpbgf_5005460-RA,cpbgf_5005460
rna-cpbgf_5005455,cpbgf_5005455
rna-cpbgf_5005,cpbgf_5005
rna-gnl|cpbgf|cpbgf_50010-RA,cpbgf_50010
rna-cpbgf_50015,cpbgf_50015
rna-gnl|cpbgf|cpbgf_50020-RA,cpbgf_50020
rna-gnl|cpbgf|cpbgf_50040-RA,cpbgf_50040
rna-cpbgf_50043,cpbgf_50043
rna-cpbgf_50045,cpbgf_50045
rna-gnl|cpbgf|cpbgf_50050-RA,cpbgf_50050
rna-gnl|cpbgf|cpbgf_50060-RA,cpbgf_50060
rna-gnl|cpbgf|cpbgf_50070-RA,cpbgf_50070
rna-gnl|cpbgf|cpbgf_50080-RA,cpbgf_50080
rna-cpbgf_50085,cpbgf_50085
rna-gnl|cpbgf|cpbgf_50090-RA,cpbgf_50090
rna-gnl|cpbgf|cpbgf_500100-RA,cpbgf_500100
rna-cpbgf_500105,cpbgf_500105
rna-gnl|cpbgf|cpbgf_500110-RA,cpbgf_500110
rna-gnl|cpbgf|cpbgf_500120-RA,cpbgf_500120
rna-gnl|cpbgf|cpbgf_500130-RA,cpbgf_500130
rna-gnl|cpbgf|cpbgf_500140-RA,cpbgf_500140
rna-gnl|cpbgf|cpbgf_500150-RA,cpbgf_500150
rna-cpbgf_500155,cpbgf_500155
rna-gnl|cpbgf|cpbgf_500160-RA,cpbgf_500160
rna-gnl|cpbgf|cpbgf_500170-RA,cpbgf_500170
rna-gnl|cpbgf|cpbgf_500180-RA,cpbgf_500180
rna-gnl|cpbgf|cpbgf_500190-RA,cpbgf_500190
rna-gnl|cpbgf|cpbgf_500200-RA,cpbgf_500200
rna-gnl|cpbgf|cpbgf_500210-RA,cpbgf_500210
rna-gnl|cpbgf|cpbgf_500220-RA,cpbgf_500220
rna-gnl|cpbgf|cpbgf_500230-RA,cpbgf_500230
rna-gnl|cpbgf|cpbgf_500240-RA,cpbgf_500240
rna-cpbgf_500245,cpbgf_500245
rna-gnl|cpbgf|cpbgf_500250-RA,cpbgf_500250
rna-gnl|cpbgf|cpbgf_500253-RA,cpbgf_500253
rna-gnl|cpbgf|cpbgf_500270-RA,cpbgf_500270
rna-gnl|cpbgf|cpbgf_500280-RA,cpbgf_500280
rna-gnl|cpbgf|cpbgf_500310-RA,cpbgf_500310
rna-gnl|cpbgf|cpbgf_500320-RA,cpbgf_500320
rna-gnl|cpbgf|cpbgf_500330-RA,cpbgf_500330
rna-gnl|cpbgf|cpbgf_500340-RA,cpbgf_500340
rna-gnl|cpbgf|cpbgf_500350-RA,cpbgf_500350
rna-cpbgf_500353,cpbgf_500353
rna-cpbgf_500355,cpbgf_500355
rna-cpbgf_500357,cpbgf_500357
rna-gnl|cpbgf|cpbgf_500360-RA,cpbgf_500360
rna-gnl|cpbgf|cpbgf_500370-RA,cpbgf_500370
rna-gnl|cpbgf|cpbgf_500380-RA,cpbgf_500380
rna-gnl|cpbgf|cpbgf_500390-RA,cpbgf_500390
rna-cpbgf_500395,cpbgf_500395
rna-gnl|cpbgf|cpbgf_500400-RA,cpbgf_500400
rna-gnl|cpbgf|cpbgf_500410-RA,cpbgf_500410
rna-gnl|cpbgf|cpbgf_500420-RA,cpbgf_500420
rna-gnl|cpbgf|cpbgf_500430-RA,cpbgf_500430
rna-gnl|cpbgf|cpbgf_500440-RA,cpbgf_500440
rna-cpbgf_500445,cpbgf_500445
rna-cpbgf_500447,cpbgf_500447
rna-gnl|cpbgf|cpbgf_500450-RA,cpbgf_500450
rna-gnl|cpbgf|cpbgf_500460-RA,cpbgf_500460
rna-gnl|cpbgf|cpbgf_500466-RA,cpbgf_500466
rna-gnl|cpbgf|cpbgf_500470-RA,cpbgf_500470
rna-gnl|cpbgf|cpbgf_500480-RA,cpbgf_500480
rna-gnl|cpbgf|cpbgf_500490-RA,cpbgf_500490
rna-gnl|cpbgf|cpbgf_500500-RA,cpbgf_500500
rna-gnl|cpbgf|cpbgf_500510-RA,cpbgf_500510
rna-gnl|cpbgf|cpbgf_500520-RA,cpbgf_500520
rna-cpbgf_500525,cpbgf_500525
rna-gnl|cpbgf|cpbgf_500530-RA,cpbgf_500530
rna-gnl|cpbgf|cpbgf_500540-RA,cpbgf_500540
rna-gnl|cpbgf|cpbgf_500550-RA,cpbgf_500550
rna-gnl|cpbgf|cpbgf_500560-RA,cpbgf_500560
rna-gnl|cpbgf|cpbgf_500570-RA,cpbgf_500570
rna-gnl|cpbgf|cpbgf_500580-RA,cpbgf_500580
rna-gnl|cpbgf|cpbgf_500600-RA,cpbgf_500600
rna-gnl|cpbgf|cpbgf_500610-RA,cpbgf_500610
rna-cpbgf_500615,cpbgf_500615
rna-gnl|cpbgf|cpbgf_500620-RA,cpbgf_500620
rna-gnl|cpbgf|cpbgf_500630-RA,cpbgf_500630
rna-gnl|cpbgf|cpbgf_500640-RA,cpbgf_500640
rna-gnl|cpbgf|cpbgf_500650-RA,cpbgf_500650
rna-gnl|cpbgf|cpbgf_500660-RA,cpbgf_500660
rna-gnl|cpbgf|cpbgf_500670-RA,cpbgf_500670
rna-cpbgf_500675,cpbgf_500675
rna-gnl|cpbgf|cpbgf_500680-RA,cpbgf_500680
rna-gnl|cpbgf|cpbgf_500690-RA,cpbgf_500690
rna-gnl|cpbgf|cpbgf_500700-RA,cpbgf_500700
rna-cpbgf_500705,cpbgf_500705
rna-gnl|cpbgf|cpbgf_500710-RA,cpbgf_500710
rna-gnl|cpbgf|cpbgf_500720-RA,cpbgf_500720
rna-cpbgf_500725,cpbgf_500725
rna-gnl|cpbgf|cpbgf_500730-RA,cpbgf_500730
rna-gnl|cpbgf|cpbgf_500740-RA,cpbgf_500740
rna-gnl|cpbgf|cpbgf_500743-RA,cpbgf_500743
rna-gnl|cpbgf|cpbgf_500750-RA,cpbgf_500750
rna-gnl|cpbgf|cpbgf_500770-RA,cpbgf_500770
rna-cpbgf_500775,cpbgf_500775
rna-gnl|cpbgf|cpbgf_500780-RA,cpbgf_500780
rna-gnl|cpbgf|cpbgf_500783-RA,cpbgf_500783
rna-gnl|cpbgf|cpbgf_500790-RA,cpbgf_500790
rna-gnl|cpbgf|cpbgf_500800-RA,cpbgf_500800
rna-cpbgf_500805,cpbgf_500805
rna-gnl|cpbgf|cpbgf_500810-RA,cpbgf_500810
rna-gnl|cpbgf|cpbgf_500820-RA,cpbgf_500820
rna-cpbgf_500825,cpbgf_500825
rna-gnl|cpbgf|cpbgf_500830-RA,cpbgf_500830
rna-gnl|cpbgf|cpbgf_500840-RA,cpbgf_500840
rna-cpbgf_500845,cpbgf_500845
rna-gnl|cpbgf|cpbgf_500850-RA,cpbgf_500850
rna-gnl|cpbgf|cpbgf_500860-RA,cpbgf_500860
rna-cpbgf_500865,cpbgf_500865
rna-gnl|cpbgf|cpbgf_500870-RA,cpbgf_500870
rna-gnl|cpbgf|cpbgf_500880-RA,cpbgf_500880
rna-gnl|cpbgf|cpbgf_500886-RA,cpbgf_500886
rna-gnl|cpbgf|cpbgf_500890-RA,cpbgf_500890
rna-cpbgf_500895,cpbgf_500895
rna-gnl|cpbgf|cpbgf_500900-RA,cpbgf_500900
rna-gnl|cpbgf|cpbgf_500910-RA,cpbgf_500910
rna-gnl|cpbgf|cpbgf_500920-RA,cpbgf_500920
rna-gnl|cpbgf|cpbgf_500923-RA,cpbgf_500923
rna-gnl|cpbgf|cpbgf_500930-RA,cpbgf_500930
rna-gnl|cpbgf|cpbgf_500940-RA,cpbgf_500940
rna-gnl|cpbgf|cpbgf_500950-RA,cpbgf_500950
rna-gnl|cpbgf|cpbgf_500960-RA,cpbgf_500960
rna-cpbgf_500965,cpbgf_500965
rna-gnl|cpbgf|cpbgf_500970-RA,cpbgf_500970
rna-gnl|cpbgf|cpbgf_500990-RA,cpbgf_500990
rna-gnl|cpbgf|cpbgf_5001000-RA,cpbgf_5001000
rna-gnl|cpbgf|cpbgf_5001005-RA,cpbgf_5001005
rna-gnl|cpbgf|cpbgf_5001020-RA,cpbgf_5001020
rna-gnl|cpbgf|cpbgf_5001010-RA,cpbgf_5001010
rna-gnl|cpbgf|cpbgf_5001030-RA,cpbgf_5001030
rna-gnl|cpbgf|cpbgf_5001060-RA,cpbgf_5001060
rna-gnl|cpbgf|cpbgf_5001040-RA,cpbgf_5001040
rna-cpbgf_5001075,cpbgf_5001075
rna-gnl|cpbgf|cpbgf_5001080-RA,cpbgf_5001080
rna-cpbgf_5001083,cpbgf_5001083
rna-gnl|cpbgf|cpbgf_5001084-RA,cpbgf_5001084
rna-cpbgf_5001085,cpbgf_5001085
rna-cpbgf_5001087,cpbgf_5001087
rna-gnl|cpbgf|cpbgf_5001090-RA,cpbgf_5001090
rna-gnl|cpbgf|cpbgf_5001100-RA,cpbgf_5001100
rna-gnl|cpbgf|cpbgf_5001110-RA,cpbgf_5001110
rna-gnl|cpbgf|cpbgf_5001120-RA,cpbgf_5001120
rna-gnl|cpbgf|cpbgf_5001130-RA,cpbgf_5001130
rna-gnl|cpbgf|cpbgf_5001140-RA,cpbgf_5001140
rna-gnl|cpbgf|cpbgf_5001150-RA,cpbgf_5001150
rna-gnl|cpbgf|cpbgf_5001160-RA,cpbgf_5001160
rna-gnl|cpbgf|cpbgf_5001170-RA,cpbgf_5001170
rna-gnl|cpbgf|cpbgf_5001180-RA,cpbgf_5001180
rna-cpbgf_5001185,cpbgf_5001185
rna-gnl|cpbgf|cpbgf_5001190-RA,cpbgf_5001190
rna-gnl|cpbgf|cpbgf_5001200-RA,cpbgf_5001200
rna-gnl|cpbgf|cpbgf_5001210-RA,cpbgf_5001210
rna-gnl|cpbgf|cpbgf_5001220-RA,cpbgf_5001220
rna-gnl|cpbgf|cpbgf_5001230-RA,cpbgf_5001230
rna-gnl|cpbgf|cpbgf_5001240-RA,cpbgf_5001240
rna-gnl|cpbgf|cpbgf_5001250-RA,cpbgf_5001250
rna-gnl|cpbgf|cpbgf_5001260-RA,cpbgf_5001260
rna-gnl|cpbgf|cpbgf_5001270-RA,cpbgf_5001270
rna-gnl|cpbgf|cpbgf_5001280-RA,cpbgf_5001280
rna-gnl|cpbgf|cpbgf_5001290-RA,cpbgf_5001290
rna-cpbgf_5001295,cpbgf_5001295
rna-gnl|cpbgf|cpbgf_5001310-RA,cpbgf_5001310
rna-cpbgf_5001315,cpbgf_5001315
rna-gnl|cpbgf|cpbgf_5001320-RA,cpbgf_5001320
rna-gnl|cpbgf|cpbgf_5001330-RA,cpbgf_5001330
rna-gnl|cpbgf|cpbgf_5001350-RA,cpbgf_5001350
rna-gnl|cpbgf|cpbgf_5001360-RA,cpbgf_5001360
rna-gnl|cpbgf|cpbgf_5001363-RA,cpbgf_5001363
rna-gnl|cpbgf|cpbgf_5001370-RA,cpbgf_5001370
rna-gnl|cpbgf|cpbgf_5001380-RA,cpbgf_5001380
rna-gnl|cpbgf|cpbgf_5001390-RA,cpbgf_5001390
rna-gnl|cpbgf|cpbgf_5001400-RA,cpbgf_5001400
rna-gnl|cpbgf|cpbgf_5001410-RA,cpbgf_5001410
rna-gnl|cpbgf|cpbgf_5001423-RA,cpbgf_5001423
rna-gnl|cpbgf|cpbgf_5001440-RA,cpbgf_5001440
rna-gnl|cpbgf|cpbgf_5001450-RA,cpbgf_5001450
rna-gnl|cpbgf|cpbgf_5001460-RA,cpbgf_5001460
rna-gnl|cpbgf|cpbgf_5001470-RA,cpbgf_5001470
rna-gnl|cpbgf|cpbgf_5001480-RA,cpbgf_5001480
rna-gnl|cpbgf|cpbgf_5001490-RA,cpbgf_5001490
rna-gnl|cpbgf|cpbgf_5001500-RA,cpbgf_5001500
rna-gnl|cpbgf|cpbgf_5001510-RA,cpbgf_5001510
rna-gnl|cpbgf|cpbgf_5001520-RA,cpbgf_5001520
rna-gnl|cpbgf|cpbgf_5001530-RA,cpbgf_5001530
rna-gnl|cpbgf|cpbgf_5001540-RA,cpbgf_5001540
rna-gnl|cpbgf|cpbgf_5001550-RA,cpbgf_5001550
rna-gnl|cpbgf|cpbgf_5001560-RA,cpbgf_5001560
rna-gnl|cpbgf|cpbgf_5001570-RA,cpbgf_5001570
rna-gnl|cpbgf|cpbgf_5001580-RA,cpbgf_5001580
rna-cpbgf_5001585,cpbgf_5001585
rna-gnl|cpbgf|cpbgf_5001590-RA,cpbgf_5001590
rna-gnl|cpbgf|cpbgf_5001600-RA,cpbgf_5001600
rna-gnl|cpbgf|cpbgf_5001610-RA,cpbgf_5001610
rna-gnl|cpbgf|cpbgf_5001620-RA,cpbgf_5001620
rna-cpbgf_5001625,cpbgf_5001625
rna-gnl|cpbgf|cpbgf_5001630-RA,cpbgf_5001630
rna-gnl|cpbgf|cpbgf_5001640-RA,cpbgf_5001640
rna-gnl|cpbgf|cpbgf_5001660-RA,cpbgf_5001660
rna-gnl|cpbgf|cpbgf_5001663-RA,cpbgf_5001663
rna-cpbgf_5001665,cpbgf_5001665
rna-gnl|cpbgf|cpbgf_5001670-RA,cpbgf_5001670
rna-gnl|cpbgf|cpbgf_5001680-RA,cpbgf_5001680
rna-gnl|cpbgf|cpbgf_5001690-RA,cpbgf_5001690
rna-gnl|cpbgf|cpbgf_5001700-RA,cpbgf_5001700
rna-gnl|cpbgf|cpbgf_5001710-RA,cpbgf_5001710
rna-gnl|cpbgf|cpbgf_5001720-RA,cpbgf_5001720
rna-gnl|cpbgf|cpbgf_5001730-RA,cpbgf_5001730
rna-gnl|cpbgf|cpbgf_5001740-RA,cpbgf_5001740
rna-gnl|cpbgf|cpbgf_5001750-RA,cpbgf_5001750
rna-gnl|cpbgf|cpbgf_5001760-RA,cpbgf_5001760
rna-gnl|cpbgf|cpbgf_5001770-RA,cpbgf_5001770
rna-cpbgf_5001775,cpbgf_5001775
rna-gnl|cpbgf|cpbgf_5001780-RA,cpbgf_5001780
rna-gnl|cpbgf|cpbgf_5001790-RA,cpbgf_5001790
rna-cpbgf_5001795,cpbgf_5001795
rna-gnl|cpbgf|cpbgf_5001800-RA,cpbgf_5001800
rna-gnl|cpbgf|cpbgf_5001810-RA,cpbgf_5001810
rna-gnl|cpbgf|cpbgf_5001820-RA,cpbgf_5001820
rna-gnl|cpbgf|cpbgf_5001823-RA,cpbgf_5001823
rna-gnl|cpbgf|cpbgf_5001830-RA,cpbgf_5001830
rna-gnl|cpbgf|cpbgf_5001840-RA,cpbgf_5001840
rna-cpbgf_5001845,cpbgf_5001845
rna-gnl|cpbgf|cpbgf_5001850-RA,cpbgf_5001850
rna-gnl|cpbgf|cpbgf_5001870-RA,cpbgf_5001870
rna-gnl|cpbgf|cpbgf_5001880-RA,cpbgf_5001880
rna-gnl|cpbgf|cpbgf_5001890-RA,cpbgf_5001890
rna-gnl|cpbgf|cpbgf_5001900-RA,cpbgf_5001900
rna-gnl|cpbgf|cpbgf_5001910-RA,cpbgf_5001910
rna-gnl|cpbgf|cpbgf_5001920-RA,cpbgf_5001920
rna-cpbgf_5001925,cpbgf_5001925
rna-gnl|cpbgf|cpbgf_5001930-RA,cpbgf_5001930
rna-gnl|cpbgf|cpbgf_5001940-RA,cpbgf_5001940
rna-gnl|cpbgf|cpbgf_5001950-RA,cpbgf_5001950
rna-gnl|cpbgf|cpbgf_5001960-RA,cpbgf_5001960
rna-cpbgf_5001965,cpbgf_5001965
rna-gnl|cpbgf|cpbgf_5001970-RA,cpbgf_5001970
rna-gnl|cpbgf|cpbgf_5001990-RA,cpbgf_5001990
rna-gnl|cpbgf|cpbgf_5001993-RA,cpbgf_5001993
rna-gnl|cpbgf|cpbgf_5002000-RA,cpbgf_5002000
rna-cpbgf_5002005,cpbgf_5002005
rna-gnl|cpbgf|cpbgf_5002010-RA,cpbgf_5002010
rna-gnl|cpbgf|cpbgf_5002020-RA,cpbgf_5002020
rna-gnl|cpbgf|cpbgf_5002030-RA,cpbgf_5002030
rna-gnl|cpbgf|cpbgf_5002040-RA,cpbgf_5002040
rna-gnl|cpbgf|cpbgf_5002050-RA,cpbgf_5002050
rna-gnl|cpbgf|cpbgf_5002060-RA,cpbgf_5002060
rna-cpbgf_5002063,cpbgf_5002063
rna-cpbgf_5002065,cpbgf_5002065
rna-gnl|cpbgf|cpbgf_5002070-RA,cpbgf_5002070
rna-gnl|cpbgf|cpbgf_5002080-RA,cpbgf_5002080
rna-gnl|cpbgf|cpbgf_5002090-RA,cpbgf_5002090
rna-gnl|cpbgf|cpbgf_5002100-RA,cpbgf_5002100
rna-gnl|cpbgf|cpbgf_5002110-RA,cpbgf_5002110
rna-gnl|cpbgf|cpbgf_5002120-RA,cpbgf_5002120
rna-gnl|cpbgf|cpbgf_5002130-RA,cpbgf_5002130
rna-cpbgf_5002135,cpbgf_5002135
rna-gnl|cpbgf|cpbgf_5002140-RA,cpbgf_5002140
rna-gnl|cpbgf|cpbgf_5002150-RA,cpbgf_5002150
rna-gnl|cpbgf|cpbgf_5002160-RA,cpbgf_5002160
rna-cpbgf_5002165,cpbgf_5002165
rna-gnl|cpbgf|cpbgf_5002170-RA,cpbgf_5002170
rna-gnl|cpbgf|cpbgf_5002176-RA,cpbgf_5002176
rna-gnl|cpbgf|cpbgf_5002180-RA,cpbgf_5002180
rna-gnl|cpbgf|cpbgf_5002190-RA,cpbgf_5002190
rna-cpbgf_5002195,cpbgf_5002195
rna-gnl|cpbgf|cpbgf_5002200-RA,cpbgf_5002200
rna-cpbgf_5002205,cpbgf_5002205
rna-gnl|cpbgf|cpbgf_5002210-RA,cpbgf_5002210
rna-gnl|cpbgf|cpbgf_5002220-RA,cpbgf_5002220
rna-gnl|cpbgf|cpbgf_5002230-RA,cpbgf_5002230
rna-gnl|cpbgf|cpbgf_5002240-RA,cpbgf_5002240
rna-gnl|cpbgf|cpbgf_5002250-RA,cpbgf_5002250
rna-gnl|cpbgf|cpbgf_5002260-RA,cpbgf_5002260
rna-cpbgf_5002265,cpbgf_5002265
rna-gnl|cpbgf|cpbgf_5002270-RA,cpbgf_5002270
rna-gnl|cpbgf|cpbgf_5002280-RA,cpbgf_5002280
rna-gnl|cpbgf|cpbgf_5002290-RA,cpbgf_5002290
rna-gnl|cpbgf|cpbgf_5002300-RA,cpbgf_5002300
rna-gnl|cpbgf|cpbgf_5002310-RA,cpbgf_5002310
rna-cpbgf_5002313,cpbgf_5002313
rna-cpbgf_5002315,cpbgf_5002315
rna-cpbgf_5002317,cpbgf_5002317
rna-gnl|cpbgf|cpbgf_5002320-RA,cpbgf_5002320
rna-gnl|cpbgf|cpbgf_5002330-RA,cpbgf_5002330
rna-gnl|cpbgf|cpbgf_5002343-RA,cpbgf_5002343
rna-gnl|cpbgf|cpbgf_5002346-RA,cpbgf_5002346
rna-gnl|cpbgf|cpbgf_5002350-RA,cpbgf_5002350
rna-cpbgf_5002355,cpbgf_5002355
rna-gnl|cpbgf|cpbgf_5002360-RA,cpbgf_5002360
rna-gnl|cpbgf|cpbgf_5002370-RA,cpbgf_5002370
rna-cpbgf_5002375,cpbgf_5002375
rna-gnl|cpbgf|cpbgf_5002380-RA,cpbgf_5002380
rna-gnl|cpbgf|cpbgf_5002390-RA,cpbgf_5002390
rna-gnl|cpbgf|cpbgf_5002410-RA,cpbgf_5002410
rna-gnl|cpbgf|cpbgf_5002420-RA,cpbgf_5002420
rna-gnl|cpbgf|cpbgf_5002430-RA,cpbgf_5002430
rna-gnl|cpbgf|cpbgf_5002440-RA,cpbgf_5002440
rna-gnl|cpbgf|cpbgf_5002450-RA,cpbgf_5002450
rna-gnl|cpbgf|cpbgf_5002460-RA,cpbgf_5002460
rna-gnl|cpbgf|cpbgf_5002470-RA,cpbgf_5002470
rna-gnl|cpbgf|cpbgf_5002473-RA,cpbgf_5002473
rna-gnl|cpbgf|cpbgf_5002480-RA,cpbgf_5002480
rna-gnl|cpbgf|cpbgf_5002490-RA,cpbgf_5002490
rna-gnl|cpbgf|cpbgf_5002500-RA,cpbgf_5002500
rna-gnl|cpbgf|cpbgf_5002510-RA,cpbgf_5002510
rna-gnl|cpbgf|cpbgf_5002520-RA,cpbgf_5002520
rna-gnl|cpbgf|cpbgf_5002530-RA,cpbgf_5002530
rna-cpbgf_5002533,cpbgf_5002533
rna-cpbgf_5002535,cpbgf_5002535
rna-gnl|cpbgf|cpbgf_5002540-RA,cpbgf_5002540
rna-gnl|cpbgf|cpbgf_5002550-RA,cpbgf_5002550
rna-cpbgf_5002555,cpbgf_5002555
rna-gnl|cpbgf|cpbgf_5002560-RA,cpbgf_5002560
rna-gnl|cpbgf|cpbgf_5002570-RA,cpbgf_5002570
rna-gnl|cpbgf|cpbgf_5002580-RA,cpbgf_5002580
rna-cpbgf_5002585,cpbgf_5002585
rna-gnl|cpbgf|cpbgf_5002590-RA,cpbgf_5002590
rna-cpbgf_5002595,cpbgf_5002595
rna-gnl|cpbgf|cpbgf_5002600-RA,cpbgf_5002600
rna-gnl|cpbgf|cpbgf_5002610-RA,cpbgf_5002610
rna-gnl|cpbgf|cpbgf_5002620-RA,cpbgf_5002620
rna-gnl|cpbgf|cpbgf_5002630-RA,cpbgf_5002630
rna-cpbgf_5002635,cpbgf_5002635
rna-gnl|cpbgf|cpbgf_5002640-RA,cpbgf_5002640
rna-gnl|cpbgf|cpbgf_5002650-RA,cpbgf_5002650
rna-gnl|cpbgf|cpbgf_5002660-RA,cpbgf_5002660
rna-cpbgf_5002665,cpbgf_5002665
rna-gnl|cpbgf|cpbgf_5002670-RA,cpbgf_5002670
rna-gnl|cpbgf|cpbgf_5002680-RA,cpbgf_5002680
rna-gnl|cpbgf|cpbgf_5002690-RA,cpbgf_5002690
rna-gnl|cpbgf|cpbgf_5002700-RA,cpbgf_5002700
rna-gnl|cpbgf|cpbgf_5002710-RA,cpbgf_5002710
rna-gnl|cpbgf|cpbgf_5002720-RA,cpbgf_5002720
rna-cpbgf_5002725,cpbgf_5002725
rna-gnl|cpbgf|cpbgf_5002730-RA,cpbgf_5002730
rna-gnl|cpbgf|cpbgf_5002740-RA,cpbgf_5002740
rna-gnl|cpbgf|cpbgf_5002750-RA,cpbgf_5002750
rna-gnl|cpbgf|cpbgf_5002760-RA,cpbgf_5002760
rna-gnl|cpbgf|cpbgf_5002770-RA,cpbgf_5002770
rna-gnl|cpbgf|cpbgf_5002780-RA,cpbgf_5002780
rna-gnl|cpbgf|cpbgf_5002790-RA,cpbgf_5002790
rna-gnl|cpbgf|cpbgf_5002800-RA,cpbgf_5002800
rna-cpbgf_5002805,cpbgf_5002805
rna-gnl|cpbgf|cpbgf_5002810-RA,cpbgf_5002810
rna-gnl|cpbgf|cpbgf_5002820-RA,cpbgf_5002820
rna-gnl|cpbgf|cpbgf_5002830-RA,cpbgf_5002830
rna-gnl|cpbgf|cpbgf_5002840-RA,cpbgf_5002840
rna-gnl|cpbgf|cpbgf_5002843-RA,cpbgf_5002843
rna-gnl|cpbgf|cpbgf_5002850-RA,cpbgf_5002850
rna-gnl|cpbgf|cpbgf_5002860-RA,cpbgf_5002860
rna-gnl|cpbgf|cpbgf_5002870-RA,cpbgf_5002870
rna-gnl|cpbgf|cpbgf_5002880-RA,cpbgf_5002880
rna-cpbgf_5002885,cpbgf_5002885
rna-gnl|cpbgf|cpbgf_5002890-RA,cpbgf_5002890
rna-gnl|cpbgf|cpbgf_5002900-RA,cpbgf_5002900
rna-gnl|cpbgf|cpbgf_5002910-RA,cpbgf_5002910
rna-gnl|cpbgf|cpbgf_5002920-RA,cpbgf_5002920
rna-cpbgf_5002925,cpbgf_5002925
rna-gnl|cpbgf|cpbgf_5002930-RA,cpbgf_5002930
rna-gnl|cpbgf|cpbgf_5002940-RA,cpbgf_5002940
rna-gnl|cpbgf|cpbgf_5002950-RA,cpbgf_5002950
rna-gnl|cpbgf|cpbgf_5002963-RA,cpbgf_5002963
rna-cpbgf_5002965,cpbgf_5002965
rna-cpbgf_5002966,cpbgf_5002966
rna-cpbgf_5002967,cpbgf_5002967
rna-gnl|cpbgf|cpbgf_5002990-RA,cpbgf_5002990
rna-gnl|cpbgf|cpbgf_5003000-RA,cpbgf_5003000
rna-gnl|cpbgf|cpbgf_5003010-RA,cpbgf_5003010
rna-gnl|cpbgf|cpbgf_5003020-RA,cpbgf_5003020
rna-gnl|cpbgf|cpbgf_5003030-RA,cpbgf_5003030
rna-gnl|cpbgf|cpbgf_5003040-RA,cpbgf_5003040
rna-gnl|cpbgf|cpbgf_5003050-RA,cpbgf_5003050
rna-gnl|cpbgf|cpbgf_5003060-RA,cpbgf_5003060
rna-gnl|cpbgf|cpbgf_5003073-RA,cpbgf_5003073
rna-gnl|cpbgf|cpbgf_5003090-RA,cpbgf_5003090
rna-gnl|cpbgf|cpbgf_5003100-RA,cpbgf_5003100
rna-cpbgf_5003105,cpbgf_5003105
rna-gnl|cpbgf|cpbgf_5004500-RA,cpbgf_5004500
rna-gnl|cpbgf|cpbgf_5004490-RA,cpbgf_5004490
rna-gnl|cpbgf|cpbgf_5004480-RA,cpbgf_5004480
rna-cpbgf_5004470,cpbgf_5004470
rna-gnl|cpbgf|cpbgf_5004460-RA,cpbgf_5004460
rna-gnl|cpbgf|cpbgf_5004450-RA,cpbgf_5004450
rna-cpbgf_5004445,cpbgf_5004445
rna-gnl|cpbgf|cpbgf_5004440-RA,cpbgf_5004440
rna-gnl|cpbgf|cpbgf_5004430-RA,cpbgf_5004430
rna-gnl|cpbgf|cpbgf_5004420-RA,cpbgf_5004420
rna-gnl|cpbgf|cpbgf_5004410-RA,cpbgf_5004410
rna-gnl|cpbgf|cpbgf_5004400-RA,cpbgf_5004400
rna-gnl|cpbgf|cpbgf_5004390-RA,cpbgf_5004390
rna-gnl|cpbgf|cpbgf_5004380-RA,cpbgf_5004380
rna-gnl|cpbgf|cpbgf_5004370-RA,cpbgf_5004370
rna-gnl|cpbgf|cpbgf_5004360-RA,cpbgf_5004360
rna-cpbgf_5004355,cpbgf_5004355
rna-cpbgf_5004353,cpbgf_5004353
rna-gnl|cpbgf|cpbgf_5004350-RA,cpbgf_5004350
rna-gnl|cpbgf|cpbgf_5004340-RA,cpbgf_5004340
rna-gnl|cpbgf|cpbgf_5004330-RA,cpbgf_5004330
rna-gnl|cpbgf|cpbgf_5004320-RA,cpbgf_5004320
rna-gnl|cpbgf|cpbgf_5004310-RA,cpbgf_5004310
rna-gnl|cpbgf|cpbgf_5004300-RA,cpbgf_5004300
rna-gnl|cpbgf|cpbgf_5004290-RA,cpbgf_5004290
rna-gnl|cpbgf|cpbgf_5004280-RA,cpbgf_5004280
rna-gnl|cpbgf|cpbgf_5004270-RA,cpbgf_5004270
rna-gnl|cpbgf|cpbgf_5004260-RA,cpbgf_5004260
rna-gnl|cpbgf|cpbgf_5004250-RA,cpbgf_5004250
rna-gnl|cpbgf|cpbgf_5004240-RA,cpbgf_5004240
rna-gnl|cpbgf|cpbgf_5004230-RA,cpbgf_5004230
rna-cpbgf_5004227,cpbgf_5004227
rna-cpbgf_5004225,cpbgf_5004225
rna-gnl|cpbgf|cpbgf_5004220-RA,cpbgf_5004220
rna-gnl|cpbgf|cpbgf_5004210-RA,cpbgf_5004210
rna-gnl|cpbgf|cpbgf_5004200-RA,cpbgf_5004200
rna-gnl|cpbgf|cpbgf_5004190-RA,cpbgf_5004190
rna-gnl|cpbgf|cpbgf_5004180-RA,cpbgf_5004180
rna-gnl|cpbgf|cpbgf_5004176-RA,cpbgf_5004176
rna-gnl|cpbgf|cpbgf_5004173-RA,cpbgf_5004173
rna-gnl|cpbgf|cpbgf_5004170-RA,cpbgf_5004170
rna-gnl|cpbgf|cpbgf_5004150-RA,cpbgf_5004150
rna-gnl|cpbgf|cpbgf_5004140-RA,cpbgf_5004140
rna-gnl|cpbgf|cpbgf_5004130-RA,cpbgf_5004130
rna-gnl|cpbgf|cpbgf_5004120-RA,cpbgf_5004120
rna-gnl|cpbgf|cpbgf_5004110-RA,cpbgf_5004110
rna-gnl|cpbgf|cpbgf_5004100-RA,cpbgf_5004100
rna-gnl|cpbgf|cpbgf_5004090-RA,cpbgf_5004090
rna-cpbgf_5004085,cpbgf_5004085
rna-gnl|cpbgf|cpbgf_5004080-RA,cpbgf_5004080
rna-gnl|cpbgf|cpbgf_5004070-RA,cpbgf_5004070
rna-gnl|cpbgf|cpbgf_5004060-RA,cpbgf_5004060
rna-cpbgf_5004055,cpbgf_5004055
rna-gnl|cpbgf|cpbgf_5004050-RA,cpbgf_5004050
rna-gnl|cpbgf|cpbgf_5004040-RA,cpbgf_5004040
rna-gnl|cpbgf|cpbgf_5004030-RA,cpbgf_5004030
rna-gnl|cpbgf|cpbgf_5004020-RA,cpbgf_5004020
rna-gnl|cpbgf|cpbgf_5004000-RA,cpbgf_5004000
rna-gnl|cpbgf|cpbgf_5003990-RA,cpbgf_5003990
rna-gnl|cpbgf|cpbgf_5003980-RA,cpbgf_5003980
rna-gnl|cpbgf|cpbgf_5003963-RA,cpbgf_5003963
rna-cpbgf_5003975,cpbgf_5003975
rna-cpbgf_5003973,cpbgf_5003973
rna-gnl|cpbgf|cpbgf_5003970-RA,cpbgf_5003970
rna-gnl|cpbgf|cpbgf_5003960-RA,cpbgf_5003960
rna-gnl|cpbgf|cpbgf_5003950-RA,cpbgf_5003950
rna-gnl|cpbgf|cpbgf_5003940-RA,cpbgf_5003940
rna-cpbgf_5003935,cpbgf_5003935
rna-gnl|cpbgf|cpbgf_5003930-RA,cpbgf_5003930
rna-gnl|cpbgf|cpbgf_5003920-RA,cpbgf_5003920
rna-gnl|cpbgf|cpbgf_5003910-RA,cpbgf_5003910
rna-gnl|cpbgf|cpbgf_5003900-RA,cpbgf_5003900
rna-gnl|cpbgf|cpbgf_5003890-RA,cpbgf_5003890
rna-gnl|cpbgf|cpbgf_5003880-RA,cpbgf_5003880
rna-gnl|cpbgf|cpbgf_5003860-RA,cpbgf_5003860
rna-gnl|cpbgf|cpbgf_5003850-RA,cpbgf_5003850
rna-gnl|cpbgf|cpbgf_5003836-RA,cpbgf_5003836
rna-gnl|cpbgf|cpbgf_5003840-RA,cpbgf_5003840
rna-gnl|cpbgf|cpbgf_5003830-RA,cpbgf_5003830
rna-gnl|cpbgf|cpbgf_5003823-RA,cpbgf_5003823
rna-gnl|cpbgf|cpbgf_5003820-RA,cpbgf_5003820
rna-gnl|cpbgf|cpbgf_5003810-RA,cpbgf_5003810
rna-gnl|cpbgf|cpbgf_5003800-RA,cpbgf_5003800
rna-gnl|cpbgf|cpbgf_5003790-RA,cpbgf_5003790
rna-cpbgf_5003785,cpbgf_5003785
rna-gnl|cpbgf|cpbgf_5003780-RA,cpbgf_5003780
rna-gnl|cpbgf|cpbgf_5003770-RA,cpbgf_5003770
rna-cpbgf_5003765,cpbgf_5003765
rna-gnl|cpbgf|cpbgf_5003760-RA,cpbgf_5003760
rna-gnl|cpbgf|cpbgf_5003750-RA,cpbgf_5003750
rna-gnl|cpbgf|cpbgf_5003740-RA,cpbgf_5003740
rna-gnl|cpbgf|cpbgf_5003730-RA,cpbgf_5003730
rna-gnl|cpbgf|cpbgf_5003720-RA,cpbgf_5003720
rna-gnl|cpbgf|cpbgf_5003710-RA,cpbgf_5003710
rna-gnl|cpbgf|cpbgf_5003700-RA,cpbgf_5003700
rna-gnl|cpbgf|cpbgf_5003690-RA,cpbgf_5003690
rna-gnl|cpbgf|cpbgf_5003680-RA,cpbgf_5003680
rna-gnl|cpbgf|cpbgf_5003670-RA,cpbgf_5003670
rna-gnl|cpbgf|cpbgf_5003660-RA,cpbgf_5003660
rna-gnl|cpbgf|cpbgf_5003650-RA,cpbgf_5003650
rna-gnl|cpbgf|cpbgf_5003640-RA,cpbgf_5003640
rna-gnl|cpbgf|cpbgf_5003630-RA,cpbgf_5003630
rna-gnl|cpbgf|cpbgf_5003620-RA,cpbgf_5003620
rna-gnl|cpbgf|cpbgf_5003610-RA,cpbgf_5003610
rna-gnl|cpbgf|cpbgf_5005510-RA,cpbgf_5005510
rna-gnl|cpbgf|cpbgf_5005520-RA,cpbgf_5005520
rna-gnl|cpbgf|cpbgf_5005530-RA,cpbgf_5005530
rna-gnl|cpbgf|cpbgf_5005540-RA,cpbgf_5005540
rna-gnl|cpbgf|cpbgf_5003110-RA,cpbgf_5003110
rna-cpbgf_5003113,cpbgf_5003113
rna-cpbgf_5003115,cpbgf_5003115
rna-gnl|cpbgf|cpbgf_5003120-RA,cpbgf_5003120
rna-gnl|cpbgf|cpbgf_5003130-RA,cpbgf_5003130
rna-cpbgf_5003135,cpbgf_5003135
rna-gnl|cpbgf|cpbgf_5003140-RA,cpbgf_5003140
rna-cpbgf_5003145,cpbgf_5003145
rna-gnl|cpbgf|cpbgf_5003160-RA,cpbgf_5003160
rna-gnl|cpbgf|cpbgf_5003170-RA,cpbgf_5003170
rna-gnl|cpbgf|cpbgf_5003190-RA,cpbgf_5003190
rna-gnl|cpbgf|cpbgf_5003200-RA,cpbgf_5003200
rna-gnl|cpbgf|cpbgf_5003210-RA,cpbgf_5003210
rna-gnl|cpbgf|cpbgf_5003220-RA,cpbgf_5003220
rna-gnl|cpbgf|cpbgf_5003230-RA,cpbgf_5003230
rna-cpbgf_5003235,cpbgf_5003235
rna-gnl|cpbgf|cpbgf_5003260-RA,cpbgf_5003260
rna-gnl|cpbgf|cpbgf_5003270-RA,cpbgf_5003270
rna-gnl|cpbgf|cpbgf_5003280-RA,cpbgf_5003280
rna-gnl|cpbgf|cpbgf_5003290-RA,cpbgf_5003290
rna-gnl|cpbgf|cpbgf_5003294-RA,cpbgf_5003294
rna-gnl|cpbgf|cpbgf_5003296-RA,cpbgf_5003296
rna-cpbgf_5003297,cpbgf_5003297
rna-gnl|cpbgf|cpbgf_5003300-RA,cpbgf_5003300
rna-gnl|cpbgf|cpbgf_5003310-RA,cpbgf_5003310
rna-gnl|cpbgf|cpbgf_5003320-RA,cpbgf_5003320
rna-gnl|cpbgf|cpbgf_5003330-RA,cpbgf_5003330
rna-gnl|cpbgf|cpbgf_5003340-RA,cpbgf_5003340
rna-gnl|cpbgf|cpbgf_5003350-RA,cpbgf_5003350
rna-cpbgf_5003355,cpbgf_5003355
rna-gnl|cpbgf|cpbgf_5003360-RA,cpbgf_5003360
rna-gnl|cpbgf|cpbgf_5003370-RA,cpbgf_5003370
rna-gnl|cpbgf|cpbgf_5003380-RA,cpbgf_5003380
rna-gnl|cpbgf|cpbgf_5003390-RA,cpbgf_5003390
rna-gnl|cpbgf|cpbgf_5003400-RA,cpbgf_5003400
rna-gnl|cpbgf|cpbgf_5003410-RA,cpbgf_5003410
rna-cpbgf_5003415,cpbgf_5003415
rna-gnl|cpbgf|cpbgf_5003420-RA,cpbgf_5003420
rna-gnl|cpbgf|cpbgf_5003430-RA,cpbgf_5003430
rna-gnl|cpbgf|cpbgf_5003440-RA,cpbgf_5003440
rna-gnl|cpbgf|cpbgf_5003450-RA,cpbgf_5003450
rna-cpbgf_5003455,cpbgf_5003455
rna-gnl|cpbgf|cpbgf_5003460-RA,cpbgf_5003460
rna-gnl|cpbgf|cpbgf_5003470-RA,cpbgf_5003470
rna-gnl|cpbgf|cpbgf_5003480-RA,cpbgf_5003480
rna-gnl|cpbgf|cpbgf_5003490-RA,cpbgf_5003490
rna-gnl|cpbgf|cpbgf_5003500-RA,cpbgf_5003500
rna-gnl|cpbgf|cpbgf_5003510-RA,cpbgf_5003510
rna-gnl|cpbgf|cpbgf_5003520-RA,cpbgf_5003520
rna-gnl|cpbgf|cpbgf_5003530-RA,cpbgf_5003530
rna-gnl|cpbgf|cpbgf_5003533-RA,cpbgf_5003533
rna-gnl|cpbgf|cpbgf_5003540-RA,cpbgf_5003540
rna-gnl|cpbgf|cpbgf_5003550-RA,cpbgf_5003550
rna-gnl|cpbgf|cpbgf_5003560-RA,cpbgf_5003560
rna-gnl|cpbgf|cpbgf_5003570-RA,cpbgf_5003570
rna-cpbgf_5003575,cpbgf_5003575
rna-gnl|cpbgf|cpbgf_5003580-RA,cpbgf_5003580
rna-gnl|cpbgf|cpbgf_5003590-RA,cpbgf_5003590
rna-gnl|cpbgf|cpbgf_5003600-RA,cpbgf_5003600
rna-cpbgf_5003601,cpbgf_5003601
rna-gnl|cpbgf|cpbgf_5003603-RA,cpbgf_5003603
rna-cpbgf_6003,cpbgf_6003
rna-cpbgf_6005,cpbgf_6005
rna-gnl|cpbgf|cpbgf_60010-RA,cpbgf_60010
rna-cpbgf_60015,cpbgf_60015
rna-gnl|cpbgf|cpbgf_60020-RA,cpbgf_60020
rna-cpbgf_60025,cpbgf_60025
rna-gnl|cpbgf|cpbgf_60030-RA,cpbgf_60030
rna-gnl|cpbgf|cpbgf_60040-RA,cpbgf_60040
rna-cpbgf_60045,cpbgf_60045
rna-gnl|cpbgf|cpbgf_60050-RA,cpbgf_60050
rna-gnl|cpbgf|cpbgf_60060-RA,cpbgf_60060
rna-cpbgf_60065,cpbgf_60065
rna-gnl|cpbgf|cpbgf_60070-RA,cpbgf_60070
rna-cpbgf_60075,cpbgf_60075
rna-gnl|cpbgf|cpbgf_60080-RA,cpbgf_60080
rna-gnl|cpbgf|cpbgf_60090-RA,cpbgf_60090
rna-gnl|cpbgf|cpbgf_600100-RA,cpbgf_600100
rna-gnl|cpbgf|cpbgf_600110-RA,cpbgf_600110
rna-gnl|cpbgf|cpbgf_600120-RA,cpbgf_600120
rna-cpbgf_600125,cpbgf_600125
rna-gnl|cpbgf|cpbgf_600130-RA,cpbgf_600130
rna-gnl|cpbgf|cpbgf_600140-RA,cpbgf_600140
rna-gnl|cpbgf|cpbgf_600150-RA,cpbgf_600150
rna-cpbgf_600155,cpbgf_600155
rna-gnl|cpbgf|cpbgf_600160-RA,cpbgf_600160
rna-gnl|cpbgf|cpbgf_600170-RA,cpbgf_600170
rna-gnl|cpbgf|cpbgf_600180-RA,cpbgf_600180
rna-gnl|cpbgf|cpbgf_600190-RA,cpbgf_600190
rna-gnl|cpbgf|cpbgf_600200-RA,cpbgf_600200
rna-gnl|cpbgf|cpbgf_600210-RA,cpbgf_600210
rna-gnl|cpbgf|cpbgf_600220-RA,cpbgf_600220
rna-gnl|cpbgf|cpbgf_600230-RA,cpbgf_600230
rna-gnl|cpbgf|cpbgf_600240-RA,cpbgf_600240
rna-gnl|cpbgf|cpbgf_600250-RA,cpbgf_600250
rna-gnl|cpbgf|cpbgf_600260-RA,cpbgf_600260
rna-gnl|cpbgf|cpbgf_600273-RA,cpbgf_600273
rna-gnl|cpbgf|cpbgf_600290-RA,cpbgf_600290
rna-gnl|cpbgf|cpbgf_600300-RA,cpbgf_600300
rna-gnl|cpbgf|cpbgf_600310-RA,cpbgf_600310
rna-cpbgf_600311,cpbgf_600311
rna-gnl|cpbgf|cpbgf_600313-RA,cpbgf_600313
rna-gnl|cpbgf|cpbgf_600320-RA,cpbgf_600320
rna-gnl|cpbgf|cpbgf_600330-RA,cpbgf_600330
rna-cpbgf_600335,cpbgf_600335
rna-gnl|cpbgf|cpbgf_600340-RA,cpbgf_600340
rna-gnl|cpbgf|cpbgf_600360-RA,cpbgf_600360
rna-gnl|cpbgf|cpbgf_600380-RA,cpbgf_600380
rna-gnl|cpbgf|cpbgf_600390-RA,cpbgf_600390
rna-gnl|cpbgf|cpbgf_600400-RA,cpbgf_600400
rna-gnl|cpbgf|cpbgf_600410-RA,cpbgf_600410
rna-gnl|cpbgf|cpbgf_600420-RA,cpbgf_600420
rna-gnl|cpbgf|cpbgf_600430-RA,cpbgf_600430
rna-cpbgf_600435,cpbgf_600435
rna-gnl|cpbgf|cpbgf_600440-RA,cpbgf_600440
rna-gnl|cpbgf|cpbgf_600460-RA,cpbgf_600460
rna-gnl|cpbgf|cpbgf_600470-RA,cpbgf_600470
rna-cpbgf_600475,cpbgf_600475
rna-gnl|cpbgf|cpbgf_600480-RA,cpbgf_600480
rna-gnl|cpbgf|cpbgf_600490-RA,cpbgf_600490
rna-gnl|cpbgf|cpbgf_600500-RA,cpbgf_600500
rna-gnl|cpbgf|cpbgf_600510-RA,cpbgf_600510
rna-cpbgf_600515,cpbgf_600515
rna-gnl|cpbgf|cpbgf_600520-RA,cpbgf_600520
rna-gnl|cpbgf|cpbgf_600530-RA,cpbgf_600530
rna-gnl|cpbgf|cpbgf_600540-RA,cpbgf_600540
rna-gnl|cpbgf|cpbgf_600550-RA,cpbgf_600550
rna-gnl|cpbgf|cpbgf_600560-RA,cpbgf_600560
rna-gnl|cpbgf|cpbgf_600570-RA,cpbgf_600570
rna-gnl|cpbgf|cpbgf_600580-RA,cpbgf_600580
rna-gnl|cpbgf|cpbgf_600590-RA,cpbgf_600590
rna-gnl|cpbgf|cpbgf_600600-RA,cpbgf_600600
rna-gnl|cpbgf|cpbgf_600610-RA,cpbgf_600610
rna-cpbgf_600615,cpbgf_600615
rna-gnl|cpbgf|cpbgf_600620-RA,cpbgf_600620
rna-cpbgf_600625,cpbgf_600625
rna-gnl|cpbgf|cpbgf_600630-RA,cpbgf_600630
rna-gnl|cpbgf|cpbgf_600640-RA,cpbgf_600640
rna-gnl|cpbgf|cpbgf_600650-RA,cpbgf_600650
rna-gnl|cpbgf|cpbgf_600660-RA,cpbgf_600660
rna-gnl|cpbgf|cpbgf_600670-RA,cpbgf_600670
rna-gnl|cpbgf|cpbgf_600680-RA,cpbgf_600680
rna-cpbgf_600685,cpbgf_600685
rna-gnl|cpbgf|cpbgf_600690-RA,cpbgf_600690
rna-gnl|cpbgf|cpbgf_600700-RA,cpbgf_600700
rna-gnl|cpbgf|cpbgf_600710-RA,cpbgf_600710
rna-gnl|cpbgf|cpbgf_600720-RA,cpbgf_600720
rna-cpbgf_600725,cpbgf_600725
rna-gnl|cpbgf|cpbgf_600730-RA,cpbgf_600730
rna-gnl|cpbgf|cpbgf_600740-RA,cpbgf_600740
rna-gnl|cpbgf|cpbgf_600750-RA,cpbgf_600750
rna-gnl|cpbgf|cpbgf_600760-RA,cpbgf_600760
rna-gnl|cpbgf|cpbgf_600763-RA,cpbgf_600763
rna-gnl|cpbgf|cpbgf_600770-RA,cpbgf_600770
rna-cpbgf_600775,cpbgf_600775
rna-gnl|cpbgf|cpbgf_600780-RA,cpbgf_600780
rna-cpbgf_600783,cpbgf_600783
rna-cpbgf_600785,cpbgf_600785
rna-cpbgf_600787,cpbgf_600787
rna-gnl|cpbgf|cpbgf_600800-RA,cpbgf_600800
rna-gnl|cpbgf|cpbgf_600810-RA,cpbgf_600810
rna-gnl|cpbgf|cpbgf_600820-RA,cpbgf_600820
rna-gnl|cpbgf|cpbgf_600830-RA,cpbgf_600830
rna-gnl|cpbgf|cpbgf_600840-RA,cpbgf_600840
rna-cpbgf_600845,cpbgf_600845
rna-gnl|cpbgf|cpbgf_600850-RA,cpbgf_600850
rna-cpbgf_600855,cpbgf_600855
rna-gnl|cpbgf|cpbgf_600860-RA,cpbgf_600860
rna-cpbgf_600865,cpbgf_600865
rna-gnl|cpbgf|cpbgf_600870-RA,cpbgf_600870
rna-cpbgf_600871,cpbgf_600871
rna-cpbgf_600872,cpbgf_600872
rna-cpbgf_600873,cpbgf_600873
rna-cpbgf_600874,cpbgf_600874
rna-cpbgf_600875,cpbgf_600875
rna-cpbgf_600876,cpbgf_600876
rna-gnl|cpbgf|cpbgf_600880-RA,cpbgf_600880
rna-cpbgf_600885,cpbgf_600885
rna-gnl|cpbgf|cpbgf_600890-RA,cpbgf_600890
rna-gnl|cpbgf|cpbgf_600900-RA,cpbgf_600900
rna-gnl|cpbgf|cpbgf_600910-RA,cpbgf_600910
rna-gnl|cpbgf|cpbgf_600920-RA,cpbgf_600920
rna-gnl|cpbgf|cpbgf_600930-RA,cpbgf_600930
rna-gnl|cpbgf|cpbgf_600940-RA,cpbgf_600940
rna-gnl|cpbgf|cpbgf_600950-RA,cpbgf_600950
rna-cpbgf_600955,cpbgf_600955
rna-gnl|cpbgf|cpbgf_600960-RA,cpbgf_600960
rna-cpbgf_600965,cpbgf_600965
rna-gnl|cpbgf|cpbgf_600970-RA,cpbgf_600970
rna-gnl|cpbgf|cpbgf_600980-RA,cpbgf_600980
rna-gnl|cpbgf|cpbgf_600990-RA,cpbgf_600990
rna-gnl|cpbgf|cpbgf_6001000-RA,cpbgf_6001000
rna-cpbgf_6001005,cpbgf_6001005
rna-gnl|cpbgf|cpbgf_6001010-RA,cpbgf_6001010
rna-gnl|cpbgf|cpbgf_6001020-RA,cpbgf_6001020
rna-gnl|cpbgf|cpbgf_6001030-RA,cpbgf_6001030
rna-gnl|cpbgf|cpbgf_6001040-RA,cpbgf_6001040
rna-gnl|cpbgf|cpbgf_6001050-RA,cpbgf_6001050
rna-gnl|cpbgf|cpbgf_6001060-RA,cpbgf_6001060
rna-gnl|cpbgf|cpbgf_6001070-RA,cpbgf_6001070
rna-gnl|cpbgf|cpbgf_6001080-RA,cpbgf_6001080
rna-cpbgf_6001081,cpbgf_6001081
rna-gnl|cpbgf|cpbgf_6001083-RA,cpbgf_6001083
rna-gnl|cpbgf|cpbgf_6001090-RA,cpbgf_6001090
rna-gnl|cpbgf|cpbgf_6001100-RA,cpbgf_6001100
rna-gnl|cpbgf|cpbgf_6001110-RA,cpbgf_6001110
rna-gnl|cpbgf|cpbgf_6001120-RA,cpbgf_6001120
rna-cpbgf_6001125,cpbgf_6001125
rna-gnl|cpbgf|cpbgf_6001130-RA,cpbgf_6001130
rna-gnl|cpbgf|cpbgf_6001140-RA,cpbgf_6001140
rna-gnl|cpbgf|cpbgf_6001150-RA,cpbgf_6001150
rna-cpbgf_6001155,cpbgf_6001155
rna-gnl|cpbgf|cpbgf_6001160-RA,cpbgf_6001160
rna-gnl|cpbgf|cpbgf_6001170-RA,cpbgf_6001170
rna-gnl|cpbgf|cpbgf_6001180-RA,cpbgf_6001180
rna-gnl|cpbgf|cpbgf_6001190-RA,cpbgf_6001190
rna-gnl|cpbgf|cpbgf_6001200-RA,cpbgf_6001200
rna-gnl|cpbgf|cpbgf_6001210-RA,cpbgf_6001210
rna-gnl|cpbgf|cpbgf_6001220-RA,cpbgf_6001220
rna-gnl|cpbgf|cpbgf_6001230-RA,cpbgf_6001230
rna-gnl|cpbgf|cpbgf_6001240-RA,cpbgf_6001240
rna-gnl|cpbgf|cpbgf_6001250-RA,cpbgf_6001250
rna-gnl|cpbgf|cpbgf_6001260-RA,cpbgf_6001260
rna-gnl|cpbgf|cpbgf_6001270-RA,cpbgf_6001270
rna-cpbgf_6001275,cpbgf_6001275
rna-gnl|cpbgf|cpbgf_6001280-RA,cpbgf_6001280
rna-cpbgf_6001285,cpbgf_6001285
rna-gnl|cpbgf|cpbgf_6001290-RA,cpbgf_6001290
rna-cpbgf_6001295,cpbgf_6001295
rna-gnl|cpbgf|cpbgf_6001300-RA,cpbgf_6001300
rna-gnl|cpbgf|cpbgf_6001310-RA,cpbgf_6001310
rna-gnl|cpbgf|cpbgf_6001320-RA,cpbgf_6001320
rna-cpbgf_6001325,cpbgf_6001325
rna-gnl|cpbgf|cpbgf_6001330-RA,cpbgf_6001330
rna-gnl|cpbgf|cpbgf_6001340-RA,cpbgf_6001340
rna-gnl|cpbgf|cpbgf_6001350-RA,cpbgf_6001350
rna-cpbgf_6001361,cpbgf_6001361
rna-gnl|cpbgf|cpbgf_6001363-RA,cpbgf_6001363
rna-gnl|cpbgf|cpbgf_6001370-RA,cpbgf_6001370
rna-gnl|cpbgf|cpbgf_6001380-RA,cpbgf_6001380
rna-gnl|cpbgf|cpbgf_6001390-RA,cpbgf_6001390
rna-gnl|cpbgf|cpbgf_6001400-RA,cpbgf_6001400
rna-cpbgf_6001405,cpbgf_6001405
rna-gnl|cpbgf|cpbgf_6001410-RA,cpbgf_6001410
rna-cpbgf_6001415,cpbgf_6001415
rna-gnl|cpbgf|cpbgf_6001420-RA,cpbgf_6001420
rna-cpbgf_6001425,cpbgf_6001425
rna-gnl|cpbgf|cpbgf_6001430-RA,cpbgf_6001430
rna-gnl|cpbgf|cpbgf_6001433-RA,cpbgf_6001433
rna-gnl|cpbgf|cpbgf_6001440-RA,cpbgf_6001440
rna-gnl|cpbgf|cpbgf_6001450-RA,cpbgf_6001450
rna-gnl|cpbgf|cpbgf_6001460-RA,cpbgf_6001460
rna-gnl|cpbgf|cpbgf_6001470-RA,cpbgf_6001470
rna-gnl|cpbgf|cpbgf_6001480-RA,cpbgf_6001480
rna-gnl|cpbgf|cpbgf_6001490-RA,cpbgf_6001490
rna-gnl|cpbgf|cpbgf_6001500-RA,cpbgf_6001500
rna-gnl|cpbgf|cpbgf_6001510-RA,cpbgf_6001510
rna-gnl|cpbgf|cpbgf_6001520-RA,cpbgf_6001520
rna-gnl|cpbgf|cpbgf_6001530-RA,cpbgf_6001530
rna-cpbgf_6001535,cpbgf_6001535
rna-gnl|cpbgf|cpbgf_6001540-RA,cpbgf_6001540
rna-gnl|cpbgf|cpbgf_6001550-RA,cpbgf_6001550
rna-gnl|cpbgf|cpbgf_6001560-RA,cpbgf_6001560
rna-gnl|cpbgf|cpbgf_6001570-RA,cpbgf_6001570
rna-gnl|cpbgf|cpbgf_6001580-RA,cpbgf_6001580
rna-gnl|cpbgf|cpbgf_6001590-RA,cpbgf_6001590
rna-gnl|cpbgf|cpbgf_6001600-RA,cpbgf_6001600
rna-gnl|cpbgf|cpbgf_6001610-RA,cpbgf_6001610
rna-gnl|cpbgf|cpbgf_6001620-RA,cpbgf_6001620
rna-gnl|cpbgf|cpbgf_6001623-RA,cpbgf_6001623
rna-gnl|cpbgf|cpbgf_6001630-RA,cpbgf_6001630
rna-gnl|cpbgf|cpbgf_6001640-RA,cpbgf_6001640
rna-gnl|cpbgf|cpbgf_6001650-RA,cpbgf_6001650
rna-gnl|cpbgf|cpbgf_6001660-RA,cpbgf_6001660
rna-gnl|cpbgf|cpbgf_6001670-RA,cpbgf_6001670
rna-gnl|cpbgf|cpbgf_6001690-RA,cpbgf_6001690
rna-gnl|cpbgf|cpbgf_6001700-RA,cpbgf_6001700
rna-gnl|cpbgf|cpbgf_6001710-RA,cpbgf_6001710
rna-gnl|cpbgf|cpbgf_6001716-RA,cpbgf_6001716
rna-gnl|cpbgf|cpbgf_6001720-RA,cpbgf_6001720
rna-gnl|cpbgf|cpbgf_6001730-RA,cpbgf_6001730
rna-gnl|cpbgf|cpbgf_6001740-RA,cpbgf_6001740
rna-gnl|cpbgf|cpbgf_6001750-RA,cpbgf_6001750
rna-gnl|cpbgf|cpbgf_6001760-RA,cpbgf_6001760
rna-gnl|cpbgf|cpbgf_6001770-RA,cpbgf_6001770
rna-gnl|cpbgf|cpbgf_6001780-RA,cpbgf_6001780
rna-gnl|cpbgf|cpbgf_6001790-RA,cpbgf_6001790
rna-cpbgf_6001795,cpbgf_6001795
rna-gnl|cpbgf|cpbgf_6001800-RA,cpbgf_6001800
rna-gnl|cpbgf|cpbgf_6001810-RA,cpbgf_6001810
rna-gnl|cpbgf|cpbgf_6001820-RA,cpbgf_6001820
rna-gnl|cpbgf|cpbgf_6001840-RA,cpbgf_6001840
rna-gnl|cpbgf|cpbgf_6001846-RA,cpbgf_6001846
rna-gnl|cpbgf|cpbgf_6001850-RA,cpbgf_6001850
rna-gnl|cpbgf|cpbgf_6001860-RA,cpbgf_6001860
rna-gnl|cpbgf|cpbgf_6001870-RA,cpbgf_6001870
rna-gnl|cpbgf|cpbgf_6001880-RA,cpbgf_6001880
rna-gnl|cpbgf|cpbgf_6001890-RA,cpbgf_6001890
rna-cpbgf_6001895,cpbgf_6001895
rna-gnl|cpbgf|cpbgf_6001900-RA,cpbgf_6001900
rna-gnl|cpbgf|cpbgf_6001910-RA,cpbgf_6001910
rna-gnl|cpbgf|cpbgf_6001920-RA,cpbgf_6001920
rna-gnl|cpbgf|cpbgf_6001930-RA,cpbgf_6001930
rna-gnl|cpbgf|cpbgf_6001940-RA,cpbgf_6001940
rna-gnl|cpbgf|cpbgf_6001950-RA,cpbgf_6001950
rna-gnl|cpbgf|cpbgf_6001960-RA,cpbgf_6001960
rna-gnl|cpbgf|cpbgf_6001964-RA,cpbgf_6001964
rna-cpbgf_6001965,cpbgf_6001965
rna-gnl|cpbgf|cpbgf_6001970-RA,cpbgf_6001970
rna-gnl|cpbgf|cpbgf_6001980-RA,cpbgf_6001980
rna-gnl|cpbgf|cpbgf_6001990-RA,cpbgf_6001990
rna-gnl|cpbgf|cpbgf_6002000-RA,cpbgf_6002000
rna-gnl|cpbgf|cpbgf_6002010-RA,cpbgf_6002010
rna-gnl|cpbgf|cpbgf_6002020-RA,cpbgf_6002020
rna-gnl|cpbgf|cpbgf_6002023-RA,cpbgf_6002023
rna-gnl|cpbgf|cpbgf_6002050-RA,cpbgf_6002050
rna-gnl|cpbgf|cpbgf_6002060-RA,cpbgf_6002060
rna-cpbgf_6002065,cpbgf_6002065
rna-gnl|cpbgf|cpbgf_6002070-RA,cpbgf_6002070
rna-gnl|cpbgf|cpbgf_6002080-RA,cpbgf_6002080
rna-cpbgf_6002085,cpbgf_6002085
rna-gnl|cpbgf|cpbgf_6002090-RA,cpbgf_6002090
rna-cpbgf_6002095,cpbgf_6002095
rna-gnl|cpbgf|cpbgf_6002100-RA,cpbgf_6002100
rna-gnl|cpbgf|cpbgf_6002110-RA,cpbgf_6002110
rna-gnl|cpbgf|cpbgf_6002120-RA,cpbgf_6002120
rna-gnl|cpbgf|cpbgf_6002130-RA,cpbgf_6002130
rna-gnl|cpbgf|cpbgf_6002140-RA,cpbgf_6002140
rna-cpbgf_6002141,cpbgf_6002141
rna-gnl|cpbgf|cpbgf_6002143-RA,cpbgf_6002143
rna-cpbgf_6002145,cpbgf_6002145
rna-gnl|cpbgf|cpbgf_6002150-RA,cpbgf_6002150
rna-gnl|cpbgf|cpbgf_6002160-RA,cpbgf_6002160
rna-gnl|cpbgf|cpbgf_6002170-RA,cpbgf_6002170
rna-gnl|cpbgf|cpbgf_6002180-RA,cpbgf_6002180
rna-gnl|cpbgf|cpbgf_6002190-RA,cpbgf_6002190
rna-gnl|cpbgf|cpbgf_6002200-RA,cpbgf_6002200
rna-cpbgf_6002205,cpbgf_6002205
rna-gnl|cpbgf|cpbgf_6002210-RA,cpbgf_6002210
rna-gnl|cpbgf|cpbgf_6002220-RA,cpbgf_6002220
rna-cpbgf_6002225,cpbgf_6002225
rna-gnl|cpbgf|cpbgf_6002230-RA,cpbgf_6002230
rna-gnl|cpbgf|cpbgf_6002240-RA,cpbgf_6002240
rna-cpbgf_6002245,cpbgf_6002245
rna-gnl|cpbgf|cpbgf_6002250-RA,cpbgf_6002250
rna-gnl|cpbgf|cpbgf_6002260-RA,cpbgf_6002260
rna-cpbgf_6002265,cpbgf_6002265
rna-gnl|cpbgf|cpbgf_6002270-RA,cpbgf_6002270
rna-gnl|cpbgf|cpbgf_6002280-RA,cpbgf_6002280
rna-gnl|cpbgf|cpbgf_6002290-RA,cpbgf_6002290
rna-gnl|cpbgf|cpbgf_6002300-RA,cpbgf_6002300
rna-gnl|cpbgf|cpbgf_6002310-RA,cpbgf_6002310
rna-gnl|cpbgf|cpbgf_6002320-RA,cpbgf_6002320
rna-cpbgf_6002325,cpbgf_6002325
rna-gnl|cpbgf|cpbgf_6002330-RA,cpbgf_6002330
rna-gnl|cpbgf|cpbgf_6002340-RA,cpbgf_6002340
rna-cpbgf_6002345,cpbgf_6002345
rna-gnl|cpbgf|cpbgf_6002350-RA,cpbgf_6002350
rna-gnl|cpbgf|cpbgf_6002360-RA,cpbgf_6002360
rna-gnl|cpbgf|cpbgf_6002370-RA,cpbgf_6002370
rna-cpbgf_6002375,cpbgf_6002375
rna-gnl|cpbgf|cpbgf_6002380-RA,cpbgf_6002380
rna-gnl|cpbgf|cpbgf_6002390-RA,cpbgf_6002390
rna-cpbgf_6002395,cpbgf_6002395
rna-gnl|cpbgf|cpbgf_6002400-RA,cpbgf_6002400
rna-gnl|cpbgf|cpbgf_6002410-RA,cpbgf_6002410
rna-gnl|cpbgf|cpbgf_6002420-RA,cpbgf_6002420
rna-gnl|cpbgf|cpbgf_6002423-RA,cpbgf_6002423
rna-gnl|cpbgf|cpbgf_6002430-RA,cpbgf_6002430
rna-gnl|cpbgf|cpbgf_6002440-RA,cpbgf_6002440
rna-cpbgf_6002445,cpbgf_6002445
rna-cpbgf_6002447,cpbgf_6002447
rna-gnl|cpbgf|cpbgf_6002450-RA,cpbgf_6002450
rna-gnl|cpbgf|cpbgf_6002460-RA,cpbgf_6002460
rna-gnl|cpbgf|cpbgf_6002470-RA,cpbgf_6002470
rna-gnl|cpbgf|cpbgf_6002480-RA,cpbgf_6002480
rna-cpbgf_6002485,cpbgf_6002485
rna-gnl|cpbgf|cpbgf_6002490-RA,cpbgf_6002490
rna-cpbgf_6002495,cpbgf_6002495
rna-gnl|cpbgf|cpbgf_6002500-RA,cpbgf_6002500
rna-gnl|cpbgf|cpbgf_6002503-RA,cpbgf_6002503
rna-gnl|cpbgf|cpbgf_6002520-RA,cpbgf_6002520
rna-gnl|cpbgf|cpbgf_6002510-RA,cpbgf_6002510
rna-gnl|cpbgf|cpbgf_6002540-RA,cpbgf_6002540
rna-gnl|cpbgf|cpbgf_6002550-RA,cpbgf_6002550
rna-gnl|cpbgf|cpbgf_6002556-RA,cpbgf_6002556
rna-gnl|cpbgf|cpbgf_6002560-RA,cpbgf_6002560
rna-gnl|cpbgf|cpbgf_6002570-RA,cpbgf_6002570
rna-gnl|cpbgf|cpbgf_6002580-RA,cpbgf_6002580
rna-gnl|cpbgf|cpbgf_6002590-RA,cpbgf_6002590
rna-gnl|cpbgf|cpbgf_6002600-RA,cpbgf_6002600
rna-cpbgf_6002603,cpbgf_6002603
rna-cpbgf_6002605,cpbgf_6002605
rna-gnl|cpbgf|cpbgf_6002610-RA,cpbgf_6002610
rna-gnl|cpbgf|cpbgf_6002620-RA,cpbgf_6002620
rna-gnl|cpbgf|cpbgf_6002630-RA,cpbgf_6002630
rna-gnl|cpbgf|cpbgf_6002640-RA,cpbgf_6002640
rna-gnl|cpbgf|cpbgf_6002650-RA,cpbgf_6002650
rna-gnl|cpbgf|cpbgf_6002660-RA,cpbgf_6002660
rna-gnl|cpbgf|cpbgf_6002670-RA,cpbgf_6002670
rna-gnl|cpbgf|cpbgf_6002680-RA,cpbgf_6002680
rna-gnl|cpbgf|cpbgf_6002690-RA,cpbgf_6002690
rna-cpbgf_6002695,cpbgf_6002695
rna-gnl|cpbgf|cpbgf_6002700-RA,cpbgf_6002700
rna-gnl|cpbgf|cpbgf_6002710-RA,cpbgf_6002710
rna-gnl|cpbgf|cpbgf_6002720-RA,cpbgf_6002720
rna-gnl|cpbgf|cpbgf_6002730-RA,cpbgf_6002730
rna-gnl|cpbgf|cpbgf_6002740-RA,cpbgf_6002740
rna-cpbgf_6002745,cpbgf_6002745
rna-gnl|cpbgf|cpbgf_6002750-RA,cpbgf_6002750
rna-gnl|cpbgf|cpbgf_6002760-RA,cpbgf_6002760
rna-gnl|cpbgf|cpbgf_6002770-RA,cpbgf_6002770
rna-gnl|cpbgf|cpbgf_6002780-RA,cpbgf_6002780
rna-gnl|cpbgf|cpbgf_6002790-RA,cpbgf_6002790
rna-gnl|cpbgf|cpbgf_6002792-RA,cpbgf_6002792
rna-gnl|cpbgf|cpbgf_6002800-RA,cpbgf_6002800
rna-gnl|cpbgf|cpbgf_6002806-RA,cpbgf_6002806
rna-gnl|cpbgf|cpbgf_6002810-RA,cpbgf_6002810
rna-gnl|cpbgf|cpbgf_6002830-RA,cpbgf_6002830
rna-gnl|cpbgf|cpbgf_6002836-RA,cpbgf_6002836
rna-gnl|cpbgf|cpbgf_6002840-RA,cpbgf_6002840
rna-gnl|cpbgf|cpbgf_6002850-RA,cpbgf_6002850
rna-gnl|cpbgf|cpbgf_6002860-RA,cpbgf_6002860
rna-gnl|cpbgf|cpbgf_6002870-RA,cpbgf_6002870
rna-gnl|cpbgf|cpbgf_6002880-RA,cpbgf_6002880
rna-gnl|cpbgf|cpbgf_6002890-RA,cpbgf_6002890
rna-gnl|cpbgf|cpbgf_6002910-RA,cpbgf_6002910
rna-gnl|cpbgf|cpbgf_6002913-RA,cpbgf_6002913
rna-gnl|cpbgf|cpbgf_6002920-RA,cpbgf_6002920
rna-gnl|cpbgf|cpbgf_6002930-RA,cpbgf_6002930
rna-gnl|cpbgf|cpbgf_6002940-RA,cpbgf_6002940
rna-gnl|cpbgf|cpbgf_6002950-RA,cpbgf_6002950
rna-gnl|cpbgf|cpbgf_6002960-RA,cpbgf_6002960
rna-cpbgf_6002965,cpbgf_6002965
rna-gnl|cpbgf|cpbgf_6002970-RA,cpbgf_6002970
rna-cpbgf_6002975,cpbgf_6002975
rna-gnl|cpbgf|cpbgf_6002980-RA,cpbgf_6002980
rna-gnl|cpbgf|cpbgf_6002990-RA,cpbgf_6002990
rna-gnl|cpbgf|cpbgf_6003000-RA,cpbgf_6003000
rna-gnl|cpbgf|cpbgf_6003010-RA,cpbgf_6003010
rna-gnl|cpbgf|cpbgf_6003020-RA,cpbgf_6003020
rna-gnl|cpbgf|cpbgf_6003030-RA,cpbgf_6003030
rna-gnl|cpbgf|cpbgf_6003040-RA,cpbgf_6003040
rna-gnl|cpbgf|cpbgf_6003050-RA,cpbgf_6003050
rna-cpbgf_6003055,cpbgf_6003055
rna-gnl|cpbgf|cpbgf_6003060-RA,cpbgf_6003060
rna-gnl|cpbgf|cpbgf_6003070-RA,cpbgf_6003070
rna-cpbgf_6003075,cpbgf_6003075
rna-gnl|cpbgf|cpbgf_6003080-RA,cpbgf_6003080
rna-gnl|cpbgf|cpbgf_6003093-RA,cpbgf_6003093
rna-gnl|cpbgf|cpbgf_6003100-RA,cpbgf_6003100
rna-gnl|cpbgf|cpbgf_6003101-RA,cpbgf_6003101
rna-gnl|cpbgf|cpbgf_6003103-RA,cpbgf_6003103
rna-cpbgf_6003105,cpbgf_6003105
rna-gnl|cpbgf|cpbgf_6003120-RA,cpbgf_6003120
rna-gnl|cpbgf|cpbgf_6003130-RA,cpbgf_6003130
rna-cpbgf_6003135,cpbgf_6003135
rna-gnl|cpbgf|cpbgf_6003140-RA,cpbgf_6003140
rna-gnl|cpbgf|cpbgf_6003150-RA,cpbgf_6003150
rna-gnl|cpbgf|cpbgf_6003160-RA,cpbgf_6003160
rna-cpbgf_6003165,cpbgf_6003165
rna-gnl|cpbgf|cpbgf_6003170-RA,cpbgf_6003170
rna-cpbgf_6003175,cpbgf_6003175
rna-gnl|cpbgf|cpbgf_6003180-RA,cpbgf_6003180
rna-gnl|cpbgf|cpbgf_6003190-RA,cpbgf_6003190
rna-cpbgf_6003193,cpbgf_6003193
rna-cpbgf_6003195,cpbgf_6003195
rna-cpbgf_6003197,cpbgf_6003197
rna-gnl|cpbgf|cpbgf_6003200-RA,cpbgf_6003200
rna-gnl|cpbgf|cpbgf_6003210-RA,cpbgf_6003210
rna-cpbgf_6003213,cpbgf_6003213
rna-cpbgf_6003215,cpbgf_6003215
rna-cpbgf_6003217,cpbgf_6003217
rna-cpbgf_6003219,cpbgf_6003219
rna-gnl|cpbgf|cpbgf_6003220-RA,cpbgf_6003220
rna-gnl|cpbgf|cpbgf_6003230-RA,cpbgf_6003230
rna-cpbgf_6003235,cpbgf_6003235
rna-gnl|cpbgf|cpbgf_6003240-RA,cpbgf_6003240
rna-gnl|cpbgf|cpbgf_6003250-RA,cpbgf_6003250
rna-gnl|cpbgf|cpbgf_6003253-RA,cpbgf_6003253
rna-gnl|cpbgf|cpbgf_6003260-RA,cpbgf_6003260
rna-cpbgf_6003265,cpbgf_6003265
rna-gnl|cpbgf|cpbgf_6003270-RA,cpbgf_6003270
rna-gnl|cpbgf|cpbgf_6003280-RA,cpbgf_6003280
rna-gnl|cpbgf|cpbgf_6003290-RA,cpbgf_6003290
rna-gnl|cpbgf|cpbgf_6003300-RA,cpbgf_6003300
rna-gnl|cpbgf|cpbgf_6003313-RA,cpbgf_6003313
rna-gnl|cpbgf|cpbgf_6003330-RA,cpbgf_6003330
rna-cpbgf_6003335,cpbgf_6003335
rna-gnl|cpbgf|cpbgf_6003340-RA,cpbgf_6003340
rna-gnl|cpbgf|cpbgf_6003350-RA,cpbgf_6003350
rna-gnl|cpbgf|cpbgf_6003360-RA,cpbgf_6003360
rna-gnl|cpbgf|cpbgf_6003370-RA,cpbgf_6003370
rna-gnl|cpbgf|cpbgf_6003380-RA,cpbgf_6003380
rna-gnl|cpbgf|cpbgf_6003390-RA,cpbgf_6003390
rna-gnl|cpbgf|cpbgf_6003400-RA,cpbgf_6003400
rna-gnl|cpbgf|cpbgf_6003410-RA,cpbgf_6003410
rna-gnl|cpbgf|cpbgf_6003420-RA,cpbgf_6003420
rna-gnl|cpbgf|cpbgf_6003430-RA,cpbgf_6003430
rna-gnl|cpbgf|cpbgf_6003440-RA,cpbgf_6003440
rna-gnl|cpbgf|cpbgf_6003450-RA,cpbgf_6003450
rna-cpbgf_6003455,cpbgf_6003455
rna-gnl|cpbgf|cpbgf_6003460-RA,cpbgf_6003460
rna-gnl|cpbgf|cpbgf_6003470-RA,cpbgf_6003470
rna-gnl|cpbgf|cpbgf_6003480-RA,cpbgf_6003480
rna-gnl|cpbgf|cpbgf_6003490-RA,cpbgf_6003490
rna-gnl|cpbgf|cpbgf_6003500-RA,cpbgf_6003500
rna-cpbgf_6003505,cpbgf_6003505
rna-gnl|cpbgf|cpbgf_6003510-RA,cpbgf_6003510
rna-gnl|cpbgf|cpbgf_6003520-RA,cpbgf_6003520
rna-gnl|cpbgf|cpbgf_6003530-RA,cpbgf_6003530
rna-gnl|cpbgf|cpbgf_6003540-RA,cpbgf_6003540
rna-cpbgf_6003545,cpbgf_6003545
rna-gnl|cpbgf|cpbgf_6003550-RA,cpbgf_6003550
rna-gnl|cpbgf|cpbgf_6003560-RA,cpbgf_6003560
rna-cpbgf_6003565,cpbgf_6003565
rna-cpbgf_6003567,cpbgf_6003567
rna-gnl|cpbgf|cpbgf_6003570-RA,cpbgf_6003570
rna-gnl|cpbgf|cpbgf_6003580-RA,cpbgf_6003580
rna-gnl|cpbgf|cpbgf_6003590-RA,cpbgf_6003590
rna-gnl|cpbgf|cpbgf_6003600-RA,cpbgf_6003600
rna-gnl|cpbgf|cpbgf_6003610-RA,cpbgf_6003610
rna-gnl|cpbgf|cpbgf_6003620-RA,cpbgf_6003620
rna-gnl|cpbgf|cpbgf_6003623-RA,cpbgf_6003623
rna-gnl|cpbgf|cpbgf_6003630-RA,cpbgf_6003630
rna-gnl|cpbgf|cpbgf_6003640-RA,cpbgf_6003640
rna-gnl|cpbgf|cpbgf_6003650-RA,cpbgf_6003650
rna-cpbgf_6003655,cpbgf_6003655
rna-gnl|cpbgf|cpbgf_6003660-RA,cpbgf_6003660
rna-gnl|cpbgf|cpbgf_6003663-RA,cpbgf_6003663
rna-gnl|cpbgf|cpbgf_6003670-RA,cpbgf_6003670
rna-gnl|cpbgf|cpbgf_6003680-RA,cpbgf_6003680
rna-gnl|cpbgf|cpbgf_6003690-RA,cpbgf_6003690
rna-gnl|cpbgf|cpbgf_6003710-RA,cpbgf_6003710
rna-cpbgf_6003715,cpbgf_6003715
rna-gnl|cpbgf|cpbgf_6003720-RA,cpbgf_6003720
rna-gnl|cpbgf|cpbgf_6003730-RA,cpbgf_6003730
rna-gnl|cpbgf|cpbgf_6003740-RA,cpbgf_6003740
rna-gnl|cpbgf|cpbgf_6003750-RA,cpbgf_6003750
rna-gnl|cpbgf|cpbgf_6003760-RA,cpbgf_6003760
rna-gnl|cpbgf|cpbgf_6003770-RA,cpbgf_6003770
rna-cpbgf_6003775,cpbgf_6003775
rna-gnl|cpbgf|cpbgf_6003780-RA,cpbgf_6003780
rna-gnl|cpbgf|cpbgf_6003790-RA,cpbgf_6003790
rna-cpbgf_6003795,cpbgf_6003795
rna-gnl|cpbgf|cpbgf_6003800-RA,cpbgf_6003800
rna-gnl|cpbgf|cpbgf_6003810-RA,cpbgf_6003810
rna-gnl|cpbgf|cpbgf_6003820-RA,cpbgf_6003820
rna-cpbgf_6003823,cpbgf_6003823
rna-cpbgf_6003825,cpbgf_6003825
rna-gnl|cpbgf|cpbgf_6003830-RA,cpbgf_6003830
rna-gnl|cpbgf|cpbgf_6003840-RA,cpbgf_6003840
rna-gnl|cpbgf|cpbgf_6003850-RA,cpbgf_6003850
rna-gnl|cpbgf|cpbgf_6003860-RA,cpbgf_6003860
rna-gnl|cpbgf|cpbgf_6003863-RA,cpbgf_6003863
rna-gnl|cpbgf|cpbgf_6003870-RA,cpbgf_6003870
rna-cpbgf_6003875,cpbgf_6003875
rna-gnl|cpbgf|cpbgf_6003880-RA,cpbgf_6003880
rna-gnl|cpbgf|cpbgf_6003890-RA,cpbgf_6003890
rna-gnl|cpbgf|cpbgf_6003900-RA,cpbgf_6003900
rna-gnl|cpbgf|cpbgf_6003910-RA,cpbgf_6003910
rna-cpbgf_6003915,cpbgf_6003915
rna-gnl|cpbgf|cpbgf_6003920-RA,cpbgf_6003920
rna-gnl|cpbgf|cpbgf_6003930-RA,cpbgf_6003930
rna-cpbgf_6003935,cpbgf_6003935
rna-gnl|cpbgf|cpbgf_6003940-RA,cpbgf_6003940
rna-cpbgf_6003945,cpbgf_6003945
rna-gnl|cpbgf|cpbgf_6003950-RA,cpbgf_6003950
rna-gnl|cpbgf|cpbgf_6003960-RA,cpbgf_6003960
rna-gnl|cpbgf|cpbgf_6003970-RA,cpbgf_6003970
rna-cpbgf_6003975,cpbgf_6003975
rna-gnl|cpbgf|cpbgf_6003980-RA,cpbgf_6003980
rna-cpbgf_6003985,cpbgf_6003985
rna-gnl|cpbgf|cpbgf_6003990-RA,cpbgf_6003990
rna-gnl|cpbgf|cpbgf_6004000-RA,cpbgf_6004000
rna-gnl|cpbgf|cpbgf_6004010-RA,cpbgf_6004010
rna-gnl|cpbgf|cpbgf_6004020-RA,cpbgf_6004020
rna-gnl|cpbgf|cpbgf_6004030-RA,cpbgf_6004030
rna-gnl|cpbgf|cpbgf_6004040-RA,cpbgf_6004040
rna-gnl|cpbgf|cpbgf_6004050-RA,cpbgf_6004050
rna-cpbgf_6004055,cpbgf_6004055
rna-gnl|cpbgf|cpbgf_6004060-RA,cpbgf_6004060
rna-cpbgf_6004065,cpbgf_6004065
rna-gnl|cpbgf|cpbgf_6004070-RA,cpbgf_6004070
rna-gnl|cpbgf|cpbgf_6004080-RA,cpbgf_6004080
rna-gnl|cpbgf|cpbgf_6004090-RA,cpbgf_6004090
rna-cpbgf_6004095,cpbgf_6004095
rna-gnl|cpbgf|cpbgf_6004100-RA,cpbgf_6004100
rna-gnl|cpbgf|cpbgf_6004110-RA,cpbgf_6004110
rna-cpbgf_6004115,cpbgf_6004115
rna-gnl|cpbgf|cpbgf_6004120-RA,cpbgf_6004120
rna-gnl|cpbgf|cpbgf_6004130-RA,cpbgf_6004130
rna-gnl|cpbgf|cpbgf_6004140-RA,cpbgf_6004140
rna-gnl|cpbgf|cpbgf_6004150-RA,cpbgf_6004150
rna-cpbgf_6004151,cpbgf_6004151
rna-gnl|cpbgf|cpbgf_6004153-RA,cpbgf_6004153
rna-cpbgf_6004155,cpbgf_6004155
rna-gnl|cpbgf|cpbgf_6004160-RA,cpbgf_6004160
rna-gnl|cpbgf|cpbgf_6004170-RA,cpbgf_6004170
rna-gnl|cpbgf|cpbgf_6004180-RA,cpbgf_6004180
rna-gnl|cpbgf|cpbgf_6004190-RA,cpbgf_6004190
rna-cpbgf_6004195,cpbgf_6004195
rna-gnl|cpbgf|cpbgf_6004200-RA,cpbgf_6004200
rna-gnl|cpbgf|cpbgf_6004210-RA,cpbgf_6004210
rna-gnl|cpbgf|cpbgf_6004220-RA,cpbgf_6004220
rna-cpbgf_6004225,cpbgf_6004225
rna-gnl|cpbgf|cpbgf_6004230-RA,cpbgf_6004230
rna-gnl|cpbgf|cpbgf_6004240-RA,cpbgf_6004240
rna-gnl|cpbgf|cpbgf_6004250-RA,cpbgf_6004250
rna-gnl|cpbgf|cpbgf_6004260-RA,cpbgf_6004260
rna-gnl|cpbgf|cpbgf_6004270-RA,cpbgf_6004270
rna-gnl|cpbgf|cpbgf_6004280-RA,cpbgf_6004280
rna-gnl|cpbgf|cpbgf_6004290-RA,cpbgf_6004290
rna-gnl|cpbgf|cpbgf_6004300-RA,cpbgf_6004300
rna-gnl|cpbgf|cpbgf_6004310-RA,cpbgf_6004310
rna-gnl|cpbgf|cpbgf_6004320-RA,cpbgf_6004320
rna-gnl|cpbgf|cpbgf_6004330-RA,cpbgf_6004330
rna-gnl|cpbgf|cpbgf_6004340-RA,cpbgf_6004340
rna-gnl|cpbgf|cpbgf_6004350-RA,cpbgf_6004350
rna-gnl|cpbgf|cpbgf_6004360-RA,cpbgf_6004360
rna-gnl|cpbgf|cpbgf_6004370-RA,cpbgf_6004370
rna-gnl|cpbgf|cpbgf_6004380-RA,cpbgf_6004380
rna-gnl|cpbgf|cpbgf_6004390-RA,cpbgf_6004390
rna-gnl|cpbgf|cpbgf_6004400-RA,cpbgf_6004400
rna-gnl|cpbgf|cpbgf_6004410-RA,cpbgf_6004410
rna-gnl|cpbgf|cpbgf_6004420-RA,cpbgf_6004420
rna-cpbgf_6004425,cpbgf_6004425
rna-gnl|cpbgf|cpbgf_6004430-RA,cpbgf_6004430
rna-gnl|cpbgf|cpbgf_6004440-RA,cpbgf_6004440
rna-gnl|cpbgf|cpbgf_6004450-RA,cpbgf_6004450
rna-gnl|cpbgf|cpbgf_6004460-RA,cpbgf_6004460
rna-gnl|cpbgf|cpbgf_6004470-RA,cpbgf_6004470
rna-cpbgf_6004475,cpbgf_6004475
rna-gnl|cpbgf|cpbgf_6004480-RA,cpbgf_6004480
rna-cpbgf_6004485,cpbgf_6004485
rna-gnl|cpbgf|cpbgf_6004490-RA,cpbgf_6004490
rna-gnl|cpbgf|cpbgf_6004500-RA,cpbgf_6004500
rna-gnl|cpbgf|cpbgf_6004510-RA,cpbgf_6004510
rna-cpbgf_6004515,cpbgf_6004515
rna-gnl|cpbgf|cpbgf_6004520-RA,cpbgf_6004520
rna-gnl|cpbgf|cpbgf_6004530-RA,cpbgf_6004530
rna-gnl|cpbgf|cpbgf_6004540-RA,cpbgf_6004540
rna-gnl|cpbgf|cpbgf_6004550-RA,cpbgf_6004550
rna-gnl|cpbgf|cpbgf_6004560-RA,cpbgf_6004560
rna-gnl|cpbgf|cpbgf_6004570-RA,cpbgf_6004570
rna-gnl|cpbgf|cpbgf_6004580-RA,cpbgf_6004580
rna-gnl|cpbgf|cpbgf_6004590-RA,cpbgf_6004590
rna-cpbgf_6004595,cpbgf_6004595
rna-gnl|cpbgf|cpbgf_6004600-RA,cpbgf_6004600
rna-gnl|cpbgf|cpbgf_6004610-RA,cpbgf_6004610
rna-cpbgf_6004615,cpbgf_6004615
rna-gnl|cpbgf|cpbgf_6004620-RA,cpbgf_6004620
rna-gnl|cpbgf|cpbgf_6004630-RA,cpbgf_6004630
rna-gnl|cpbgf|cpbgf_6004640-RA,cpbgf_6004640
rna-gnl|cpbgf|cpbgf_6004650-RA,cpbgf_6004650
rna-cpbgf_6004655,cpbgf_6004655
rna-gnl|cpbgf|cpbgf_6004660-RA,cpbgf_6004660
rna-gnl|cpbgf|cpbgf_6004670-RA,cpbgf_6004670
rna-gnl|cpbgf|cpbgf_6004680-RA,cpbgf_6004680
rna-gnl|cpbgf|cpbgf_6004690-RA,cpbgf_6004690
rna-gnl|cpbgf|cpbgf_6004700-RA,cpbgf_6004700
rna-gnl|cpbgf|cpbgf_6004710-RA,cpbgf_6004710
rna-cpbgf_6004715,cpbgf_6004715
rna-gnl|cpbgf|cpbgf_6004720-RA,cpbgf_6004720
rna-cpbgf_6004725,cpbgf_6004725
rna-gnl|cpbgf|cpbgf_6004730-RA,cpbgf_6004730
rna-cpbgf_6004735,cpbgf_6004735
rna-gnl|cpbgf|cpbgf_6004740-RA,cpbgf_6004740
rna-gnl|cpbgf|cpbgf_6004750-RA,cpbgf_6004750
rna-gnl|cpbgf|cpbgf_6004760-RA,cpbgf_6004760
rna-cpbgf_6004765,cpbgf_6004765
rna-gnl|cpbgf|cpbgf_6004770-RA,cpbgf_6004770
rna-gnl|cpbgf|cpbgf_6004780-RA,cpbgf_6004780
rna-gnl|cpbgf|cpbgf_6004783-RA,cpbgf_6004783
rna-gnl|cpbgf|cpbgf_6004790-RA,cpbgf_6004790
rna-gnl|cpbgf|cpbgf_6004800-RA,cpbgf_6004800
rna-cpbgf_6004805,cpbgf_6004805
rna-gnl|cpbgf|cpbgf_6004820-RA,cpbgf_6004820
rna-gnl|cpbgf|cpbgf_6004830-RA,cpbgf_6004830
rna-gnl|cpbgf|cpbgf_6004840-RA,cpbgf_6004840
rna-gnl|cpbgf|cpbgf_6004850-RA,cpbgf_6004850
rna-gnl|cpbgf|cpbgf_6004860-RA,cpbgf_6004860
rna-cpbgf_6004865,cpbgf_6004865
rna-cpbgf_6004867,cpbgf_6004867
rna-gnl|cpbgf|cpbgf_6004870-RA,cpbgf_6004870
rna-gnl|cpbgf|cpbgf_6004880-RA,cpbgf_6004880
rna-gnl|cpbgf|cpbgf_6004890-RA,cpbgf_6004890
rna-gnl|cpbgf|cpbgf_6004900-RA,cpbgf_6004900
rna-cpbgf_6004905,cpbgf_6004905
rna-gnl|cpbgf|cpbgf_6004910-RA,cpbgf_6004910
rna-cpbgf_6004915,cpbgf_6004915
rna-gnl|cpbgf|cpbgf_6004920-RA,cpbgf_6004920
rna-cpbgf_6004923,cpbgf_6004923
rna-cpbgf_6004925,cpbgf_6004925
rna-gnl|cpbgf|cpbgf_6004926-RA,cpbgf_6004926
rna-gnl|cpbgf|cpbgf_6004930-RA,cpbgf_6004930
rna-gnl|cpbgf|cpbgf_6004940-RA,cpbgf_6004940
rna-cpbgf_6004945,cpbgf_6004945
rna-gnl|cpbgf|cpbgf_6004950-RA,cpbgf_6004950
rna-gnl|cpbgf|cpbgf_6004970-RA,cpbgf_6004970
rna-gnl|cpbgf|cpbgf_6004960-RA,cpbgf_6004960
rna-gnl|cpbgf|cpbgf_6004980-RA,cpbgf_6004980
rna-gnl|cpbgf|cpbgf_6004990-RA,cpbgf_6004990
rna-gnl|cpbgf|cpbgf_6004993-RA,cpbgf_6004993
rna-gnl|cpbgf|cpbgf_6005000-RA,cpbgf_6005000
rna-gnl|cpbgf|cpbgf_6005013-RA,cpbgf_6005013
rna-cpbgf_6005015,cpbgf_6005015
rna-gnl|cpbgf|cpbgf_6005030-RA,cpbgf_6005030
rna-gnl|cpbgf|cpbgf_6005040-RA,cpbgf_6005040
rna-gnl|cpbgf|cpbgf_6005050-RA,cpbgf_6005050
rna-cpbgf_6005055,cpbgf_6005055
rna-gnl|cpbgf|cpbgf_6005060-RA,cpbgf_6005060
rna-gnl|cpbgf|cpbgf_6005070-RA,cpbgf_6005070
rna-gnl|cpbgf|cpbgf_6005080-RA,cpbgf_6005080
rna-gnl|cpbgf|cpbgf_6005090-RA,cpbgf_6005090
rna-gnl|cpbgf|cpbgf_6005100-RA,cpbgf_6005100
rna-gnl|cpbgf|cpbgf_6005103-RA,cpbgf_6005103
rna-gnl|cpbgf|cpbgf_6005120-RA,cpbgf_6005120
rna-cpbgf_6005125,cpbgf_6005125
rna-gnl|cpbgf|cpbgf_6005130-RA,cpbgf_6005130
rna-cpbgf_6005135,cpbgf_6005135
rna-gnl|cpbgf|cpbgf_6005140-RA,cpbgf_6005140
rna-gnl|cpbgf|cpbgf_6005150-RA,cpbgf_6005150
rna-gnl|cpbgf|cpbgf_6005160-RA,cpbgf_6005160
rna-gnl|cpbgf|cpbgf_6005170-RA,cpbgf_6005170
rna-gnl|cpbgf|cpbgf_6005180-RA,cpbgf_6005180
rna-cpbgf_6005185,cpbgf_6005185
rna-gnl|cpbgf|cpbgf_6005190-RA,cpbgf_6005190
rna-gnl|cpbgf|cpbgf_6005220-RA,cpbgf_6005220
rna-gnl|cpbgf|cpbgf_6005230-RA,cpbgf_6005230
rna-gnl|cpbgf|cpbgf_6005240-RA,cpbgf_6005240
rna-gnl|cpbgf|cpbgf_6005250-RA,cpbgf_6005250
rna-gnl|cpbgf|cpbgf_6005260-RA,cpbgf_6005260
rna-cpbgf_6005265,cpbgf_6005265
rna-gnl|cpbgf|cpbgf_6005270-RA,cpbgf_6005270
rna-gnl|cpbgf|cpbgf_6005280-RA,cpbgf_6005280
rna-gnl|cpbgf|cpbgf_6005293-RA,cpbgf_6005293
rna-cpbgf_6005305,cpbgf_6005305
rna-gnl|cpbgf|cpbgf_6005310-RA,cpbgf_6005310
rna-gnl|cpbgf|cpbgf_6005320-RA,cpbgf_6005320
rna-gnl|cpbgf|cpbgf_6005330-RA,cpbgf_6005330
rna-gnl|cpbgf|cpbgf_6005340-RA,cpbgf_6005340
rna-gnl|cpbgf|cpbgf_6005350-RA,cpbgf_6005350
rna-gnl|cpbgf|cpbgf_6005360-RA,cpbgf_6005360
rna-gnl|cpbgf|cpbgf_6005370-RA,cpbgf_6005370
rna-gnl|cpbgf|cpbgf_6005380-RA,cpbgf_6005380
rna-gnl|cpbgf|cpbgf_6005390-RA,cpbgf_6005390
rna-gnl|cpbgf|cpbgf_6005400-RA,cpbgf_6005400
rna-cpbgf_6005405,cpbgf_6005405
rna-gnl|cpbgf|cpbgf_6005410-RA,cpbgf_6005410
rna-cpbgf_6005415,cpbgf_6005415
rna-gnl|cpbgf|cpbgf_6005420-RA,cpbgf_6005420
rna-cpbgf_6005425,cpbgf_6005425
rna-gnl|cpbgf|cpbgf_6005430-RA,cpbgf_6005430
rna-gnl|cpbgf|cpbgf_6005440-RA,cpbgf_6005440
rna-gnl|cpbgf|cpbgf_6005450-RA,cpbgf_6005450
rna-gnl|cpbgf|cpbgf_6005460-RA,cpbgf_6005460
rna-gnl|cpbgf|cpbgf_6005520-RA,cpbgf_6005520
rna-gnl|cpbgf|cpbgf_7005670-RA,cpbgf_7005670
rna-gnl|cpbgf|cpbgf_7005680-RA,cpbgf_7005680
rna-cpbgf_7005690,cpbgf_7005690
rna-gnl|cpbgf|cpbgf_7005700-RA,cpbgf_7005700
rna-gnl|cpbgf|cpbgf_7005710-RA,cpbgf_7005710
rna-gnl|cpbgf|cpbgf_7005720-RA,cpbgf_7005720
rna-cpbgf_7005730,cpbgf_7005730
rna-cpbgf_7005760,cpbgf_7005760
rna-gnl|cpbgf|cpbgf_7005770-RA,cpbgf_7005770
rna-gnl|cpbgf|cpbgf_7005780-RA,cpbgf_7005780
rna-gnl|cpbgf|cpbgf_7005790-RA,cpbgf_7005790
rna-gnl|cpbgf|cpbgf_7005800-RA,cpbgf_7005800
rna-gnl|cpbgf|cpbgf_7005810-RA,cpbgf_7005810
rna-cpbgf_7005820,cpbgf_7005820
rna-cpbgf_7005830,cpbgf_7005830
rna-cpbgf_7005840,cpbgf_7005840
rna-cpbgf_7005850,cpbgf_7005850
rna-cpbgf_7005870,cpbgf_7005870
rna-gnl|cpbgf|cpbgf_70010-RA,cpbgf_70010
rna-cpbgf_70013,cpbgf_70013
rna-gnl|cpbgf|cpbgf_70015-RA,cpbgf_70015
rna-cpbgf_70017,cpbgf_70017
rna-gnl|cpbgf|cpbgf_70020-RA,cpbgf_70020
rna-cpbgf_70025,cpbgf_70025
rna-gnl|cpbgf|cpbgf_70030-RA,cpbgf_70030
rna-gnl|cpbgf|cpbgf_70040-RA,cpbgf_70040
rna-gnl|cpbgf|cpbgf_70050-RA,cpbgf_70050
rna-gnl|cpbgf|cpbgf_70060-RA,cpbgf_70060
rna-gnl|cpbgf|cpbgf_70070-RA,cpbgf_70070
rna-gnl|cpbgf|cpbgf_70080-RA,cpbgf_70080
rna-gnl|cpbgf|cpbgf_70090-RA,cpbgf_70090
rna-cpbgf_70095,cpbgf_70095
rna-gnl|cpbgf|cpbgf_700100-RA,cpbgf_700100
rna-gnl|cpbgf|cpbgf_700110-RA,cpbgf_700110
rna-gnl|cpbgf|cpbgf_700120-RA,cpbgf_700120
rna-cpbgf_700125,cpbgf_700125
rna-gnl|cpbgf|cpbgf_700130-RA,cpbgf_700130
rna-gnl|cpbgf|cpbgf_700140-RA,cpbgf_700140
rna-gnl|cpbgf|cpbgf_700150-RA,cpbgf_700150
rna-gnl|cpbgf|cpbgf_700155-RA,cpbgf_700155
rna-gnl|cpbgf|cpbgf_700160-RA,cpbgf_700160
rna-gnl|cpbgf|cpbgf_700170-RA,cpbgf_700170
rna-gnl|cpbgf|cpbgf_700180-RA,cpbgf_700180
rna-gnl|cpbgf|cpbgf_700190-RA,cpbgf_700190
rna-gnl|cpbgf|cpbgf_700200-RA,cpbgf_700200
rna-gnl|cpbgf|cpbgf_700210-RA,cpbgf_700210
rna-gnl|cpbgf|cpbgf_700220-RA,cpbgf_700220
rna-gnl|cpbgf|cpbgf_700230-RA,cpbgf_700230
rna-gnl|cpbgf|cpbgf_700240-RA,cpbgf_700240
rna-gnl|cpbgf|cpbgf_700250-RA,cpbgf_700250
rna-gnl|cpbgf|cpbgf_700260-RA,cpbgf_700260
rna-gnl|cpbgf|cpbgf_700270-RA,cpbgf_700270
rna-gnl|cpbgf|cpbgf_700280-RA,cpbgf_700280
rna-gnl|cpbgf|cpbgf_700290-RA,cpbgf_700290
rna-gnl|cpbgf|cpbgf_700300-RA,cpbgf_700300
rna-gnl|cpbgf|cpbgf_700310-RA,cpbgf_700310
rna-gnl|cpbgf|cpbgf_700320-RA,cpbgf_700320
rna-cpbgf_700325,cpbgf_700325
rna-gnl|cpbgf|cpbgf_700330-RA,cpbgf_700330
rna-gnl|cpbgf|cpbgf_700340-RA,cpbgf_700340
rna-gnl|cpbgf|cpbgf_700350-RA,cpbgf_700350
rna-gnl|cpbgf|cpbgf_700355-RA,cpbgf_700355
rna-gnl|cpbgf|cpbgf_700360-RA,cpbgf_700360
rna-cpbgf_700363,cpbgf_700363
rna-cpbgf_700365,cpbgf_700365
rna-gnl|cpbgf|cpbgf_700370-RA,cpbgf_700370
rna-cpbgf_700375,cpbgf_700375
rna-gnl|cpbgf|cpbgf_700380-RA,cpbgf_700380
rna-gnl|cpbgf|cpbgf_700390-RA,cpbgf_700390
rna-gnl|cpbgf|cpbgf_700400-RA,cpbgf_700400
rna-cpbgf_700405,cpbgf_700405
rna-gnl|cpbgf|cpbgf_700410-RA,cpbgf_700410
rna-gnl|cpbgf|cpbgf_700420-RA,cpbgf_700420
rna-cpbgf_700425,cpbgf_700425
rna-gnl|cpbgf|cpbgf_700430-RA,cpbgf_700430
rna-gnl|cpbgf|cpbgf_700440-RA,cpbgf_700440
rna-gnl|cpbgf|cpbgf_700450-RA,cpbgf_700450
rna-cpbgf_700455,cpbgf_700455
rna-gnl|cpbgf|cpbgf_700460-RA,cpbgf_700460
rna-cpbgf_700465,cpbgf_700465
rna-gnl|cpbgf|cpbgf_700470-RA,cpbgf_700470
rna-gnl|cpbgf|cpbgf_700480-RA,cpbgf_700480
rna-cpbgf_700485,cpbgf_700485
rna-gnl|cpbgf|cpbgf_700490-RA,cpbgf_700490
rna-gnl|cpbgf|cpbgf_700500-RA,cpbgf_700500
rna-gnl|cpbgf|cpbgf_700510-RA,cpbgf_700510
rna-gnl|cpbgf|cpbgf_700520-RA,cpbgf_700520
rna-gnl|cpbgf|cpbgf_700530-RA,cpbgf_700530
rna-gnl|cpbgf|cpbgf_700540-RA,cpbgf_700540
rna-gnl|cpbgf|cpbgf_700550-RA,cpbgf_700550
rna-gnl|cpbgf|cpbgf_700560-RA,cpbgf_700560
rna-gnl|cpbgf|cpbgf_700570-RA,cpbgf_700570
rna-cpbgf_700575,cpbgf_700575
rna-gnl|cpbgf|cpbgf_700580-RA,cpbgf_700580
rna-gnl|cpbgf|cpbgf_700590-RA,cpbgf_700590
rna-gnl|cpbgf|cpbgf_700600-RA,cpbgf_700600
rna-gnl|cpbgf|cpbgf_700610-RA,cpbgf_700610
rna-gnl|cpbgf|cpbgf_700620-RA,cpbgf_700620
rna-gnl|cpbgf|cpbgf_700630-RA,cpbgf_700630
rna-gnl|cpbgf|cpbgf_700640-RA,cpbgf_700640
rna-gnl|cpbgf|cpbgf_700650-RA,cpbgf_700650
rna-cpbgf_700655,cpbgf_700655
rna-gnl|cpbgf|cpbgf_700660-RA,cpbgf_700660
rna-gnl|cpbgf|cpbgf_700670-RA,cpbgf_700670
rna-gnl|cpbgf|cpbgf_700680-RA,cpbgf_700680
rna-cpbgf_700685,cpbgf_700685
rna-gnl|cpbgf|cpbgf_700690-RA,cpbgf_700690
rna-gnl|cpbgf|cpbgf_700700-RA,cpbgf_700700
rna-gnl|cpbgf|cpbgf_700710-RA,cpbgf_700710
rna-gnl|cpbgf|cpbgf_700720-RA,cpbgf_700720
rna-gnl|cpbgf|cpbgf_700730-RA,cpbgf_700730
rna-gnl|cpbgf|cpbgf_700743-RA,cpbgf_700743
rna-cpbgf_700745,cpbgf_700745
rna-cpbgf_700747,cpbgf_700747
rna-gnl|cpbgf|cpbgf_700750-RA,cpbgf_700750
rna-gnl|cpbgf|cpbgf_700753-RA,cpbgf_700753
rna-gnl|cpbgf|cpbgf_700760-RA,cpbgf_700760
rna-gnl|cpbgf|cpbgf_700770-RA,cpbgf_700770
rna-gnl|cpbgf|cpbgf_700780-RA,cpbgf_700780
rna-cpbgf_700785,cpbgf_700785
rna-gnl|cpbgf|cpbgf_700790-RA,cpbgf_700790
rna-gnl|cpbgf|cpbgf_700800-RA,cpbgf_700800
rna-gnl|cpbgf|cpbgf_700810-RA,cpbgf_700810
rna-gnl|cpbgf|cpbgf_700820-RA,cpbgf_700820
rna-gnl|cpbgf|cpbgf_700830-RA,cpbgf_700830
rna-gnl|cpbgf|cpbgf_700850-RA,cpbgf_700850
rna-cpbgf_700855,cpbgf_700855
rna-gnl|cpbgf|cpbgf_700860-RA,cpbgf_700860
rna-gnl|cpbgf|cpbgf_700870-RA,cpbgf_700870
rna-gnl|cpbgf|cpbgf_700880-RA,cpbgf_700880
rna-cpbgf_700885,cpbgf_700885
rna-gnl|cpbgf|cpbgf_700890-RA,cpbgf_700890
rna-gnl|cpbgf|cpbgf_700900-RA,cpbgf_700900
rna-gnl|cpbgf|cpbgf_700910-RA,cpbgf_700910
rna-cpbgf_700915,cpbgf_700915
rna-gnl|cpbgf|cpbgf_700920-RA,cpbgf_700920
rna-gnl|cpbgf|cpbgf_700930-RA,cpbgf_700930
rna-gnl|cpbgf|cpbgf_700940-RA,cpbgf_700940
rna-cpbgf_700945,cpbgf_700945
rna-cpbgf_700947,cpbgf_700947
rna-gnl|cpbgf|cpbgf_700950-RA,cpbgf_700950
rna-gnl|cpbgf|cpbgf_700960-RA,cpbgf_700960
rna-gnl|cpbgf|cpbgf_700970-RA,cpbgf_700970
rna-gnl|cpbgf|cpbgf_700980-RA,cpbgf_700980
rna-gnl|cpbgf|cpbgf_700990-RA,cpbgf_700990
rna-gnl|cpbgf|cpbgf_7001000-RA,cpbgf_7001000
rna-gnl|cpbgf|cpbgf_7001010-RA,cpbgf_7001010
rna-gnl|cpbgf|cpbgf_7001020-RA,cpbgf_7001020
rna-gnl|cpbgf|cpbgf_7001030-RA,cpbgf_7001030
rna-gnl|cpbgf|cpbgf_7001040-RA,cpbgf_7001040
rna-gnl|cpbgf|cpbgf_7001050-RA,cpbgf_7001050
rna-gnl|cpbgf|cpbgf_7001060-RA,cpbgf_7001060
rna-gnl|cpbgf|cpbgf_7001070-RA,cpbgf_7001070
rna-gnl|cpbgf|cpbgf_7001080-RA,cpbgf_7001080
rna-gnl|cpbgf|cpbgf_7001090-RA,cpbgf_7001090
rna-gnl|cpbgf|cpbgf_7001100-RA,cpbgf_7001100
rna-gnl|cpbgf|cpbgf_7001110-RA,cpbgf_7001110
rna-cpbgf_7001115,cpbgf_7001115
rna-gnl|cpbgf|cpbgf_7001120-RA,cpbgf_7001120
rna-gnl|cpbgf|cpbgf_7001130-RA,cpbgf_7001130
rna-cpbgf_7001135,cpbgf_7001135
rna-gnl|cpbgf|cpbgf_7001140-RA,cpbgf_7001140
rna-gnl|cpbgf|cpbgf_7001150-RA,cpbgf_7001150
rna-gnl|cpbgf|cpbgf_7001160-RA,cpbgf_7001160
rna-cpbgf_7001165,cpbgf_7001165
rna-gnl|cpbgf|cpbgf_7001170-RA,cpbgf_7001170
rna-gnl|cpbgf|cpbgf_7001180-RA,cpbgf_7001180
rna-gnl|cpbgf|cpbgf_7001190-RA,cpbgf_7001190
rna-gnl|cpbgf|cpbgf_7001200-RA,cpbgf_7001200
rna-gnl|cpbgf|cpbgf_7001210-RA,cpbgf_7001210
rna-gnl|cpbgf|cpbgf_7001220-RA,cpbgf_7001220
rna-gnl|cpbgf|cpbgf_7001230-RA,cpbgf_7001230
rna-gnl|cpbgf|cpbgf_7001250-RA,cpbgf_7001250
rna-gnl|cpbgf|cpbgf_7001260-RA,cpbgf_7001260
rna-gnl|cpbgf|cpbgf_7001270-RA,cpbgf_7001270
rna-cpbgf_7001273,cpbgf_7001273
rna-cpbgf_7001275,cpbgf_7001275
rna-gnl|cpbgf|cpbgf_7001280-RA,cpbgf_7001280
rna-gnl|cpbgf|cpbgf_7001290-RA,cpbgf_7001290
rna-gnl|cpbgf|cpbgf_7001300-RA,cpbgf_7001300
rna-gnl|cpbgf|cpbgf_7001310-RA,cpbgf_7001310
rna-gnl|cpbgf|cpbgf_7001320-RA,cpbgf_7001320
rna-gnl|cpbgf|cpbgf_7001330-RA,cpbgf_7001330
rna-gnl|cpbgf|cpbgf_7001340-RA,cpbgf_7001340
rna-cpbgf_7001345,cpbgf_7001345
rna-gnl|cpbgf|cpbgf_7001350-RA,cpbgf_7001350
rna-gnl|cpbgf|cpbgf_7001360-RA,cpbgf_7001360
rna-gnl|cpbgf|cpbgf_7001365-RA,cpbgf_7001365
rna-gnl|cpbgf|cpbgf_7001370-RA,cpbgf_7001370
rna-gnl|cpbgf|cpbgf_7001380-RA,cpbgf_7001380
rna-gnl|cpbgf|cpbgf_7001390-RA,cpbgf_7001390
rna-gnl|cpbgf|cpbgf_7001400-RA,cpbgf_7001400
rna-gnl|cpbgf|cpbgf_7001410-RA,cpbgf_7001410
rna-gnl|cpbgf|cpbgf_7001430-RA,cpbgf_7001430
rna-gnl|cpbgf|cpbgf_7001440-RA,cpbgf_7001440
rna-gnl|cpbgf|cpbgf_7001446-RA,cpbgf_7001446
rna-gnl|cpbgf|cpbgf_7001450-RA,cpbgf_7001450
rna-gnl|cpbgf|cpbgf_7001460-RA,cpbgf_7001460
rna-gnl|cpbgf|cpbgf_7001470-RA,cpbgf_7001470
rna-cpbgf_7001475,cpbgf_7001475
rna-gnl|cpbgf|cpbgf_7001480-RA,cpbgf_7001480
rna-cpbgf_7001485,cpbgf_7001485
rna-gnl|cpbgf|cpbgf_7001490-RA,cpbgf_7001490
rna-gnl|cpbgf|cpbgf_7001500-RA,cpbgf_7001500
rna-gnl|cpbgf|cpbgf_7001510-RA,cpbgf_7001510
rna-gnl|cpbgf|cpbgf_7001520-RA,cpbgf_7001520
rna-gnl|cpbgf|cpbgf_7001530-RA,cpbgf_7001530
rna-gnl|cpbgf|cpbgf_7001540-RA,cpbgf_7001540
rna-cpbgf_7001543,cpbgf_7001543
rna-cpbgf_7001545,cpbgf_7001545
rna-gnl|cpbgf|cpbgf_7001550-RA,cpbgf_7001550
rna-cpbgf_7001555,cpbgf_7001555
rna-gnl|cpbgf|cpbgf_7001560-RA,cpbgf_7001560
rna-gnl|cpbgf|cpbgf_7001570-RA,cpbgf_7001570
rna-gnl|cpbgf|cpbgf_7001575-RA,cpbgf_7001575
rna-gnl|cpbgf|cpbgf_7001580-RA,cpbgf_7001580
rna-gnl|cpbgf|cpbgf_7001585-RA,cpbgf_7001585
rna-gnl|cpbgf|cpbgf_7001590-RA,cpbgf_7001590
rna-cpbgf_7001595,cpbgf_7001595
rna-gnl|cpbgf|cpbgf_7001600-RA,cpbgf_7001600
rna-gnl|cpbgf|cpbgf_7001610-RA,cpbgf_7001610
rna-gnl|cpbgf|cpbgf_7001620-RA,cpbgf_7001620
rna-gnl|cpbgf|cpbgf_7001630-RA,cpbgf_7001630
rna-gnl|cpbgf|cpbgf_7001640-RA,cpbgf_7001640
rna-cpbgf_7001645,cpbgf_7001645
rna-gnl|cpbgf|cpbgf_7001650-RA,cpbgf_7001650
rna-gnl|cpbgf|cpbgf_7001655-RA,cpbgf_7001655
rna-gnl|cpbgf|cpbgf_7001660-RA,cpbgf_7001660
rna-gnl|cpbgf|cpbgf_7001670-RA,cpbgf_7001670
rna-gnl|cpbgf|cpbgf_7001680-RA,cpbgf_7001680
rna-gnl|cpbgf|cpbgf_7001685-RA,cpbgf_7001685
rna-gnl|cpbgf|cpbgf_7001690-RA,cpbgf_7001690
rna-gnl|cpbgf|cpbgf_7001700-RA,cpbgf_7001700
rna-cpbgf_7001705,cpbgf_7001705
rna-cpbgf_7001707,cpbgf_7001707
rna-gnl|cpbgf|cpbgf_7001710-RA,cpbgf_7001710
rna-gnl|cpbgf|cpbgf_7001715-RA,cpbgf_7001715
rna-gnl|cpbgf|cpbgf_7001720-RA,cpbgf_7001720
rna-gnl|cpbgf|cpbgf_7001730-RA,cpbgf_7001730
rna-gnl|cpbgf|cpbgf_7001740-RA,cpbgf_7001740
rna-gnl|cpbgf|cpbgf_7001750-RA,cpbgf_7001750
rna-gnl|cpbgf|cpbgf_7001760-RA,cpbgf_7001760
rna-cpbgf_7001765,cpbgf_7001765
rna-gnl|cpbgf|cpbgf_7001770-RA,cpbgf_7001770
rna-gnl|cpbgf|cpbgf_7001780-RA,cpbgf_7001780
rna-gnl|cpbgf|cpbgf_7001790-RA,cpbgf_7001790
rna-gnl|cpbgf|cpbgf_7001795-RA,cpbgf_7001795
rna-gnl|cpbgf|cpbgf_7001800-RA,cpbgf_7001800
rna-gnl|cpbgf|cpbgf_7001810-RA,cpbgf_7001810
rna-gnl|cpbgf|cpbgf_7001820-RA,cpbgf_7001820
rna-cpbgf_7001825,cpbgf_7001825
rna-gnl|cpbgf|cpbgf_7001830-RA,cpbgf_7001830
rna-gnl|cpbgf|cpbgf_7001840-RA,cpbgf_7001840
rna-gnl|cpbgf|cpbgf_7001850-RA,cpbgf_7001850
rna-gnl|cpbgf|cpbgf_7001860-RA,cpbgf_7001860
rna-gnl|cpbgf|cpbgf_7001880-RA,cpbgf_7001880
rna-gnl|cpbgf|cpbgf_7001890-RA,cpbgf_7001890
rna-gnl|cpbgf|cpbgf_7001900-RA,cpbgf_7001900
rna-gnl|cpbgf|cpbgf_7001910-RA,cpbgf_7001910
rna-gnl|cpbgf|cpbgf_7001920-RA,cpbgf_7001920
rna-gnl|cpbgf|cpbgf_7001930-RA,cpbgf_7001930
rna-gnl|cpbgf|cpbgf_7001940-RA,cpbgf_7001940
rna-gnl|cpbgf|cpbgf_7001950-RA,cpbgf_7001950
rna-gnl|cpbgf|cpbgf_7001960-RA,cpbgf_7001960
rna-cpbgf_7001965,cpbgf_7001965
rna-gnl|cpbgf|cpbgf_7001970-RA,cpbgf_7001970
rna-gnl|cpbgf|cpbgf_7001980-RA,cpbgf_7001980
rna-gnl|cpbgf|cpbgf_7001990-RA,cpbgf_7001990
rna-gnl|cpbgf|cpbgf_7002000-RA,cpbgf_7002000
rna-cpbgf_7002005,cpbgf_7002005
rna-gnl|cpbgf|cpbgf_7002010-RA,cpbgf_7002010
rna-gnl|cpbgf|cpbgf_7002020-RA,cpbgf_7002020
rna-gnl|cpbgf|cpbgf_7002030-RA,cpbgf_7002030
rna-cpbgf_7002033,cpbgf_7002033
rna-cpbgf_7002035,cpbgf_7002035
rna-gnl|cpbgf|cpbgf_7002040-RA,cpbgf_7002040
rna-gnl|cpbgf|cpbgf_7002050-RA,cpbgf_7002050
rna-gnl|cpbgf|cpbgf_7002060-RA,cpbgf_7002060
rna-gnl|cpbgf|cpbgf_7002070-RA,cpbgf_7002070
rna-cpbgf_7002075,cpbgf_7002075
rna-gnl|cpbgf|cpbgf_7002080-RA,cpbgf_7002080
rna-gnl|cpbgf|cpbgf_7002090-RA,cpbgf_7002090
rna-gnl|cpbgf|cpbgf_7002100-RA,cpbgf_7002100
rna-cpbgf_7002105,cpbgf_7002105
rna-gnl|cpbgf|cpbgf_7002110-RA,cpbgf_7002110
rna-gnl|cpbgf|cpbgf_7002120-RA,cpbgf_7002120
rna-gnl|cpbgf|cpbgf_7002130-RA,cpbgf_7002130
rna-gnl|cpbgf|cpbgf_7002140-RA,cpbgf_7002140
rna-gnl|cpbgf|cpbgf_7002150-RA,cpbgf_7002150
rna-gnl|cpbgf|cpbgf_7002160-RA,cpbgf_7002160
rna-gnl|cpbgf|cpbgf_7002170-RA,cpbgf_7002170
rna-gnl|cpbgf|cpbgf_7002180-RA,cpbgf_7002180
rna-gnl|cpbgf|cpbgf_7002190-RA,cpbgf_7002190
rna-cpbgf_7002195,cpbgf_7002195
rna-gnl|cpbgf|cpbgf_7002200-RA,cpbgf_7002200
rna-gnl|cpbgf|cpbgf_7002210-RA,cpbgf_7002210
rna-gnl|cpbgf|cpbgf_7002220-RA,cpbgf_7002220
rna-gnl|cpbgf|cpbgf_7002230-RA,cpbgf_7002230
rna-gnl|cpbgf|cpbgf_7002240-RA,cpbgf_7002240
rna-gnl|cpbgf|cpbgf_7002250-RA,cpbgf_7002250
rna-gnl|cpbgf|cpbgf_7002260-RA,cpbgf_7002260
rna-gnl|cpbgf|cpbgf_7002270-RA,cpbgf_7002270
rna-gnl|cpbgf|cpbgf_7002280-RA,cpbgf_7002280
rna-gnl|cpbgf|cpbgf_7002290-RA,cpbgf_7002290
rna-gnl|cpbgf|cpbgf_7002300-RA,cpbgf_7002300
rna-gnl|cpbgf|cpbgf_7002310-RA,cpbgf_7002310
rna-cpbgf_7002315,cpbgf_7002315
rna-gnl|cpbgf|cpbgf_7002320-RA,cpbgf_7002320
rna-gnl|cpbgf|cpbgf_7002330-RA,cpbgf_7002330
rna-cpbgf_7002335,cpbgf_7002335
rna-gnl|cpbgf|cpbgf_7002340-RA,cpbgf_7002340
rna-gnl|cpbgf|cpbgf_7002350-RA,cpbgf_7002350
rna-gnl|cpbgf|cpbgf_7002360-RA,cpbgf_7002360
rna-cpbgf_7002365,cpbgf_7002365
rna-gnl|cpbgf|cpbgf_7002370-RA,cpbgf_7002370
rna-gnl|cpbgf|cpbgf_7002380-RA,cpbgf_7002380
rna-gnl|cpbgf|cpbgf_7002390-RA,cpbgf_7002390
rna-gnl|cpbgf|cpbgf_7002395-RA,cpbgf_7002395
rna-gnl|cpbgf|cpbgf_7002400-RA,cpbgf_7002400
rna-gnl|cpbgf|cpbgf_7002410-RA,cpbgf_7002410
rna-cpbgf_7002415,cpbgf_7002415
rna-gnl|cpbgf|cpbgf_7002420-RA,cpbgf_7002420
rna-gnl|cpbgf|cpbgf_7002430-RA,cpbgf_7002430
rna-cpbgf_7002435,cpbgf_7002435
rna-gnl|cpbgf|cpbgf_7002440-RA,cpbgf_7002440
rna-gnl|cpbgf|cpbgf_7002450-RA,cpbgf_7002450
rna-gnl|cpbgf|cpbgf_7002460-RA,cpbgf_7002460
rna-gnl|cpbgf|cpbgf_7002470-RA,cpbgf_7002470
rna-cpbgf_7002475,cpbgf_7002475
rna-gnl|cpbgf|cpbgf_7002480-RA,cpbgf_7002480
rna-gnl|cpbgf|cpbgf_7002485-RA,cpbgf_7002485
rna-gnl|cpbgf|cpbgf_7002490-RA,cpbgf_7002490
rna-gnl|cpbgf|cpbgf_7002500-RA,cpbgf_7002500
rna-cpbgf_7002505,cpbgf_7002505
rna-gnl|cpbgf|cpbgf_7002510-RA,cpbgf_7002510
rna-gnl|cpbgf|cpbgf_7002513-RA,cpbgf_7002513
rna-cpbgf_7002515,cpbgf_7002515
rna-gnl|cpbgf|cpbgf_7002520-RA,cpbgf_7002520
rna-gnl|cpbgf|cpbgf_7002530-RA,cpbgf_7002530
rna-cpbgf_7002535,cpbgf_7002535
rna-gnl|cpbgf|cpbgf_7002540-RA,cpbgf_7002540
rna-gnl|cpbgf|cpbgf_7002550-RA,cpbgf_7002550
rna-gnl|cpbgf|cpbgf_7002560-RA,cpbgf_7002560
rna-gnl|cpbgf|cpbgf_7002570-RA,cpbgf_7002570
rna-gnl|cpbgf|cpbgf_7002580-RA,cpbgf_7002580
rna-gnl|cpbgf|cpbgf_7002600-RA,cpbgf_7002600
rna-cpbgf_7002605,cpbgf_7002605
rna-cpbgf_7002607,cpbgf_7002607
rna-gnl|cpbgf|cpbgf_7002610-RA,cpbgf_7002610
rna-gnl|cpbgf|cpbgf_7002620-RA,cpbgf_7002620
rna-gnl|cpbgf|cpbgf_7002630-RA,cpbgf_7002630
rna-gnl|cpbgf|cpbgf_7002640-RA,cpbgf_7002640
rna-gnl|cpbgf|cpbgf_7002650-RA,cpbgf_7002650
rna-cpbgf_7002655,cpbgf_7002655
rna-cpbgf_7002657,cpbgf_7002657
rna-gnl|cpbgf|cpbgf_7002660-RA,cpbgf_7002660
rna-gnl|cpbgf|cpbgf_7002670-RA,cpbgf_7002670
rna-cpbgf_7002675,cpbgf_7002675
rna-gnl|cpbgf|cpbgf_7002680-RA,cpbgf_7002680
rna-gnl|cpbgf|cpbgf_7002690-RA,cpbgf_7002690
rna-gnl|cpbgf|cpbgf_7002700-RA,cpbgf_7002700
rna-gnl|cpbgf|cpbgf_7002710-RA,cpbgf_7002710
rna-cpbgf_7002715,cpbgf_7002715
rna-gnl|cpbgf|cpbgf_7002720-RA,cpbgf_7002720
rna-cpbgf_7002725,cpbgf_7002725
rna-gnl|cpbgf|cpbgf_7002730-RA,cpbgf_7002730
rna-gnl|cpbgf|cpbgf_7002740-RA,cpbgf_7002740
rna-cpbgf_7002745,cpbgf_7002745
rna-gnl|cpbgf|cpbgf_7002750-RA,cpbgf_7002750
rna-gnl|cpbgf|cpbgf_7002760-RA,cpbgf_7002760
rna-cpbgf_7002765,cpbgf_7002765
rna-gnl|cpbgf|cpbgf_7002770-RA,cpbgf_7002770
rna-gnl|cpbgf|cpbgf_7002780-RA,cpbgf_7002780
rna-gnl|cpbgf|cpbgf_7002790-RA,cpbgf_7002790
rna-gnl|cpbgf|cpbgf_7002800-RA,cpbgf_7002800
rna-gnl|cpbgf|cpbgf_7002810-RA,cpbgf_7002810
rna-gnl|cpbgf|cpbgf_7002820-RA,cpbgf_7002820
rna-gnl|cpbgf|cpbgf_7002830-RA,cpbgf_7002830
rna-cpbgf_7002835,cpbgf_7002835
rna-gnl|cpbgf|cpbgf_7002840-RA,cpbgf_7002840
rna-cpbgf_7002845,cpbgf_7002845
rna-gnl|cpbgf|cpbgf_7002850-RA,cpbgf_7002850
rna-gnl|cpbgf|cpbgf_7002860-RA,cpbgf_7002860
rna-gnl|cpbgf|cpbgf_7002870-RA,cpbgf_7002870
rna-cpbgf_7002875,cpbgf_7002875
rna-gnl|cpbgf|cpbgf_7002880-RA,cpbgf_7002880
rna-cpbgf_7002885,cpbgf_7002885
rna-gnl|cpbgf|cpbgf_7002890-RA,cpbgf_7002890
rna-gnl|cpbgf|cpbgf_7002900-RA,cpbgf_7002900
rna-gnl|cpbgf|cpbgf_7002910-RA,cpbgf_7002910
rna-cpbgf_7002915,cpbgf_7002915
rna-gnl|cpbgf|cpbgf_7002920-RA,cpbgf_7002920
rna-gnl|cpbgf|cpbgf_7002930-RA,cpbgf_7002930
rna-gnl|cpbgf|cpbgf_7002940-RA,cpbgf_7002940
rna-cpbgf_7002945,cpbgf_7002945
rna-gnl|cpbgf|cpbgf_7002950-RA,cpbgf_7002950
rna-gnl|cpbgf|cpbgf_7002960-RA,cpbgf_7002960
rna-gnl|cpbgf|cpbgf_7002970-RA,cpbgf_7002970
rna-gnl|cpbgf|cpbgf_7002980-RA,cpbgf_7002980
rna-gnl|cpbgf|cpbgf_7002990-RA,cpbgf_7002990
rna-gnl|cpbgf|cpbgf_7003000-RA,cpbgf_7003000
rna-gnl|cpbgf|cpbgf_7003010-RA,cpbgf_7003010
rna-gnl|cpbgf|cpbgf_7003020-RA,cpbgf_7003020
rna-gnl|cpbgf|cpbgf_7003030-RA,cpbgf_7003030
rna-gnl|cpbgf|cpbgf_7003040-RA,cpbgf_7003040
rna-cpbgf_7003043,cpbgf_7003043
rna-cpbgf_7003045,cpbgf_7003045
rna-gnl|cpbgf|cpbgf_7003050-RA,cpbgf_7003050
rna-cpbgf_7003053,cpbgf_7003053
rna-cpbgf_7003055,cpbgf_7003055
rna-gnl|cpbgf|cpbgf_7003060-RA,cpbgf_7003060
rna-cpbgf_7003065,cpbgf_7003065
rna-gnl|cpbgf|cpbgf_7003070-RA,cpbgf_7003070
rna-gnl|cpbgf|cpbgf_7003080-RA,cpbgf_7003080
rna-gnl|cpbgf|cpbgf_7003090-RA,cpbgf_7003090
rna-gnl|cpbgf|cpbgf_7003100-RA,cpbgf_7003100
rna-gnl|cpbgf|cpbgf_7003110-RA,cpbgf_7003110
rna-gnl|cpbgf|cpbgf_7003120-RA,cpbgf_7003120
rna-gnl|cpbgf|cpbgf_7003130-RA,cpbgf_7003130
rna-gnl|cpbgf|cpbgf_7003140-RA,cpbgf_7003140
rna-gnl|cpbgf|cpbgf_7003150-RA,cpbgf_7003150
rna-gnl|cpbgf|cpbgf_7003160-RA,cpbgf_7003160
rna-cpbgf_7003165,cpbgf_7003165
rna-gnl|cpbgf|cpbgf_7003170-RA,cpbgf_7003170
rna-cpbgf_7003175,cpbgf_7003175
rna-gnl|cpbgf|cpbgf_7003180-RA,cpbgf_7003180
rna-gnl|cpbgf|cpbgf_7003190-RA,cpbgf_7003190
rna-gnl|cpbgf|cpbgf_7003200-RA,cpbgf_7003200
rna-gnl|cpbgf|cpbgf_7003210-RA,cpbgf_7003210
rna-gnl|cpbgf|cpbgf_7003220-RA,cpbgf_7003220
rna-gnl|cpbgf|cpbgf_7003230-RA,cpbgf_7003230
rna-gnl|cpbgf|cpbgf_7003240-RA,cpbgf_7003240
rna-gnl|cpbgf|cpbgf_7003250-RA,cpbgf_7003250
rna-gnl|cpbgf|cpbgf_7003260-RA,cpbgf_7003260
rna-gnl|cpbgf|cpbgf_7003270-RA,cpbgf_7003270
rna-cpbgf_7003275,cpbgf_7003275
rna-gnl|cpbgf|cpbgf_7003280-RA,cpbgf_7003280
rna-gnl|cpbgf|cpbgf_7003290-RA,cpbgf_7003290
rna-gnl|cpbgf|cpbgf_7003300-RA,cpbgf_7003300
rna-gnl|cpbgf|cpbgf_7003310-RA,cpbgf_7003310
rna-gnl|cpbgf|cpbgf_7003320-RA,cpbgf_7003320
rna-gnl|cpbgf|cpbgf_7003330-RA,cpbgf_7003330
rna-gnl|cpbgf|cpbgf_7003340-RA,cpbgf_7003340
rna-gnl|cpbgf|cpbgf_7003350-RA,cpbgf_7003350
rna-gnl|cpbgf|cpbgf_7003360-RA,cpbgf_7003360
rna-gnl|cpbgf|cpbgf_7003370-RA,cpbgf_7003370
rna-cpbgf_7003375,cpbgf_7003375
rna-gnl|cpbgf|cpbgf_7003380-RA,cpbgf_7003380
rna-gnl|cpbgf|cpbgf_7003390-RA,cpbgf_7003390
rna-gnl|cpbgf|cpbgf_7003400-RA,cpbgf_7003400
rna-gnl|cpbgf|cpbgf_7003410-RA,cpbgf_7003410
rna-cpbgf_7003405,cpbgf_7003405
rna-gnl|cpbgf|cpbgf_7003420-RA,cpbgf_7003420
rna-cpbgf_7003423,cpbgf_7003423
rna-cpbgf_7003425,cpbgf_7003425
rna-gnl|cpbgf|cpbgf_7003430-RA,cpbgf_7003430
rna-gnl|cpbgf|cpbgf_7003440-RA,cpbgf_7003440
rna-gnl|cpbgf|cpbgf_7003450-RA,cpbgf_7003450
rna-gnl|cpbgf|cpbgf_7003460-RA,cpbgf_7003460
rna-gnl|cpbgf|cpbgf_7003470-RA,cpbgf_7003470
rna-gnl|cpbgf|cpbgf_7003480-RA,cpbgf_7003480
rna-gnl|cpbgf|cpbgf_7003490-RA,cpbgf_7003490
rna-gnl|cpbgf|cpbgf_7003500-RA,cpbgf_7003500
rna-gnl|cpbgf|cpbgf_7003510-RA,cpbgf_7003510
rna-gnl|cpbgf|cpbgf_7003520-RA,cpbgf_7003520
rna-gnl|cpbgf|cpbgf_7003530-RA,cpbgf_7003530
rna-gnl|cpbgf|cpbgf_7003540-RA,cpbgf_7003540
rna-gnl|cpbgf|cpbgf_7003550-RA,cpbgf_7003550
rna-gnl|cpbgf|cpbgf_7003560-RA,cpbgf_7003560
rna-gnl|cpbgf|cpbgf_7003570-RA,cpbgf_7003570
rna-gnl|cpbgf|cpbgf_7003580-RA,cpbgf_7003580
rna-gnl|cpbgf|cpbgf_7003590-RA,cpbgf_7003590
rna-gnl|cpbgf|cpbgf_7003600-RA,cpbgf_7003600
rna-gnl|cpbgf|cpbgf_7003610-RA,cpbgf_7003610
rna-gnl|cpbgf|cpbgf_7003620-RA,cpbgf_7003620
rna-gnl|cpbgf|cpbgf_7003630-RA,cpbgf_7003630
rna-gnl|cpbgf|cpbgf_7003633-RA,cpbgf_7003633
rna-gnl|cpbgf|cpbgf_7003635-RA,cpbgf_7003635
rna-cpbgf_7003637,cpbgf_7003637
rna-gnl|cpbgf|cpbgf_7003640-RA,cpbgf_7003640
rna-gnl|cpbgf|cpbgf_7003650-RA,cpbgf_7003650
rna-gnl|cpbgf|cpbgf_7003660-RA,cpbgf_7003660
rna-gnl|cpbgf|cpbgf_7003670-RA,cpbgf_7003670
rna-gnl|cpbgf|cpbgf_7003680-RA,cpbgf_7003680
rna-gnl|cpbgf|cpbgf_7003690-RA,cpbgf_7003690
rna-cpbgf_7003695,cpbgf_7003695
rna-gnl|cpbgf|cpbgf_7003700-RA,cpbgf_7003700
rna-gnl|cpbgf|cpbgf_7003710-RA,cpbgf_7003710
rna-gnl|cpbgf|cpbgf_7003720-RA,cpbgf_7003720
rna-gnl|cpbgf|cpbgf_7003730-RA,cpbgf_7003730
rna-gnl|cpbgf|cpbgf_7003740-RA,cpbgf_7003740
rna-gnl|cpbgf|cpbgf_7003750-RA,cpbgf_7003750
rna-gnl|cpbgf|cpbgf_7003760-RA,cpbgf_7003760
rna-cpbgf_7003765,cpbgf_7003765
rna-gnl|cpbgf|cpbgf_7003770-RA,cpbgf_7003770
rna-gnl|cpbgf|cpbgf_7003780-RA,cpbgf_7003780
rna-gnl|cpbgf|cpbgf_7003790-RA,cpbgf_7003790
rna-cpbgf_7003795,cpbgf_7003795
rna-gnl|cpbgf|cpbgf_7003800-RA,cpbgf_7003800
rna-gnl|cpbgf|cpbgf_7003810-RA,cpbgf_7003810
rna-cpbgf_7003815,cpbgf_7003815
rna-gnl|cpbgf|cpbgf_7003820-RA,cpbgf_7003820
rna-gnl|cpbgf|cpbgf_7003830-RA,cpbgf_7003830
rna-gnl|cpbgf|cpbgf_7003840-RA,cpbgf_7003840
rna-cpbgf_7003845,cpbgf_7003845
rna-gnl|cpbgf|cpbgf_7003850-RA,cpbgf_7003850
rna-gnl|cpbgf|cpbgf_7003860-RA,cpbgf_7003860
rna-gnl|cpbgf|cpbgf_7003865-RA,cpbgf_7003865
rna-gnl|cpbgf|cpbgf_7003870-RA,cpbgf_7003870
rna-cpbgf_7003875,cpbgf_7003875
rna-gnl|cpbgf|cpbgf_7003880-RA,cpbgf_7003880
rna-gnl|cpbgf|cpbgf_7003885-RA,cpbgf_7003885
rna-gnl|cpbgf|cpbgf_7003890-RA,cpbgf_7003890
rna-gnl|cpbgf|cpbgf_7003900-RA,cpbgf_7003900
rna-gnl|cpbgf|cpbgf_7003910-RA,cpbgf_7003910
rna-gnl|cpbgf|cpbgf_7003920-RA,cpbgf_7003920
rna-cpbgf_7003925,cpbgf_7003925
rna-gnl|cpbgf|cpbgf_7003930-RA,cpbgf_7003930
rna-gnl|cpbgf|cpbgf_7003940-RA,cpbgf_7003940
rna-gnl|cpbgf|cpbgf_7003950-RA,cpbgf_7003950
rna-gnl|cpbgf|cpbgf_7003960-RA,cpbgf_7003960
rna-gnl|cpbgf|cpbgf_7003970-RA,cpbgf_7003970
rna-gnl|cpbgf|cpbgf_7003980-RA,cpbgf_7003980
rna-gnl|cpbgf|cpbgf_7003990-RA,cpbgf_7003990
rna-gnl|cpbgf|cpbgf_7004000-RA,cpbgf_7004000
rna-gnl|cpbgf|cpbgf_7004010-RA,cpbgf_7004010
rna-gnl|cpbgf|cpbgf_7004020-RA,cpbgf_7004020
rna-cpbgf_7004023,cpbgf_7004023
rna-cpbgf_7004025,cpbgf_7004025
rna-gnl|cpbgf|cpbgf_7004030-RA,cpbgf_7004030
rna-gnl|cpbgf|cpbgf_7004040-RA,cpbgf_7004040
rna-gnl|cpbgf|cpbgf_7004050-RA,cpbgf_7004050
rna-gnl|cpbgf|cpbgf_7004060-RA,cpbgf_7004060
rna-gnl|cpbgf|cpbgf_7004070-RA,cpbgf_7004070
rna-gnl|cpbgf|cpbgf_7004080-RA,cpbgf_7004080
rna-gnl|cpbgf|cpbgf_7004090-RA,cpbgf_7004090
rna-gnl|cpbgf|cpbgf_7004095-RA,cpbgf_7004095
rna-gnl|cpbgf|cpbgf_7004100-RA,cpbgf_7004100
rna-gnl|cpbgf|cpbgf_7004105-RA,cpbgf_7004105
rna-gnl|cpbgf|cpbgf_7004110-RA,cpbgf_7004110
rna-gnl|cpbgf|cpbgf_7004120-RA,cpbgf_7004120
rna-cpbgf_7004125,cpbgf_7004125
rna-gnl|cpbgf|cpbgf_7004130-RA,cpbgf_7004130
rna-gnl|cpbgf|cpbgf_7004140-RA,cpbgf_7004140
rna-gnl|cpbgf|cpbgf_7004150-RA,cpbgf_7004150
rna-gnl|cpbgf|cpbgf_7004160-RA,cpbgf_7004160
rna-gnl|cpbgf|cpbgf_7004170-RA,cpbgf_7004170
rna-gnl|cpbgf|cpbgf_7004180-RA,cpbgf_7004180
rna-gnl|cpbgf|cpbgf_7004190-RA,cpbgf_7004190
rna-gnl|cpbgf|cpbgf_7004200-RA,cpbgf_7004200
rna-gnl|cpbgf|cpbgf_7004210-RA,cpbgf_7004210
rna-gnl|cpbgf|cpbgf_7004215-RA,cpbgf_7004215
rna-gnl|cpbgf|cpbgf_7004220-RA,cpbgf_7004220
rna-gnl|cpbgf|cpbgf_7004230-RA,cpbgf_7004230
rna-gnl|cpbgf|cpbgf_7004240-RA,cpbgf_7004240
rna-gnl|cpbgf|cpbgf_7004250-RA,cpbgf_7004250
rna-gnl|cpbgf|cpbgf_7004260-RA,cpbgf_7004260
rna-gnl|cpbgf|cpbgf_7004270-RA,cpbgf_7004270
rna-gnl|cpbgf|cpbgf_7004280-RA,cpbgf_7004280
rna-gnl|cpbgf|cpbgf_7004290-RA,cpbgf_7004290
rna-gnl|cpbgf|cpbgf_7004300-RA,cpbgf_7004300
rna-cpbgf_7004305,cpbgf_7004305
rna-gnl|cpbgf|cpbgf_7004310-RA,cpbgf_7004310
rna-gnl|cpbgf|cpbgf_7004320-RA,cpbgf_7004320
rna-gnl|cpbgf|cpbgf_7004325-RA,cpbgf_7004325
rna-gnl|cpbgf|cpbgf_7004330-RA,cpbgf_7004330
rna-gnl|cpbgf|cpbgf_7004340-RA,cpbgf_7004340
rna-gnl|cpbgf|cpbgf_7004350-RA,cpbgf_7004350
rna-gnl|cpbgf|cpbgf_7004360-RA,cpbgf_7004360
rna-gnl|cpbgf|cpbgf_7004370-RA,cpbgf_7004370
rna-gnl|cpbgf|cpbgf_7004380-RA,cpbgf_7004380
rna-gnl|cpbgf|cpbgf_7004390-RA,cpbgf_7004390
rna-gnl|cpbgf|cpbgf_7004400-RA,cpbgf_7004400
rna-gnl|cpbgf|cpbgf_7004410-RA,cpbgf_7004410
rna-gnl|cpbgf|cpbgf_7004420-RA,cpbgf_7004420
rna-gnl|cpbgf|cpbgf_7004430-RA,cpbgf_7004430
rna-gnl|cpbgf|cpbgf_7004450-RA,cpbgf_7004450
rna-gnl|cpbgf|cpbgf_7004460-RA,cpbgf_7004460
rna-gnl|cpbgf|cpbgf_7004470-RA,cpbgf_7004470
rna-gnl|cpbgf|cpbgf_7004480-RA,cpbgf_7004480
rna-cpbgf_7004485,cpbgf_7004485
rna-gnl|cpbgf|cpbgf_7004490-RA,cpbgf_7004490
rna-cpbgf_7004495,cpbgf_7004495
rna-gnl|cpbgf|cpbgf_7004500-RA,cpbgf_7004500
rna-gnl|cpbgf|cpbgf_7004510-RA,cpbgf_7004510
rna-cpbgf_7004515,cpbgf_7004515
rna-gnl|cpbgf|cpbgf_7004520-RA,cpbgf_7004520
rna-gnl|cpbgf|cpbgf_7004530-RA,cpbgf_7004530
rna-cpbgf_7004535,cpbgf_7004535
rna-gnl|cpbgf|cpbgf_7004540-RA,cpbgf_7004540
rna-gnl|cpbgf|cpbgf_7004550-RA,cpbgf_7004550
rna-gnl|cpbgf|cpbgf_7004560-RA,cpbgf_7004560
rna-gnl|cpbgf|cpbgf_7004570-RA,cpbgf_7004570
rna-gnl|cpbgf|cpbgf_7004580-RA,cpbgf_7004580
rna-gnl|cpbgf|cpbgf_7004590-RA,cpbgf_7004590
rna-gnl|cpbgf|cpbgf_7004600-RA,cpbgf_7004600
rna-gnl|cpbgf|cpbgf_7004610-RA,cpbgf_7004610
rna-gnl|cpbgf|cpbgf_7004620-RA,cpbgf_7004620
rna-gnl|cpbgf|cpbgf_7004630-RA,cpbgf_7004630
rna-gnl|cpbgf|cpbgf_7004640-RA,cpbgf_7004640
rna-gnl|cpbgf|cpbgf_7004650-RA,cpbgf_7004650
rna-gnl|cpbgf|cpbgf_7004660-RA,cpbgf_7004660
rna-gnl|cpbgf|cpbgf_7004665-RA,cpbgf_7004665
rna-gnl|cpbgf|cpbgf_7004670-RA,cpbgf_7004670
rna-gnl|cpbgf|cpbgf_7004680-RA,cpbgf_7004680
rna-gnl|cpbgf|cpbgf_7004690-RA,cpbgf_7004690
rna-gnl|cpbgf|cpbgf_7004700-RA,cpbgf_7004700
rna-gnl|cpbgf|cpbgf_7004710-RA,cpbgf_7004710
rna-cpbgf_7004713,cpbgf_7004713
rna-gnl|cpbgf|cpbgf_7004715-RA,cpbgf_7004715
rna-gnl|cpbgf|cpbgf_7004720-RA,cpbgf_7004720
rna-gnl|cpbgf|cpbgf_7004730-RA,cpbgf_7004730
rna-gnl|cpbgf|cpbgf_7004740-RA,cpbgf_7004740
rna-gnl|cpbgf|cpbgf_7004750-RA,cpbgf_7004750
rna-gnl|cpbgf|cpbgf_7004760-RA,cpbgf_7004760
rna-cpbgf_7004765,cpbgf_7004765
rna-gnl|cpbgf|cpbgf_7004770-RA,cpbgf_7004770
rna-gnl|cpbgf|cpbgf_7004780-RA,cpbgf_7004780
rna-gnl|cpbgf|cpbgf_7004790-RA,cpbgf_7004790
rna-cpbgf_7004795,cpbgf_7004795
rna-gnl|cpbgf|cpbgf_7004800-RA,cpbgf_7004800
rna-gnl|cpbgf|cpbgf_7004810-RA,cpbgf_7004810
rna-gnl|cpbgf|cpbgf_7004820-RA,cpbgf_7004820
rna-gnl|cpbgf|cpbgf_7004830-RA,cpbgf_7004830
rna-gnl|cpbgf|cpbgf_7004840-RA,cpbgf_7004840
rna-gnl|cpbgf|cpbgf_7004850-RA,cpbgf_7004850
rna-gnl|cpbgf|cpbgf_7004860-RA,cpbgf_7004860
rna-gnl|cpbgf|cpbgf_7004870-RA,cpbgf_7004870
rna-gnl|cpbgf|cpbgf_7004880-RA,cpbgf_7004880
rna-gnl|cpbgf|cpbgf_7004890-RA,cpbgf_7004890
rna-gnl|cpbgf|cpbgf_7004895-RA,cpbgf_7004895
rna-gnl|cpbgf|cpbgf_7004900-RA,cpbgf_7004900
rna-gnl|cpbgf|cpbgf_7004910-RA,cpbgf_7004910
rna-gnl|cpbgf|cpbgf_7004920-RA,cpbgf_7004920
rna-gnl|cpbgf|cpbgf_7004930-RA,cpbgf_7004930
rna-gnl|cpbgf|cpbgf_7004940-RA,cpbgf_7004940
rna-gnl|cpbgf|cpbgf_7004950-RA,cpbgf_7004950
rna-cpbgf_7004955,cpbgf_7004955
rna-cpbgf_7004957,cpbgf_7004957
rna-gnl|cpbgf|cpbgf_7004960-RA,cpbgf_7004960
rna-gnl|cpbgf|cpbgf_7004970-RA,cpbgf_7004970
rna-cpbgf_7004973,cpbgf_7004973
rna-cpbgf_7004975,cpbgf_7004975
rna-cpbgf_7004976,cpbgf_7004976
rna-cpbgf_7004977,cpbgf_7004977
rna-gnl|cpbgf|cpbgf_7004980-RA,cpbgf_7004980
rna-gnl|cpbgf|cpbgf_7004990-RA,cpbgf_7004990
rna-gnl|cpbgf|cpbgf_7005000-RA,cpbgf_7005000
rna-cpbgf_7005005,cpbgf_7005005
rna-gnl|cpbgf|cpbgf_7005010-RA,cpbgf_7005010
rna-gnl|cpbgf|cpbgf_7005020-RA,cpbgf_7005020
rna-cpbgf_7005025,cpbgf_7005025
rna-gnl|cpbgf|cpbgf_7005030-RA,cpbgf_7005030
rna-gnl|cpbgf|cpbgf_7005040-RA,cpbgf_7005040
rna-gnl|cpbgf|cpbgf_7005050-RA,cpbgf_7005050
rna-cpbgf_7005055,cpbgf_7005055
rna-gnl|cpbgf|cpbgf_7005060-RA,cpbgf_7005060
rna-cpbgf_7005065,cpbgf_7005065
rna-gnl|cpbgf|cpbgf_7005070-RA,cpbgf_7005070
rna-gnl|cpbgf|cpbgf_7005080-RA,cpbgf_7005080
rna-gnl|cpbgf|cpbgf_7005090-RA,cpbgf_7005090
rna-gnl|cpbgf|cpbgf_7005100-RA,cpbgf_7005100
rna-gnl|cpbgf|cpbgf_7005103-RA,cpbgf_7005103
rna-cpbgf_7005104,cpbgf_7005104
rna-cpbgf_7005105,cpbgf_7005105
rna-cpbgf_7005106,cpbgf_7005106
rna-cpbgf_7005107,cpbgf_7005107
rna-gnl|cpbgf|cpbgf_7005110-RA,cpbgf_7005110
rna-gnl|cpbgf|cpbgf_7005120-RA,cpbgf_7005120
rna-gnl|cpbgf|cpbgf_7005130-RA,cpbgf_7005130
rna-gnl|cpbgf|cpbgf_7005140-RA,cpbgf_7005140
rna-gnl|cpbgf|cpbgf_7005150-RA,cpbgf_7005150
rna-gnl|cpbgf|cpbgf_7005160-RA,cpbgf_7005160
rna-gnl|cpbgf|cpbgf_7005170-RA,cpbgf_7005170
rna-gnl|cpbgf|cpbgf_7005180-RA,cpbgf_7005180
rna-cpbgf_7005185,cpbgf_7005185
rna-gnl|cpbgf|cpbgf_7005190-RA,cpbgf_7005190
rna-gnl|cpbgf|cpbgf_7005200-RA,cpbgf_7005200
rna-cpbgf_7005205,cpbgf_7005205
rna-gnl|cpbgf|cpbgf_7005210-RA,cpbgf_7005210
rna-gnl|cpbgf|cpbgf_7005220-RA,cpbgf_7005220
rna-cpbgf_7005235,cpbgf_7005235
rna-gnl|cpbgf|cpbgf_7005230-RA,cpbgf_7005230
rna-gnl|cpbgf|cpbgf_7005240-RA,cpbgf_7005240
rna-gnl|cpbgf|cpbgf_7005250-RA,cpbgf_7005250
rna-gnl|cpbgf|cpbgf_7005255-RA,cpbgf_7005255
rna-gnl|cpbgf|cpbgf_7005260-RA,cpbgf_7005260
rna-gnl|cpbgf|cpbgf_7005270-RA,cpbgf_7005270
rna-gnl|cpbgf|cpbgf_7005280-RA,cpbgf_7005280
rna-cpbgf_7005285,cpbgf_7005285
rna-gnl|cpbgf|cpbgf_7005290-RA,cpbgf_7005290
rna-gnl|cpbgf|cpbgf_7005300-RA,cpbgf_7005300
rna-gnl|cpbgf|cpbgf_7005310-RA,cpbgf_7005310
rna-gnl|cpbgf|cpbgf_7005320-RA,cpbgf_7005320
rna-gnl|cpbgf|cpbgf_7005330-RA,cpbgf_7005330
rna-gnl|cpbgf|cpbgf_7005340-RA,cpbgf_7005340
rna-gnl|cpbgf|cpbgf_7005350-RA,cpbgf_7005350
rna-gnl|cpbgf|cpbgf_7005360-RA,cpbgf_7005360
rna-gnl|cpbgf|cpbgf_7005370-RA,cpbgf_7005370
rna-gnl|cpbgf|cpbgf_7005380-RA,cpbgf_7005380
rna-gnl|cpbgf|cpbgf_7005400-RA,cpbgf_7005400
rna-gnl|cpbgf|cpbgf_7005410-RA,cpbgf_7005410
rna-gnl|cpbgf|cpbgf_7005420-RA,cpbgf_7005420
rna-gnl|cpbgf|cpbgf_7005430-RA,cpbgf_7005430
rna-gnl|cpbgf|cpbgf_7005440-RA,cpbgf_7005440
rna-cpbgf_7005445,cpbgf_7005445
rna-gnl|cpbgf|cpbgf_7005450-RA,cpbgf_7005450
rna-gnl|cpbgf|cpbgf_7005460-RA,cpbgf_7005460
rna-gnl|cpbgf|cpbgf_7005470-RA,cpbgf_7005470
rna-gnl|cpbgf|cpbgf_7005480-RA,cpbgf_7005480
rna-gnl|cpbgf|cpbgf_7005490-RA,cpbgf_7005490
rna-gnl|cpbgf|cpbgf_7005500-RA,cpbgf_7005500
rna-gnl|cpbgf|cpbgf_7005510-RA,cpbgf_7005510
rna-gnl|cpbgf|cpbgf_7005520-RA,cpbgf_7005520
rna-cpbgf_7005550,cpbgf_7005550
rna-cpbgf_7005560,cpbgf_7005560
rna-cpbgf_7005570,cpbgf_7005570
rna-cpbgf_7005580,cpbgf_7005580
rna-gnl|cpbgf|cpbgf_7005600-RA,cpbgf_7005600
rna-gnl|cpbgf|cpbgf_7005610-RA,cpbgf_7005610
rna-gnl|cpbgf|cpbgf_7005620-RA,cpbgf_7005620
rna-gnl|cpbgf|cpbgf_7005630-RA,cpbgf_7005630
rna-gnl|cpbgf|cpbgf_7005640-RA,cpbgf_7005640
rna-cpbgf_7005650,cpbgf_7005650
rna-cpbgf_7005660,cpbgf_7005660
rna-gnl|cpbgf|cpbgf_80010-RA,cpbgf_80010
rna-gnl|cpbgf|cpbgf_80020-RA,cpbgf_80020
rna-gnl|cpbgf|cpbgf_80030-RA,cpbgf_80030
rna-cpbgf_80025,cpbgf_80025
rna-gnl|cpbgf|cpbgf_80040-RA,cpbgf_80040
rna-gnl|cpbgf|cpbgf_80050-RA,cpbgf_80050
rna-gnl|cpbgf|cpbgf_80060-RA,cpbgf_80060
rna-gnl|cpbgf|cpbgf_80070-RA,cpbgf_80070
rna-gnl|cpbgf|cpbgf_80080-RA,cpbgf_80080
rna-gnl|cpbgf|cpbgf_80090-RA,cpbgf_80090
rna-cpbgf_80095,cpbgf_80095
rna-gnl|cpbgf|cpbgf_800100-RA,cpbgf_800100
rna-gnl|cpbgf|cpbgf_800110-RA,cpbgf_800110
rna-gnl|cpbgf|cpbgf_800120-RA,cpbgf_800120
rna-cpbgf_800125,cpbgf_800125
rna-gnl|cpbgf|cpbgf_800130-RA,cpbgf_800130
rna-gnl|cpbgf|cpbgf_800140-RA,cpbgf_800140
rna-gnl|cpbgf|cpbgf_800150-RA,cpbgf_800150
rna-gnl|cpbgf|cpbgf_800160-RA,cpbgf_800160
rna-gnl|cpbgf|cpbgf_800170-RA,cpbgf_800170
rna-gnl|cpbgf|cpbgf_800180-RA,cpbgf_800180
rna-gnl|cpbgf|cpbgf_800190-RA,cpbgf_800190
rna-cpbgf_800191,cpbgf_800191
rna-cpbgf_800192,cpbgf_800192
rna-gnl|cpbgf|cpbgf_800193-RA,cpbgf_800193
rna-gnl|cpbgf|cpbgf_800200-RA,cpbgf_800200
rna-cpbgf_800205,cpbgf_800205
rna-gnl|cpbgf|cpbgf_800210-RA,cpbgf_800210
rna-cpbgf_800215,cpbgf_800215
rna-gnl|cpbgf|cpbgf_800220-RA,cpbgf_800220
rna-gnl|cpbgf|cpbgf_800230-RA,cpbgf_800230
rna-gnl|cpbgf|cpbgf_800240-RA,cpbgf_800240
rna-cpbgf_800245,cpbgf_800245
rna-gnl|cpbgf|cpbgf_800250-RA,cpbgf_800250
rna-gnl|cpbgf|cpbgf_800260-RA,cpbgf_800260
rna-gnl|cpbgf|cpbgf_800270-RA,cpbgf_800270
rna-cpbgf_800275,cpbgf_800275
rna-gnl|cpbgf|cpbgf_800280-RA,cpbgf_800280
rna-gnl|cpbgf|cpbgf_800290-RA,cpbgf_800290
rna-gnl|cpbgf|cpbgf_800293-RA,cpbgf_800293
rna-gnl|cpbgf|cpbgf_800300-RA,cpbgf_800300
rna-gnl|cpbgf|cpbgf_800310-RA,cpbgf_800310
rna-gnl|cpbgf|cpbgf_800320-RA,cpbgf_800320
rna-cpbgf_800325,cpbgf_800325
rna-cpbgf_800327,cpbgf_800327
rna-gnl|cpbgf|cpbgf_800330-RA,cpbgf_800330
rna-gnl|cpbgf|cpbgf_800340-RA,cpbgf_800340
rna-gnl|cpbgf|cpbgf_800350-RA,cpbgf_800350
rna-gnl|cpbgf|cpbgf_800360-RA,cpbgf_800360
rna-gnl|cpbgf|cpbgf_800370-RA,cpbgf_800370
rna-gnl|cpbgf|cpbgf_800380-RA,cpbgf_800380
rna-gnl|cpbgf|cpbgf_800390-RA,cpbgf_800390
rna-gnl|cpbgf|cpbgf_800400-RA,cpbgf_800400
rna-cpbgf_800405,cpbgf_800405
rna-gnl|cpbgf|cpbgf_800410-RA,cpbgf_800410
rna-gnl|cpbgf|cpbgf_800420-RA,cpbgf_800420
rna-gnl|cpbgf|cpbgf_800430-RA,cpbgf_800430
rna-gnl|cpbgf|cpbgf_800440-RA,cpbgf_800440
rna-cpbgf_800445,cpbgf_800445
rna-gnl|cpbgf|cpbgf_800450-RA,cpbgf_800450
rna-gnl|cpbgf|cpbgf_800460-RA,cpbgf_800460
rna-gnl|cpbgf|cpbgf_800470-RA,cpbgf_800470
rna-gnl|cpbgf|cpbgf_800480-RA,cpbgf_800480
rna-cpbgf_800485,cpbgf_800485
rna-gnl|cpbgf|cpbgf_800490-RA,cpbgf_800490
rna-gnl|cpbgf|cpbgf_800500-RA,cpbgf_800500
rna-gnl|cpbgf|cpbgf_800506-RA,cpbgf_800506
rna-gnl|cpbgf|cpbgf_800510-RA,cpbgf_800510
rna-gnl|cpbgf|cpbgf_800520-RA,cpbgf_800520
rna-gnl|cpbgf|cpbgf_800523-RA,cpbgf_800523
rna-gnl|cpbgf|cpbgf_800530-RA,cpbgf_800530
rna-gnl|cpbgf|cpbgf_800540-RA,cpbgf_800540
rna-cpbgf_800545,cpbgf_800545
rna-gnl|cpbgf|cpbgf_800550-RA,cpbgf_800550
rna-cpbgf_800555,cpbgf_800555
rna-gnl|cpbgf|cpbgf_800560-RA,cpbgf_800560
rna-gnl|cpbgf|cpbgf_800570-RA,cpbgf_800570
rna-gnl|cpbgf|cpbgf_800580-RA,cpbgf_800580
rna-gnl|cpbgf|cpbgf_800590-RA,cpbgf_800590
rna-gnl|cpbgf|cpbgf_800600-RA,cpbgf_800600
rna-gnl|cpbgf|cpbgf_800610-RA,cpbgf_800610
rna-gnl|cpbgf|cpbgf_800620-RA,cpbgf_800620
rna-gnl|cpbgf|cpbgf_800630-RA,cpbgf_800630
rna-cpbgf_800635,cpbgf_800635
rna-gnl|cpbgf|cpbgf_800640-RA,cpbgf_800640
rna-cpbgf_800645,cpbgf_800645
rna-gnl|cpbgf|cpbgf_800650-RA,cpbgf_800650
rna-gnl|cpbgf|cpbgf_800660-RA,cpbgf_800660
rna-gnl|cpbgf|cpbgf_800670-RA,cpbgf_800670
rna-gnl|cpbgf|cpbgf_800680-RA,cpbgf_800680
rna-gnl|cpbgf|cpbgf_800690-RA,cpbgf_800690
rna-gnl|cpbgf|cpbgf_800695-RA,cpbgf_800695
rna-gnl|cpbgf|cpbgf_800700-RA,cpbgf_800700
rna-gnl|cpbgf|cpbgf_800710-RA,cpbgf_800710
rna-gnl|cpbgf|cpbgf_800720-RA,cpbgf_800720
rna-gnl|cpbgf|cpbgf_800730-RA,cpbgf_800730
rna-gnl|cpbgf|cpbgf_800740-RA,cpbgf_800740
rna-gnl|cpbgf|cpbgf_800750-RA,cpbgf_800750
rna-gnl|cpbgf|cpbgf_800760-RA,cpbgf_800760
rna-gnl|cpbgf|cpbgf_800770-RA,cpbgf_800770
rna-gnl|cpbgf|cpbgf_800780-RA,cpbgf_800780
rna-gnl|cpbgf|cpbgf_800790-RA,cpbgf_800790
rna-gnl|cpbgf|cpbgf_800800-RA,cpbgf_800800
rna-cpbgf_800805,cpbgf_800805
rna-gnl|cpbgf|cpbgf_800810-RA,cpbgf_800810
rna-cpbgf_800815,cpbgf_800815
rna-gnl|cpbgf|cpbgf_800820-RA,cpbgf_800820
rna-gnl|cpbgf|cpbgf_800830-RA,cpbgf_800830
rna-gnl|cpbgf|cpbgf_800840-RA,cpbgf_800840
rna-gnl|cpbgf|cpbgf_800850-RA,cpbgf_800850
rna-cpbgf_800855,cpbgf_800855
rna-gnl|cpbgf|cpbgf_800860-RA,cpbgf_800860
rna-gnl|cpbgf|cpbgf_800870-RA,cpbgf_800870
rna-gnl|cpbgf|cpbgf_800880-RA,cpbgf_800880
rna-gnl|cpbgf|cpbgf_800890-RA,cpbgf_800890
rna-cpbgf_800895,cpbgf_800895
rna-gnl|cpbgf|cpbgf_800900-RA,cpbgf_800900
rna-gnl|cpbgf|cpbgf_800910-RA,cpbgf_800910
rna-gnl|cpbgf|cpbgf_800920-RA,cpbgf_800920
rna-gnl|cpbgf|cpbgf_800930-RA,cpbgf_800930
rna-gnl|cpbgf|cpbgf_800940-RA,cpbgf_800940
rna-gnl|cpbgf|cpbgf_800950-RA,cpbgf_800950
rna-gnl|cpbgf|cpbgf_800960-RA,cpbgf_800960
rna-gnl|cpbgf|cpbgf_800970-RA,cpbgf_800970
rna-gnl|cpbgf|cpbgf_800980-RA,cpbgf_800980
rna-gnl|cpbgf|cpbgf_800990-RA,cpbgf_800990
rna-gnl|cpbgf|cpbgf_8001020-RA,cpbgf_8001020
rna-gnl|cpbgf|cpbgf_8001010-RA,cpbgf_8001010
rna-gnl|cpbgf|cpbgf_8001030-RA,cpbgf_8001030
rna-gnl|cpbgf|cpbgf_8001040-RA,cpbgf_8001040
rna-gnl|cpbgf|cpbgf_8001050-RA,cpbgf_8001050
rna-gnl|cpbgf|cpbgf_8001060-RA,cpbgf_8001060
rna-gnl|cpbgf|cpbgf_8001070-RA,cpbgf_8001070
rna-gnl|cpbgf|cpbgf_8001080-RA,cpbgf_8001080
rna-gnl|cpbgf|cpbgf_8001090-RA,cpbgf_8001090
rna-gnl|cpbgf|cpbgf_8001100-RA,cpbgf_8001100
rna-gnl|cpbgf|cpbgf_8001110-RA,cpbgf_8001110
rna-gnl|cpbgf|cpbgf_8001113-RA,cpbgf_8001113
rna-gnl|cpbgf|cpbgf_8001120-RA,cpbgf_8001120
rna-gnl|cpbgf|cpbgf_8001133-RA,cpbgf_8001133
rna-gnl|cpbgf|cpbgf_8001143-RA,cpbgf_8001143
rna-cpbgf_8001145,cpbgf_8001145
rna-gnl|cpbgf|cpbgf_8001150-RA,cpbgf_8001150
rna-gnl|cpbgf|cpbgf_8001160-RA,cpbgf_8001160
rna-cpbgf_8001163,cpbgf_8001163
rna-cpbgf_8001165,cpbgf_8001165
rna-gnl|cpbgf|cpbgf_8001170-RA,cpbgf_8001170
rna-cpbgf_8001175,cpbgf_8001175
rna-gnl|cpbgf|cpbgf_8001180-RA,cpbgf_8001180
rna-gnl|cpbgf|cpbgf_8001190-RA,cpbgf_8001190
rna-gnl|cpbgf|cpbgf_8001200-RA,cpbgf_8001200
rna-gnl|cpbgf|cpbgf_8001203-RA,cpbgf_8001203
rna-gnl|cpbgf|cpbgf_8001210-RA,cpbgf_8001210
rna-gnl|cpbgf|cpbgf_8001220-RA,cpbgf_8001220
rna-cpbgf_8001225,cpbgf_8001225
rna-gnl|cpbgf|cpbgf_8001230-RA,cpbgf_8001230
rna-gnl|cpbgf|cpbgf_8001240-RA,cpbgf_8001240
rna-gnl|cpbgf|cpbgf_8001250-RA,cpbgf_8001250
rna-gnl|cpbgf|cpbgf_8001260-RA,cpbgf_8001260
rna-gnl|cpbgf|cpbgf_8001270-RA,cpbgf_8001270
rna-gnl|cpbgf|cpbgf_8001280-RA,cpbgf_8001280
rna-gnl|cpbgf|cpbgf_8001290-RA,cpbgf_8001290
rna-gnl|cpbgf|cpbgf_8001300-RA,cpbgf_8001300
rna-gnl|cpbgf|cpbgf_8001310-RA,cpbgf_8001310
rna-gnl|cpbgf|cpbgf_8001320-RA,cpbgf_8001320
rna-gnl|cpbgf|cpbgf_8001330-RA,cpbgf_8001330
rna-gnl|cpbgf|cpbgf_8001340-RA,cpbgf_8001340
rna-gnl|cpbgf|cpbgf_8001350-RA,cpbgf_8001350
rna-gnl|cpbgf|cpbgf_8001360-RA,cpbgf_8001360
rna-gnl|cpbgf|cpbgf_8001370-RA,cpbgf_8001370
rna-cpbgf_8001375,cpbgf_8001375
rna-gnl|cpbgf|cpbgf_8001380-RA,cpbgf_8001380
rna-gnl|cpbgf|cpbgf_8001390-RA,cpbgf_8001390
rna-gnl|cpbgf|cpbgf_8001400-RA,cpbgf_8001400
rna-cpbgf_8001405,cpbgf_8001405
rna-gnl|cpbgf|cpbgf_8001410-RA,cpbgf_8001410
rna-gnl|cpbgf|cpbgf_8001420-RA,cpbgf_8001420
rna-gnl|cpbgf|cpbgf_8001430-RA,cpbgf_8001430
rna-cpbgf_8001431,cpbgf_8001431
rna-gnl|cpbgf|cpbgf_8001433-RA,cpbgf_8001433
rna-gnl|cpbgf|cpbgf_8001440-RA,cpbgf_8001440
rna-gnl|cpbgf|cpbgf_8001450-RA,cpbgf_8001450
rna-cpbgf_8001455,cpbgf_8001455
rna-gnl|cpbgf|cpbgf_8001460-RA,cpbgf_8001460
rna-gnl|cpbgf|cpbgf_8001470-RA,cpbgf_8001470
rna-gnl|cpbgf|cpbgf_8001480-RA,cpbgf_8001480
rna-cpbgf_8001485,cpbgf_8001485
rna-gnl|cpbgf|cpbgf_8001490-RC,cpbgf_8001490
rna-cpbgf_8001495,cpbgf_8001495
rna-gnl|cpbgf|cpbgf_8001500-RA,cpbgf_8001500
rna-gnl|cpbgf|cpbgf_8001510-RA,cpbgf_8001510
rna-gnl|cpbgf|cpbgf_8001520-RA,cpbgf_8001520
rna-gnl|cpbgf|cpbgf_8001530-RA,cpbgf_8001530
rna-gnl|cpbgf|cpbgf_8001540-RA,cpbgf_8001540
rna-gnl|cpbgf|cpbgf_8001550-RA,cpbgf_8001550
rna-gnl|cpbgf|cpbgf_8001560-RA,cpbgf_8001560
rna-gnl|cpbgf|cpbgf_8001570-RA,cpbgf_8001570
rna-cpbgf_8001573,cpbgf_8001573
rna-cpbgf_8001575,cpbgf_8001575
rna-gnl|cpbgf|cpbgf_8001580-RA,cpbgf_8001580
rna-gnl|cpbgf|cpbgf_8001581-RA,cpbgf_8001581
rna-gnl|cpbgf|cpbgf_8001590-RA,cpbgf_8001590
rna-gnl|cpbgf|cpbgf_8001583-RA,cpbgf_8001583
rna-gnl|cpbgf|cpbgf_8001600-RA,cpbgf_8001600
rna-gnl|cpbgf|cpbgf_8001610-RA,cpbgf_8001610
rna-cpbgf_8001613,cpbgf_8001613
rna-cpbgf_8001615,cpbgf_8001615
rna-gnl|cpbgf|cpbgf_8001620-RA,cpbgf_8001620
rna-gnl|cpbgf|cpbgf_8001630-RA,cpbgf_8001630
rna-gnl|cpbgf|cpbgf_8001640-RA,cpbgf_8001640
rna-gnl|cpbgf|cpbgf_8001650-RA,cpbgf_8001650
rna-gnl|cpbgf|cpbgf_8001660-RA,cpbgf_8001660
rna-gnl|cpbgf|cpbgf_8001670-RA,cpbgf_8001670
rna-gnl|cpbgf|cpbgf_8001680-RA,cpbgf_8001680
rna-cpbgf_8001685,cpbgf_8001685
rna-gnl|cpbgf|cpbgf_8001690-RA,cpbgf_8001690
rna-gnl|cpbgf|cpbgf_8001700-RA,cpbgf_8001700
rna-gnl|cpbgf|cpbgf_8001710-RA,cpbgf_8001710
rna-cpbgf_8001715,cpbgf_8001715
rna-gnl|cpbgf|cpbgf_8001720-RA,cpbgf_8001720
rna-gnl|cpbgf|cpbgf_8001730-RA,cpbgf_8001730
rna-gnl|cpbgf|cpbgf_8001740-RA,cpbgf_8001740
rna-cpbgf_8001745,cpbgf_8001745
rna-gnl|cpbgf|cpbgf_8001750-RA,cpbgf_8001750
rna-gnl|cpbgf|cpbgf_8001760-RA,cpbgf_8001760
rna-gnl|cpbgf|cpbgf_8001763-RA,cpbgf_8001763
rna-gnl|cpbgf|cpbgf_8001770-RA,cpbgf_8001770
rna-cpbgf_8001773,cpbgf_8001773
rna-cpbgf_8001775,cpbgf_8001775
rna-gnl|cpbgf|cpbgf_8001780-RA,cpbgf_8001780
rna-gnl|cpbgf|cpbgf_8001790-RA,cpbgf_8001790
rna-gnl|cpbgf|cpbgf_8001800-RA,cpbgf_8001800
rna-gnl|cpbgf|cpbgf_8001810-RA,cpbgf_8001810
rna-cpbgf_8001815,cpbgf_8001815
rna-gnl|cpbgf|cpbgf_8001820-RA,cpbgf_8001820
rna-cpbgf_8001825,cpbgf_8001825
rna-gnl|cpbgf|cpbgf_8001830-RA,cpbgf_8001830
rna-gnl|cpbgf|cpbgf_8001840-RA,cpbgf_8001840
rna-cpbgf_8001845,cpbgf_8001845
rna-gnl|cpbgf|cpbgf_8001850-RA,cpbgf_8001850
rna-gnl|cpbgf|cpbgf_8001860-RA,cpbgf_8001860
rna-gnl|cpbgf|cpbgf_8001870-RA,cpbgf_8001870
rna-gnl|cpbgf|cpbgf_8001880-RA,cpbgf_8001880
rna-gnl|cpbgf|cpbgf_8001890-RA,cpbgf_8001890
rna-gnl|cpbgf|cpbgf_8001900-RA,cpbgf_8001900
rna-gnl|cpbgf|cpbgf_8001906-RA,cpbgf_8001906
rna-gnl|cpbgf|cpbgf_8001910-RA,cpbgf_8001910
rna-gnl|cpbgf|cpbgf_8001920-RA,cpbgf_8001920
rna-cpbgf_8001925,cpbgf_8001925
rna-gnl|cpbgf|cpbgf_8001930-RA,cpbgf_8001930
rna-gnl|cpbgf|cpbgf_8001940-RA,cpbgf_8001940
rna-gnl|cpbgf|cpbgf_8001950-RA,cpbgf_8001950
rna-gnl|cpbgf|cpbgf_8001960-RA,cpbgf_8001960
rna-gnl|cpbgf|cpbgf_8001970-RA,cpbgf_8001970
rna-gnl|cpbgf|cpbgf_8001980-RA,cpbgf_8001980
rna-gnl|cpbgf|cpbgf_8001990-RA,cpbgf_8001990
rna-gnl|cpbgf|cpbgf_8002000-RA,cpbgf_8002000
rna-cpbgf_8002005,cpbgf_8002005
rna-gnl|cpbgf|cpbgf_8002010-RA,cpbgf_8002010
rna-gnl|cpbgf|cpbgf_8002020-RA,cpbgf_8002020
rna-gnl|cpbgf|cpbgf_8002030-RA,cpbgf_8002030
rna-gnl|cpbgf|cpbgf_8002040-RA,cpbgf_8002040
rna-gnl|cpbgf|cpbgf_8002050-RA,cpbgf_8002050
rna-gnl|cpbgf|cpbgf_8002060-RA,cpbgf_8002060
rna-gnl|cpbgf|cpbgf_8002070-RA,cpbgf_8002070
rna-gnl|cpbgf|cpbgf_8002080-RA,cpbgf_8002080
rna-cpbgf_8002085,cpbgf_8002085
rna-gnl|cpbgf|cpbgf_8002090-RA,cpbgf_8002090
rna-gnl|cpbgf|cpbgf_8002100-RA,cpbgf_8002100
rna-gnl|cpbgf|cpbgf_8002110-RA,cpbgf_8002110
rna-gnl|cpbgf|cpbgf_8002120-RA,cpbgf_8002120
rna-gnl|cpbgf|cpbgf_8002130-RA,cpbgf_8002130
rna-gnl|cpbgf|cpbgf_8002140-RA,cpbgf_8002140
rna-gnl|cpbgf|cpbgf_8002146-RA,cpbgf_8002146
rna-gnl|cpbgf|cpbgf_8002150-RA,cpbgf_8002150
rna-gnl|cpbgf|cpbgf_8002160-RA,cpbgf_8002160
rna-gnl|cpbgf|cpbgf_8002170-RA,cpbgf_8002170
rna-gnl|cpbgf|cpbgf_8002180-RA,cpbgf_8002180
rna-gnl|cpbgf|cpbgf_8002190-RA,cpbgf_8002190
rna-gnl|cpbgf|cpbgf_8002200-RA,cpbgf_8002200
rna-gnl|cpbgf|cpbgf_8002210-RA,cpbgf_8002210
rna-gnl|cpbgf|cpbgf_8002220-RA,cpbgf_8002220
rna-cpbgf_8002225,cpbgf_8002225
rna-gnl|cpbgf|cpbgf_8002240-RA,cpbgf_8002240
rna-gnl|cpbgf|cpbgf_8002250-RA,cpbgf_8002250
rna-gnl|cpbgf|cpbgf_8002260-RA,cpbgf_8002260
rna-cpbgf_8002265,cpbgf_8002265
rna-gnl|cpbgf|cpbgf_8002270-RA,cpbgf_8002270
rna-gnl|cpbgf|cpbgf_8002280-RA,cpbgf_8002280
rna-gnl|cpbgf|cpbgf_8002290-RA,cpbgf_8002290
rna-gnl|cpbgf|cpbgf_8002300-RA,cpbgf_8002300
rna-cpbgf_8002305,cpbgf_8002305
rna-gnl|cpbgf|cpbgf_8002310-RA,cpbgf_8002310
rna-gnl|cpbgf|cpbgf_8002320-RA,cpbgf_8002320
rna-cpbgf_8002325,cpbgf_8002325
rna-gnl|cpbgf|cpbgf_8002330-RA,cpbgf_8002330
rna-cpbgf_8002335,cpbgf_8002335
rna-gnl|cpbgf|cpbgf_8002340-RA,cpbgf_8002340
rna-gnl|cpbgf|cpbgf_8002350-RA,cpbgf_8002350
rna-cpbgf_8002355,cpbgf_8002355
rna-gnl|cpbgf|cpbgf_8002360-RA,cpbgf_8002360
rna-gnl|cpbgf|cpbgf_8002370-RA,cpbgf_8002370
rna-gnl|cpbgf|cpbgf_8002380-RA,cpbgf_8002380
rna-gnl|cpbgf|cpbgf_8002390-RA,cpbgf_8002390
rna-gnl|cpbgf|cpbgf_8002400-RA,cpbgf_8002400
rna-gnl|cpbgf|cpbgf_8002410-RA,cpbgf_8002410
rna-gnl|cpbgf|cpbgf_8002420-RA,cpbgf_8002420
rna-gnl|cpbgf|cpbgf_8002430-RA,cpbgf_8002430
rna-gnl|cpbgf|cpbgf_8002440-RA,cpbgf_8002440
rna-cpbgf_8002445,cpbgf_8002445
rna-gnl|cpbgf|cpbgf_8002450-RA,cpbgf_8002450
rna-gnl|cpbgf|cpbgf_8002460-RA,cpbgf_8002460
rna-gnl|cpbgf|cpbgf_8002470-RA,cpbgf_8002470
rna-gnl|cpbgf|cpbgf_8002472-RA,cpbgf_8002472
rna-cpbgf_8002475,cpbgf_8002475
rna-gnl|cpbgf|cpbgf_8002480-RA,cpbgf_8002480
rna-gnl|cpbgf|cpbgf_8002490-RA,cpbgf_8002490
rna-gnl|cpbgf|cpbgf_8002500-RA,cpbgf_8002500
rna-gnl|cpbgf|cpbgf_8002510-RA,cpbgf_8002510
rna-gnl|cpbgf|cpbgf_8002520-RA,cpbgf_8002520
rna-gnl|cpbgf|cpbgf_8002530-RA,cpbgf_8002530
rna-gnl|cpbgf|cpbgf_8002540-RA,cpbgf_8002540
rna-gnl|cpbgf|cpbgf_8002550-RA,cpbgf_8002550
rna-gnl|cpbgf|cpbgf_8002553-RA,cpbgf_8002553
rna-gnl|cpbgf|cpbgf_8002560-RA,cpbgf_8002560
rna-gnl|cpbgf|cpbgf_8002570-RA,cpbgf_8002570
rna-gnl|cpbgf|cpbgf_8002580-RA,cpbgf_8002580
rna-gnl|cpbgf|cpbgf_8002590-RA,cpbgf_8002590
rna-gnl|cpbgf|cpbgf_8002600-RA,cpbgf_8002600
rna-gnl|cpbgf|cpbgf_8002610-RA,cpbgf_8002610
rna-gnl|cpbgf|cpbgf_8002620-RA,cpbgf_8002620
rna-gnl|cpbgf|cpbgf_8002630-RA,cpbgf_8002630
rna-gnl|cpbgf|cpbgf_8002640-RA,cpbgf_8002640
rna-gnl|cpbgf|cpbgf_8002650-RA,cpbgf_8002650
rna-gnl|cpbgf|cpbgf_8002660-RA,cpbgf_8002660
rna-gnl|cpbgf|cpbgf_8002670-RA,cpbgf_8002670
rna-gnl|cpbgf|cpbgf_8002680-RA,cpbgf_8002680
rna-gnl|cpbgf|cpbgf_8002690-RA,cpbgf_8002690
rna-gnl|cpbgf|cpbgf_8002700-RA,cpbgf_8002700
rna-gnl|cpbgf|cpbgf_8002710-RA,cpbgf_8002710
rna-gnl|cpbgf|cpbgf_8002720-RA,cpbgf_8002720
rna-gnl|cpbgf|cpbgf_8002730-RA,cpbgf_8002730
rna-gnl|cpbgf|cpbgf_8002740-RA,cpbgf_8002740
rna-gnl|cpbgf|cpbgf_8002750-RA,cpbgf_8002750
rna-gnl|cpbgf|cpbgf_8002760-RA,cpbgf_8002760
rna-cpbgf_8002761,cpbgf_8002761
rna-gnl|cpbgf|cpbgf_8002763-RA,cpbgf_8002763
rna-gnl|cpbgf|cpbgf_8002770-RA,cpbgf_8002770
rna-cpbgf_8002775,cpbgf_8002775
rna-gnl|cpbgf|cpbgf_8002780-RA,cpbgf_8002780
rna-gnl|cpbgf|cpbgf_8002790-RA,cpbgf_8002790
rna-cpbgf_8002795,cpbgf_8002795
rna-gnl|cpbgf|cpbgf_8002800-RA,cpbgf_8002800
rna-gnl|cpbgf|cpbgf_8002810-RA,cpbgf_8002810
rna-gnl|cpbgf|cpbgf_8002820-RA,cpbgf_8002820
rna-gnl|cpbgf|cpbgf_8002830-RA,cpbgf_8002830
rna-gnl|cpbgf|cpbgf_8002840-RA,cpbgf_8002840
rna-gnl|cpbgf|cpbgf_8002850-RA,cpbgf_8002850
rna-cpbgf_8002851,cpbgf_8002851
rna-gnl|cpbgf|cpbgf_8002853-RA,cpbgf_8002853
rna-gnl|cpbgf|cpbgf_8002860-RA,cpbgf_8002860
rna-gnl|cpbgf|cpbgf_8002870-RA,cpbgf_8002870
rna-gnl|cpbgf|cpbgf_8002880-RA,cpbgf_8002880
rna-gnl|cpbgf|cpbgf_8002890-RA,cpbgf_8002890
rna-gnl|cpbgf|cpbgf_8002900-RA,cpbgf_8002900
rna-gnl|cpbgf|cpbgf_8002910-RA,cpbgf_8002910
rna-gnl|cpbgf|cpbgf_8002920-RA,cpbgf_8002920
rna-gnl|cpbgf|cpbgf_8002930-RA,cpbgf_8002930
rna-gnl|cpbgf|cpbgf_8002940-RA,cpbgf_8002940
rna-cpbgf_8002945,cpbgf_8002945
rna-gnl|cpbgf|cpbgf_8002950-RA,cpbgf_8002950
rna-gnl|cpbgf|cpbgf_8002960-RA,cpbgf_8002960
rna-gnl|cpbgf|cpbgf_8002970-RA,cpbgf_8002970
rna-gnl|cpbgf|cpbgf_8002980-RA,cpbgf_8002980
rna-gnl|cpbgf|cpbgf_8002990-RA,cpbgf_8002990
rna-gnl|cpbgf|cpbgf_8003000-RA,cpbgf_8003000
rna-cpbgf_8003005,cpbgf_8003005
rna-gnl|cpbgf|cpbgf_8003010-RA,cpbgf_8003010
rna-gnl|cpbgf|cpbgf_8003020-RA,cpbgf_8003020
rna-gnl|cpbgf|cpbgf_8003030-RA,cpbgf_8003030
rna-cpbgf_8003035,cpbgf_8003035
rna-gnl|cpbgf|cpbgf_8003040-RA,cpbgf_8003040
rna-gnl|cpbgf|cpbgf_8003050-RA,cpbgf_8003050
rna-gnl|cpbgf|cpbgf_8003056-RA,cpbgf_8003056
rna-gnl|cpbgf|cpbgf_8003060-RA,cpbgf_8003060
rna-gnl|cpbgf|cpbgf_8003070-RA,cpbgf_8003070
rna-cpbgf_8003075,cpbgf_8003075
rna-gnl|cpbgf|cpbgf_8003080-RA,cpbgf_8003080
rna-cpbgf_8003083,cpbgf_8003083
rna-cpbgf_8003085,cpbgf_8003085
rna-gnl|cpbgf|cpbgf_8003090-RA,cpbgf_8003090
rna-gnl|cpbgf|cpbgf_8003100-RA,cpbgf_8003100
rna-cpbgf_8003105,cpbgf_8003105
rna-gnl|cpbgf|cpbgf_8003110-RA,cpbgf_8003110
rna-gnl|cpbgf|cpbgf_8003120-RA,cpbgf_8003120
rna-gnl|cpbgf|cpbgf_8003130-RA,cpbgf_8003130
rna-gnl|cpbgf|cpbgf_8003133-RA,cpbgf_8003133
rna-gnl|cpbgf|cpbgf_8003140-RA,cpbgf_8003140
rna-gnl|cpbgf|cpbgf_8003150-RA,cpbgf_8003150
rna-gnl|cpbgf|cpbgf_8003160-RA,cpbgf_8003160
rna-gnl|cpbgf|cpbgf_8003170-RA,cpbgf_8003170
rna-gnl|cpbgf|cpbgf_8003173-RA,cpbgf_8003173
rna-gnl|cpbgf|cpbgf_8003180-RA,cpbgf_8003180
rna-gnl|cpbgf|cpbgf_8003190-RA,cpbgf_8003190
rna-gnl|cpbgf|cpbgf_8003200-RA,cpbgf_8003200
rna-gnl|cpbgf|cpbgf_8003210-RA,cpbgf_8003210
rna-gnl|cpbgf|cpbgf_8003220-RA,cpbgf_8003220
rna-gnl|cpbgf|cpbgf_8003230-RA,cpbgf_8003230
rna-cpbgf_8003233,cpbgf_8003233
rna-cpbgf_8003235,cpbgf_8003235
rna-gnl|cpbgf|cpbgf_8003240-RA,cpbgf_8003240
rna-gnl|cpbgf|cpbgf_8003260-RA,cpbgf_8003260
rna-gnl|cpbgf|cpbgf_8003263-RA,cpbgf_8003263
rna-gnl|cpbgf|cpbgf_8003270-RA,cpbgf_8003270
rna-gnl|cpbgf|cpbgf_8003272-RA,cpbgf_8003272
rna-gnl|cpbgf|cpbgf_8003273-RA,cpbgf_8003273
rna-gnl|cpbgf|cpbgf_8003280-RA,cpbgf_8003280
rna-cpbgf_8003285,cpbgf_8003285
rna-gnl|cpbgf|cpbgf_8003290-RA,cpbgf_8003290
rna-gnl|cpbgf|cpbgf_8003300-RA,cpbgf_8003300
rna-gnl|cpbgf|cpbgf_8003310-RA,cpbgf_8003310
rna-gnl|cpbgf|cpbgf_8003320-RA,cpbgf_8003320
rna-gnl|cpbgf|cpbgf_8003330-RA,cpbgf_8003330
rna-gnl|cpbgf|cpbgf_8003340-RA,cpbgf_8003340
rna-gnl|cpbgf|cpbgf_8003350-RA,cpbgf_8003350
rna-gnl|cpbgf|cpbgf_8003360-RA,cpbgf_8003360
rna-gnl|cpbgf|cpbgf_8003370-RA,cpbgf_8003370
rna-gnl|cpbgf|cpbgf_8003380-RA,cpbgf_8003380
rna-gnl|cpbgf|cpbgf_8003390-RA,cpbgf_8003390
rna-gnl|cpbgf|cpbgf_8003400-RA,cpbgf_8003400
rna-cpbgf_8003405,cpbgf_8003405
rna-gnl|cpbgf|cpbgf_8003410-RA,cpbgf_8003410
rna-gnl|cpbgf|cpbgf_8003413-RA,cpbgf_8003413
rna-gnl|cpbgf|cpbgf_8003420-RA,cpbgf_8003420
rna-gnl|cpbgf|cpbgf_8003430-RA,cpbgf_8003430
rna-gnl|cpbgf|cpbgf_8003440-RA,cpbgf_8003440
rna-cpbgf_8003445,cpbgf_8003445
rna-gnl|cpbgf|cpbgf_8003450-RA,cpbgf_8003450
rna-gnl|cpbgf|cpbgf_8003460-RA,cpbgf_8003460
rna-gnl|cpbgf|cpbgf_8003470-RA,cpbgf_8003470
rna-gnl|cpbgf|cpbgf_8003480-RA,cpbgf_8003480
rna-gnl|cpbgf|cpbgf_8003490-RA,cpbgf_8003490
rna-gnl|cpbgf|cpbgf_8003500-RA,cpbgf_8003500
rna-gnl|cpbgf|cpbgf_8003510-RA,cpbgf_8003510
rna-cpbgf_8003515,cpbgf_8003515
rna-gnl|cpbgf|cpbgf_8003520-RA,cpbgf_8003520
rna-cpbgf_8003523,cpbgf_8003523
rna-cpbgf_8003525,cpbgf_8003525
rna-gnl|cpbgf|cpbgf_8003530-RA,cpbgf_8003530
rna-gnl|cpbgf|cpbgf_8003540-RA,cpbgf_8003540
rna-cpbgf_8003543,cpbgf_8003543
rna-cpbgf_8003545,cpbgf_8003545
rna-gnl|cpbgf|cpbgf_8003550-RA,cpbgf_8003550
rna-gnl|cpbgf|cpbgf_8003560-RA,cpbgf_8003560
rna-gnl|cpbgf|cpbgf_8003570-RA,cpbgf_8003570
rna-gnl|cpbgf|cpbgf_8003580-RA,cpbgf_8003580
rna-gnl|cpbgf|cpbgf_8003590-RA,cpbgf_8003590
rna-cpbgf_8003593,cpbgf_8003593
rna-cpbgf_8003595,cpbgf_8003595
rna-gnl|cpbgf|cpbgf_8003600-RA,cpbgf_8003600
rna-gnl|cpbgf|cpbgf_8003610-RA,cpbgf_8003610
rna-gnl|cpbgf|cpbgf_8003620-RA,cpbgf_8003620
rna-cpbgf_8003625,cpbgf_8003625
rna-gnl|cpbgf|cpbgf_8003630-RA,cpbgf_8003630
rna-gnl|cpbgf|cpbgf_8003640-RA,cpbgf_8003640
rna-gnl|cpbgf|cpbgf_8003650-RA,cpbgf_8003650
rna-gnl|cpbgf|cpbgf_8003653-RA,cpbgf_8003653
rna-gnl|cpbgf|cpbgf_8003660-RA,cpbgf_8003660
rna-gnl|cpbgf|cpbgf_8003670-RA,cpbgf_8003670
rna-gnl|cpbgf|cpbgf_8003680-RA,cpbgf_8003680
rna-gnl|cpbgf|cpbgf_8003690-RA,cpbgf_8003690
rna-gnl|cpbgf|cpbgf_8003700-RA,cpbgf_8003700
rna-gnl|cpbgf|cpbgf_8003703-RA,cpbgf_8003703
rna-gnl|cpbgf|cpbgf_8003710-RA,cpbgf_8003710
rna-gnl|cpbgf|cpbgf_8003720-RA,cpbgf_8003720
rna-gnl|cpbgf|cpbgf_8003730-RA,cpbgf_8003730
rna-cpbgf_8003735,cpbgf_8003735
rna-gnl|cpbgf|cpbgf_8003740-RA,cpbgf_8003740
rna-cpbgf_8003745,cpbgf_8003745
rna-gnl|cpbgf|cpbgf_8003750-RA,cpbgf_8003750
rna-gnl|cpbgf|cpbgf_8003760-RA,cpbgf_8003760
rna-gnl|cpbgf|cpbgf_8003770-RA,cpbgf_8003770
rna-cpbgf_8003775,cpbgf_8003775
rna-gnl|cpbgf|cpbgf_8003780-RA,cpbgf_8003780
rna-gnl|cpbgf|cpbgf_8003790-RA,cpbgf_8003790
rna-gnl|cpbgf|cpbgf_8003803-RA,cpbgf_8003803
rna-cpbgf_8003805,cpbgf_8003805
rna-gnl|cpbgf|cpbgf_8003820-RA,cpbgf_8003820
rna-cpbgf_8003825,cpbgf_8003825
rna-gnl|cpbgf|cpbgf_8003830-RA,cpbgf_8003830
rna-gnl|cpbgf|cpbgf_8003840-RA,cpbgf_8003840
rna-gnl|cpbgf|cpbgf_8003850-RA,cpbgf_8003850
rna-gnl|cpbgf|cpbgf_8003860-RA,cpbgf_8003860
rna-gnl|cpbgf|cpbgf_8003870-RA,cpbgf_8003870
rna-gnl|cpbgf|cpbgf_8003880-RA,cpbgf_8003880
rna-cpbgf_8003885,cpbgf_8003885
rna-gnl|cpbgf|cpbgf_8003890-RA,cpbgf_8003890
rna-gnl|cpbgf|cpbgf_8003900-RA,cpbgf_8003900
rna-cpbgf_8003905,cpbgf_8003905
rna-gnl|cpbgf|cpbgf_8003910-RA,cpbgf_8003910
rna-gnl|cpbgf|cpbgf_8003920-RA,cpbgf_8003920
rna-gnl|cpbgf|cpbgf_8003930-RA,cpbgf_8003930
rna-gnl|cpbgf|cpbgf_8003940-RA,cpbgf_8003940
rna-gnl|cpbgf|cpbgf_8003950-RA,cpbgf_8003950
rna-gnl|cpbgf|cpbgf_8003960-RA,cpbgf_8003960
rna-cpbgf_8003965,cpbgf_8003965
rna-gnl|cpbgf|cpbgf_8003970-RA,cpbgf_8003970
rna-gnl|cpbgf|cpbgf_8003990-RA,cpbgf_8003990
rna-gnl|cpbgf|cpbgf_8004000-RA,cpbgf_8004000
rna-cpbgf_8004005,cpbgf_8004005
rna-gnl|cpbgf|cpbgf_8004010-RA,cpbgf_8004010
rna-cpbgf_8004015,cpbgf_8004015
rna-gnl|cpbgf|cpbgf_8004020-RA,cpbgf_8004020
rna-gnl|cpbgf|cpbgf_8004030-RA,cpbgf_8004030
rna-gnl|cpbgf|cpbgf_8004040-RA,cpbgf_8004040
rna-gnl|cpbgf|cpbgf_8004050-RA,cpbgf_8004050
rna-gnl|cpbgf|cpbgf_8004060-RA,cpbgf_8004060
rna-gnl|cpbgf|cpbgf_8004070-RA,cpbgf_8004070
rna-gnl|cpbgf|cpbgf_8004080-RA,cpbgf_8004080
rna-gnl|cpbgf|cpbgf_8004083-RA,cpbgf_8004083
rna-gnl|cpbgf|cpbgf_8004090-RA,cpbgf_8004090
rna-cpbgf_8004095,cpbgf_8004095
rna-gnl|cpbgf|cpbgf_8004100-RA,cpbgf_8004100
rna-gnl|cpbgf|cpbgf_8004110-RA,cpbgf_8004110
rna-gnl|cpbgf|cpbgf_8004120-RA,cpbgf_8004120
rna-gnl|cpbgf|cpbgf_8004130-RA,cpbgf_8004130
rna-gnl|cpbgf|cpbgf_8004140-RA,cpbgf_8004140
rna-gnl|cpbgf|cpbgf_8004150-RA,cpbgf_8004150
rna-gnl|cpbgf|cpbgf_8004160-RA,cpbgf_8004160
rna-gnl|cpbgf|cpbgf_8004170-RA,cpbgf_8004170
rna-gnl|cpbgf|cpbgf_8004190-RA,cpbgf_8004190
rna-cpbgf_8004193,cpbgf_8004193
rna-cpbgf_8004195,cpbgf_8004195
rna-gnl|cpbgf|cpbgf_8004200-RA,cpbgf_8004200
rna-cpbgf_8004203,cpbgf_8004203
rna-cpbgf_8004205,cpbgf_8004205
rna-gnl|cpbgf|cpbgf_8004210-RA,cpbgf_8004210
rna-gnl|cpbgf|cpbgf_8004220-RA,cpbgf_8004220
rna-gnl|cpbgf|cpbgf_8004230-RA,cpbgf_8004230
rna-gnl|cpbgf|cpbgf_8004240-RA,cpbgf_8004240
rna-cpbgf_8004245,cpbgf_8004245
rna-gnl|cpbgf|cpbgf_8004253-RA,cpbgf_8004253
rna-gnl|cpbgf|cpbgf_8004260-RA,cpbgf_8004260
rna-cpbgf_8004265,cpbgf_8004265
rna-gnl|cpbgf|cpbgf_8004270-RA,cpbgf_8004270
rna-gnl|cpbgf|cpbgf_8004280-RA,cpbgf_8004280
rna-gnl|cpbgf|cpbgf_8004290-RA,cpbgf_8004290
rna-gnl|cpbgf|cpbgf_8004310-RA,cpbgf_8004310
rna-gnl|cpbgf|cpbgf_8004320-RA,cpbgf_8004320
rna-cpbgf_8004325,cpbgf_8004325
rna-gnl|cpbgf|cpbgf_8004330-RA,cpbgf_8004330
rna-gnl|cpbgf|cpbgf_8004340-RA,cpbgf_8004340
rna-gnl|cpbgf|cpbgf_8004350-RA,cpbgf_8004350
rna-gnl|cpbgf|cpbgf_8004360-RA,cpbgf_8004360
rna-gnl|cpbgf|cpbgf_8004370-RA,cpbgf_8004370
rna-cpbgf_8004375,cpbgf_8004375
rna-gnl|cpbgf|cpbgf_8004380-RA,cpbgf_8004380
rna-gnl|cpbgf|cpbgf_8004390-RA,cpbgf_8004390
rna-gnl|cpbgf|cpbgf_8004400-RA,cpbgf_8004400
rna-gnl|cpbgf|cpbgf_8004410-RA,cpbgf_8004410
rna-gnl|cpbgf|cpbgf_8004420-RA,cpbgf_8004420
rna-gnl|cpbgf|cpbgf_8004430-RA,cpbgf_8004430
rna-gnl|cpbgf|cpbgf_8004440-RA,cpbgf_8004440
rna-cpbgf_8004443,cpbgf_8004443
rna-cpbgf_8004445,cpbgf_8004445
rna-gnl|cpbgf|cpbgf_8004450-RA,cpbgf_8004450
rna-gnl|cpbgf|cpbgf_8004460-RA,cpbgf_8004460
rna-cpbgf_8004465,cpbgf_8004465
rna-gnl|cpbgf|cpbgf_8004470-RA,cpbgf_8004470
rna-cpbgf_8004475,cpbgf_8004475
rna-gnl|cpbgf|cpbgf_8004480-RA,cpbgf_8004480
rna-gnl|cpbgf|cpbgf_8004490-RA,cpbgf_8004490
rna-gnl|cpbgf|cpbgf_8004500-RA,cpbgf_8004500
rna-gnl|cpbgf|cpbgf_8004510-RA,cpbgf_8004510
rna-gnl|cpbgf|cpbgf_8004520-RA,cpbgf_8004520
rna-gnl|cpbgf|cpbgf_8004526-RA,cpbgf_8004526
rna-gnl|cpbgf|cpbgf_8004530-RA,cpbgf_8004530
rna-gnl|cpbgf|cpbgf_8004540-RA,cpbgf_8004540
rna-gnl|cpbgf|cpbgf_8004550-RA,cpbgf_8004550
rna-cpbgf_8004555,cpbgf_8004555
rna-gnl|cpbgf|cpbgf_8004560-RA,cpbgf_8004560
rna-gnl|cpbgf|cpbgf_8004570-RA,cpbgf_8004570
rna-gnl|cpbgf|cpbgf_8004580-RA,cpbgf_8004580
rna-gnl|cpbgf|cpbgf_8004590-RA,cpbgf_8004590
rna-gnl|cpbgf|cpbgf_8004600-RA,cpbgf_8004600
rna-gnl|cpbgf|cpbgf_8004610-RA,cpbgf_8004610
rna-gnl|cpbgf|cpbgf_8004620-RA,cpbgf_8004620
rna-cpbgf_8004625,cpbgf_8004625
rna-gnl|cpbgf|cpbgf_8004630-RA,cpbgf_8004630
rna-cpbgf_8004633,cpbgf_8004633
rna-cpbgf_8004635,cpbgf_8004635
rna-gnl|cpbgf|cpbgf_8004640-RA,cpbgf_8004640
rna-gnl|cpbgf|cpbgf_8004650-RA,cpbgf_8004650
rna-gnl|cpbgf|cpbgf_8004660-RA,cpbgf_8004660
rna-gnl|cpbgf|cpbgf_8004670-RA,cpbgf_8004670
rna-gnl|cpbgf|cpbgf_8004680-RA,cpbgf_8004680
rna-cpbgf_8004685,cpbgf_8004685
rna-gnl|cpbgf|cpbgf_8004690-RA,cpbgf_8004690
rna-gnl|cpbgf|cpbgf_8004700-RA,cpbgf_8004700
rna-gnl|cpbgf|cpbgf_8004710-RA,cpbgf_8004710
rna-cpbgf_8004715,cpbgf_8004715
rna-gnl|cpbgf|cpbgf_8004720-RA,cpbgf_8004720
rna-gnl|cpbgf|cpbgf_8004730-RA,cpbgf_8004730
rna-gnl|cpbgf|cpbgf_8004740-RA,cpbgf_8004740
rna-gnl|cpbgf|cpbgf_8004743-RA,cpbgf_8004743
rna-cpbgf_8004745,cpbgf_8004745
rna-gnl|cpbgf|cpbgf_8004750-RA,cpbgf_8004750
rna-gnl|cpbgf|cpbgf_8004760-RA,cpbgf_8004760
rna-gnl|cpbgf|cpbgf_8004770-RA,cpbgf_8004770
rna-gnl|cpbgf|cpbgf_8004780-RA,cpbgf_8004780
rna-cpbgf_8004781,cpbgf_8004781
rna-gnl|cpbgf|cpbgf_8004783-RA,cpbgf_8004783
rna-gnl|cpbgf|cpbgf_8004790-RA,cpbgf_8004790
rna-gnl|cpbgf|cpbgf_8004800-RA,cpbgf_8004800
rna-cpbgf_8004805,cpbgf_8004805
rna-gnl|cpbgf|cpbgf_8004810-RA,cpbgf_8004810
rna-gnl|cpbgf|cpbgf_8004820-RA,cpbgf_8004820
rna-gnl|cpbgf|cpbgf_8004826-RA,cpbgf_8004826
rna-gnl|cpbgf|cpbgf_8004830-RA,cpbgf_8004830
rna-gnl|cpbgf|cpbgf_8004840-RA,cpbgf_8004840
rna-gnl|cpbgf|cpbgf_8004850-RA,cpbgf_8004850
rna-gnl|cpbgf|cpbgf_8004860-RA,cpbgf_8004860
rna-gnl|cpbgf|cpbgf_8004870-RA,cpbgf_8004870
rna-gnl|cpbgf|cpbgf_8004880-RA,cpbgf_8004880
rna-gnl|cpbgf|cpbgf_8004890-RA,cpbgf_8004890
rna-gnl|cpbgf|cpbgf_8004900-RA,cpbgf_8004900
rna-gnl|cpbgf|cpbgf_8004910-RA,cpbgf_8004910
rna-cpbgf_8004915,cpbgf_8004915
rna-gnl|cpbgf|cpbgf_8004920-RA,cpbgf_8004920
rna-gnl|cpbgf|cpbgf_8004930-RA,cpbgf_8004930
rna-cpbgf_8004935,cpbgf_8004935
rna-gnl|cpbgf|cpbgf_8004940-RA,cpbgf_8004940
rna-gnl|cpbgf|cpbgf_8004950-RA,cpbgf_8004950
rna-gnl|cpbgf|cpbgf_8004960-RA,cpbgf_8004960
rna-cpbgf_8004963,cpbgf_8004963
rna-cpbgf_8004965,cpbgf_8004965
rna-gnl|cpbgf|cpbgf_8004970-RA,cpbgf_8004970
rna-cpbgf_8004973,cpbgf_8004973
rna-cpbgf_8004975,cpbgf_8004975
rna-gnl|cpbgf|cpbgf_8004980-RA,cpbgf_8004980
rna-gnl|cpbgf|cpbgf_8004990-RA,cpbgf_8004990
rna-gnl|cpbgf|cpbgf_8005000-RA,cpbgf_8005000
rna-gnl|cpbgf|cpbgf_8005010-RA,cpbgf_8005010
rna-gnl|cpbgf|cpbgf_8005020-RA,cpbgf_8005020
rna-gnl|cpbgf|cpbgf_8005030-RA,cpbgf_8005030
rna-gnl|cpbgf|cpbgf_8005040-RA,cpbgf_8005040
rna-gnl|cpbgf|cpbgf_8005050-RA,cpbgf_8005050
rna-gnl|cpbgf|cpbgf_8005060-RA,cpbgf_8005060
rna-gnl|cpbgf|cpbgf_8005070-RA,cpbgf_8005070
rna-gnl|cpbgf|cpbgf_8005080-RA,cpbgf_8005080
rna-gnl|cpbgf|cpbgf_8005090-RA,cpbgf_8005090
rna-gnl|cpbgf|cpbgf_8005100-RA,cpbgf_8005100
rna-gnl|cpbgf|cpbgf_8005110-RA,cpbgf_8005110
rna-gnl|cpbgf|cpbgf_8005125-RA,cpbgf_8005125
rna-cpbgf_8005127,cpbgf_8005127
rna-gnl|cpbgf|cpbgf_8005130-RA,cpbgf_8005130
rna-cpbgf_8005135,cpbgf_8005135
rna-gnl|cpbgf|cpbgf_8005140-RA,cpbgf_8005140
rna-gnl|cpbgf|cpbgf_8005150-RA,cpbgf_8005150
rna-gnl|cpbgf|cpbgf_8005160-RA,cpbgf_8005160
rna-cpbgf_8005165,cpbgf_8005165
rna-gnl|cpbgf|cpbgf_8005170-RA,cpbgf_8005170
rna-gnl|cpbgf|cpbgf_8005180-RA,cpbgf_8005180
rna-gnl|cpbgf|cpbgf_8005183-RA,cpbgf_8005183
rna-gnl|cpbgf|cpbgf_8005186-RA,cpbgf_8005186
rna-gnl|cpbgf|cpbgf_8005200-RA,cpbgf_8005200
rna-cpbgf_8005205,cpbgf_8005205
rna-gnl|cpbgf|cpbgf_8005210-RA,cpbgf_8005210
rna-gnl|cpbgf|cpbgf_8005220-RA,cpbgf_8005220
rna-gnl|cpbgf|cpbgf_8005230-RA,cpbgf_8005230
rna-gnl|cpbgf|cpbgf_8005240-RA,cpbgf_8005240
rna-gnl|cpbgf|cpbgf_8005250-RA,cpbgf_8005250
rna-gnl|cpbgf|cpbgf_8005260-RA,cpbgf_8005260
rna-cpbgf_8005265,cpbgf_8005265
rna-gnl|cpbgf|cpbgf_8005270-RA,cpbgf_8005270
rna-gnl|cpbgf|cpbgf_8005280-RA,cpbgf_8005280
rna-gnl|cpbgf|cpbgf_8005290-RA,cpbgf_8005290
rna-gnl|cpbgf|cpbgf_8005300-RA,cpbgf_8005300
rna-cpbgf_8005305,cpbgf_8005305
rna-gnl|cpbgf|cpbgf_8005310-RA,cpbgf_8005310
rna-gnl|cpbgf|cpbgf_8005320-RA,cpbgf_8005320
rna-cpbgf_8005325,cpbgf_8005325
rna-gnl|cpbgf|cpbgf_8005340-RA,cpbgf_8005340
rna-gnl|cpbgf|cpbgf_8005350-RA,cpbgf_8005350
rna-gnl|cpbgf|cpbgf_8005360-RA,cpbgf_8005360
rna-gnl|cpbgf|cpbgf_8005370-RA,cpbgf_8005370
rna-cpbgf_8005375,cpbgf_8005375
rna-gnl|cpbgf|cpbgf_8005380-RA,cpbgf_8005380
rna-gnl|cpbgf|cpbgf_8005390-RA,cpbgf_8005390
rna-gnl|cpbgf|cpbgf_8005400-RA,cpbgf_8005400
rna-gnl|cpbgf|cpbgf_8005410-RA,cpbgf_8005410
rna-gnl|cpbgf|cpbgf_8005420-RA,cpbgf_8005420
rna-cpbgf_8005435,cpbgf_8005435
rna-cpbgf_8005445,cpbgf_8005445
rna-cpbgf_8005455,cpbgf_8005455
rna-cpbgf_8005465,cpbgf_8005465
rna-cpbgf_8005475,cpbgf_8005475
rna-cpbgf_8005495,cpbgf_8005495
rna-cpbgf_8005505,cpbgf_8005505
rna-gnl|cpbgf|cpbgf_8005520-RA,cpbgf_8005520
rna-gnl|cpbgf|cpbgf_8003943-RA,cpbgf_8003943
rna-cpbgf_8003945,cpbgf_8003945
rna-gnl|cpbgf|cpbgf_8005530-RA,cpbgf_8005530
rna-cpbgf_8003963,cpbgf_8003963
rna-cpbgf_8003967,cpbgf_8003967
rna-cpbgf_8005750,cpbgf_8005750
rna-cpbgf_8005740,cpbgf_8005740
